Year,Region,School,School_Key,School Level,Measure_Code,Measure_Name,Essential,Respondent_Type,Score
2024,IN,Indiana Math and Science Academy - North,INDIANA MATH AND SCIENCE ACADEMY NORTH,1,colb,Collaborative Practices,Collaborative Teachers,Teacher,20
2024,IN,Indiana Math and Science Academy - West,INDIANA MATH AND SCIENCE ACADEMY WEST,1,colb,Collaborative Practices,Collaborative Teachers,Teacher,33
2024,MI,Michigan Math and Science Academy - Dequindre,MICHIGAN MATH AND SCIENCE ACADEMY DEQUINDRE,1,colb,Collaborative Practices,Collaborative Teachers,Teacher,21
2024,MI,Michigan Math and Science Academy - Lorraine,MICHIGAN MATH AND SCIENCE ACADEMY LORRAINE,1,colb,Collaborative Practices,Collaborative Teachers,Teacher,72
2024,MO,Gateway Science Academy - Smiley,GATEWAY SCIENCE ACADEMY SMILEY,8,colb,Collaborative Practices,Collaborative Teachers,Teacher,40
2024,MO,Gateway Science Academy - South,GATEWAY SCIENCE ACADEMY SOUTH,8,colb,Collaborative Practices,Collaborative Teachers,Teacher,13
2024,MN,Horizon Science Academy - Twin Cities,HORIZON SCIENCE ACADEMY TWIN CITIES,1,colb,Collaborative Practices,Collaborative Teachers,Teacher,16
2024,MN,Minnesota Math and Science Academy,MINNESOTA MATH AND SCIENCE ACADEMY,1,colb,Collaborative Practices,Collaborative Teachers,Teacher,1
2024,DC,Horizon Science Academy - Cincinnati,HORIZON SCIENCE ACADEMY CINCINNATI,1,colb,Collaborative Practices,Collaborative Teachers,Teacher,35
2024,NO,Horizon Science Academy - Cleveland High,HORIZON SCIENCE ACADEMY CLEVELAND HIGH,2,colb,Collaborative Practices,Collaborative Teachers,Teacher,34
2024,Unassigned,Horizon Science Academy - Cleveland Middle,HORIZON SCIENCE ACADEMY CLEVELAND MIDDLE,1,colb,Collaborative Practices,Collaborative Teachers,Teacher,54
2024,Columbus,Horizon Science Academy - Columbus Elementary,HORIZON SCIENCE ACADEMY COLUMBUS ELEMENTARY,8,colb,Collaborative Practices,Collaborative Teachers,Teacher,13
2024,Unassigned,Horizon Science Academy - Columbus High,HORIZON SCIENCE ACADEMY COLUMBUS HIGH,2,colb,Collaborative Practices,Collaborative Teachers,Teacher,40
2024,Columbus,Horizon Science Academy - Columbus Middle,HORIZON SCIENCE ACADEMY COLUMBUS MIDDLE,9,colb,Collaborative Practices,Collaborative Teachers,Teacher,36
2024,Columbus,Horizon Science Academy - Columbus Primary,HORIZON SCIENCE ACADEMY COLUMBUS PRIMARY,8,colb,Collaborative Practices,Collaborative Teachers,Teacher,33
2024,DC,Horizon Science Academy - Dayton Downtown,HORIZON SCIENCE ACADEMY DAYTON DOWNTOWN,1,colb,Collaborative Practices,Collaborative Teachers,Teacher,28
2024,DC,Horizon Science Academy - Dayton Elementary,HORIZON SCIENCE ACADEMY DAYTON ELEMENTARY,8,colb,Collaborative Practices,Collaborative Teachers,Teacher,15
2024,DC,Horizon Science Academy - Dayton High,HORIZON SCIENCE ACADEMY DAYTON HIGH,2,colb,Collaborative Practices,Collaborative Teachers,Teacher,54
2024,Unassigned,Horizon Science Academy - Denison Middle,HORIZON SCIENCE ACADEMY DENISON MIDDLE,1,colb,Collaborative Practices,Collaborative Teachers,Teacher,55
2024,Unassigned,Horizon Science Academy - Lorain,HORIZON SCIENCE ACADEMY LORAIN,1,colb,Collaborative Practices,Collaborative Teachers,Teacher,27
2024,Unassigned,Horizon Science Academy - Springfield,HORIZON SCIENCE ACADEMY SPRINGFIELD,1,colb,Collaborative Practices,Collaborative Teachers,Teacher,78
2024,Unassigned,Horizon Science Academy - Toledo,HORIZON SCIENCE ACADEMY TOLEDO,1,colb,Collaborative Practices,Collaborative Teachers,Teacher,65
2024,Unassigned,Horizon Science Academy - Youngstown,HORIZON SCIENCE ACADEMY YOUNGSTOWN,1,colb,Collaborative Practices,Collaborative Teachers,Teacher,38
2024,Unassigned,Noble Academy Cleveland,NOBLE ACADEMY CLEVELAND,1,colb,Collaborative Practices,Collaborative Teachers,Teacher,18
2024,Columbus,Noble Academy Columbus,NOBLE ACADEMY COLUMBUS,1,colb,Collaborative Practices,Collaborative Teachers,Teacher,51
2024,MO,Gateway Science Academy High - Fyler,GATEWAY SCIENCE ACADEMY HIGH FYLER,2,colb,Collaborative Practices,Collaborative Teachers,Teacher,42
2024,MO,Gateway Science Academy Middle - Fyler,GATEWAY SCIENCE ACADEMY MIDDLE FYLER,9,colb,Collaborative Practices,Collaborative Teachers,Teacher,68
2025,MO,Gateway Science Academy - Smiley,GATEWAY SCIENCE ACADEMY SMILEY,8,colb,Collaborative Practices,Collaborative Teachers,Teacher,10
2025,MO,Gateway Science Academy - South,GATEWAY SCIENCE ACADEMY SOUTH,8,colb,Collaborative Practices,Collaborative Teachers,Teacher,40
2025,MO,Gateway Science Academy High - Fyler,GATEWAY SCIENCE ACADEMY HIGH FYLER,2,colb,Collaborative Practices,Collaborative Teachers,Teacher,44
2025,MO,Gateway Science Academy Middle - Fyler,GATEWAY SCIENCE ACADEMY MIDDLE FYLER,9,colb,Collaborative Practices,Collaborative Teachers,Teacher,75
2025,DC,Horizon Science Academy - Cincinnati,HORIZON SCIENCE ACADEMY CINCINNATI,1,colb,Collaborative Practices,Collaborative Teachers,Teacher,1
2025,NO,Horizon Science Academy - Cleveland High,HORIZON SCIENCE ACADEMY CLEVELAND HIGH,2,colb,Collaborative Practices,Collaborative Teachers,Teacher,43
2025,Unassigned,Horizon Science Academy - Cleveland Middle,HORIZON SCIENCE ACADEMY CLEVELAND MIDDLE,1,colb,Collaborative Practices,Collaborative Teachers,Teacher,35
2025,Columbus,Horizon Science Academy - Columbus Elementary,HORIZON SCIENCE ACADEMY COLUMBUS ELEMENTARY,8,colb,Collaborative Practices,Collaborative Teachers,Teacher,22
2025,Unassigned,Horizon Science Academy - Columbus High,HORIZON SCIENCE ACADEMY COLUMBUS HIGH,2,colb,Collaborative Practices,Collaborative Teachers,Teacher,28
2025,Columbus,Horizon Science Academy - Columbus Middle,HORIZON SCIENCE ACADEMY COLUMBUS MIDDLE,9,colb,Collaborative Practices,Collaborative Teachers,Teacher,25
2025,Columbus,Horizon Science Academy - Columbus Primary,HORIZON SCIENCE ACADEMY COLUMBUS PRIMARY,8,colb,Collaborative Practices,Collaborative Teachers,Teacher,29
2025,DC,Horizon Science Academy - Dayton Downtown,HORIZON SCIENCE ACADEMY DAYTON DOWNTOWN,1,colb,Collaborative Practices,Collaborative Teachers,Teacher,20
2025,DC,Horizon Science Academy - Dayton Elementary,HORIZON SCIENCE ACADEMY DAYTON ELEMENTARY,8,colb,Collaborative Practices,Collaborative Teachers,Teacher,4
2025,DC,Horizon Science Academy - Dayton High,HORIZON SCIENCE ACADEMY DAYTON HIGH,2,colb,Collaborative Practices,Collaborative Teachers,Teacher,67
2025,Unassigned,Horizon Science Academy - Denison Middle,HORIZON SCIENCE ACADEMY DENISON MIDDLE,1,colb,Collaborative Practices,Collaborative Teachers,Teacher,31
2025,IA,Horizon Science Academy - Des Moines,HORIZON SCIENCE ACADEMY DES MOINES,8,colb,Collaborative Practices,Collaborative Teachers,Teacher,33
2025,Unassigned,Horizon Science Academy - Lorain,HORIZON SCIENCE ACADEMY LORAIN,1,colb,Collaborative Practices,Collaborative Teachers,Teacher,31
2025,Unassigned,Horizon Science Academy - Springfield,HORIZON SCIENCE ACADEMY SPRINGFIELD,1,colb,Collaborative Practices,Collaborative Teachers,Teacher,75
2025,Unassigned,Horizon Science Academy - Toledo,HORIZON SCIENCE ACADEMY TOLEDO,1,colb,Collaborative Practices,Collaborative Teachers,Teacher,52
2025,MN,Horizon Science Academy - Twin Cities,HORIZON SCIENCE ACADEMY TWIN CITIES,1,colb,Collaborative Practices,Collaborative Teachers,Teacher,3
2025,Unassigned,Horizon Science Academy - Youngstown,HORIZON SCIENCE ACADEMY YOUNGSTOWN,1,colb,Collaborative Practices,Collaborative Teachers,Teacher,36
2025,IN,Indiana Math and Science Academy - North,INDIANA MATH AND SCIENCE ACADEMY NORTH,1,colb,Collaborative Practices,Collaborative Teachers,Teacher,27
2025,IN,Indiana Math and Science Academy - West,INDIANA MATH AND SCIENCE ACADEMY WEST,1,colb,Collaborative Practices,Collaborative Teachers,Teacher,58
2025,MI,Michigan Math and Science Academy - Dequindre,MICHIGAN MATH AND SCIENCE ACADEMY DEQUINDRE,1,colb,Collaborative Practices,Collaborative Teachers,Teacher,31
2025,MI,Michigan Math and Science Academy - Lorraine,MICHIGAN MATH AND SCIENCE ACADEMY LORRAINE,1,colb,Collaborative Practices,Collaborative Teachers,Teacher,70
2025,MN,Minnesota Math and Science Academy,MINNESOTA MATH AND SCIENCE ACADEMY,1,colb,Collaborative Practices,Collaborative Teachers,Teacher,24
2025,Unassigned,Noble Academy Cleveland,NOBLE ACADEMY CLEVELAND,1,colb,Collaborative Practices,Collaborative Teachers,Teacher,15
2025,Columbus,Noble Academy Columbus,NOBLE ACADEMY COLUMBUS,1,colb,Collaborative Practices,Collaborative Teachers,Teacher,26
2024,IN,Indiana Math and Science Academy - North,INDIANA MATH AND SCIENCE ACADEMY NORTH,1,colr,Collective Responsibility,Collaborative Teachers,Teacher,1
2024,IN,Indiana Math and Science Academy - West,INDIANA MATH AND SCIENCE ACADEMY WEST,1,colr,Collective Responsibility,Collaborative Teachers,Teacher,27
2024,MI,Michigan Math and Science Academy - Dequindre,MICHIGAN MATH AND SCIENCE ACADEMY DEQUINDRE,1,colr,Collective Responsibility,Collaborative Teachers,Teacher,8
2024,MI,Michigan Math and Science Academy - Lorraine,MICHIGAN MATH AND SCIENCE ACADEMY LORRAINE,1,colr,Collective Responsibility,Collaborative Teachers,Teacher,11
2024,MO,Gateway Science Academy - Smiley,GATEWAY SCIENCE ACADEMY SMILEY,8,colr,Collective Responsibility,Collaborative Teachers,Teacher,11
2024,MO,Gateway Science Academy - South,GATEWAY SCIENCE ACADEMY SOUTH,8,colr,Collective Responsibility,Collaborative Teachers,Teacher,1
2024,MN,Horizon Science Academy - Twin Cities,HORIZON SCIENCE ACADEMY TWIN CITIES,1,colr,Collective Responsibility,Collaborative Teachers,Teacher,11
2024,MN,Minnesota Math and Science Academy,MINNESOTA MATH AND SCIENCE ACADEMY,1,colr,Collective Responsibility,Collaborative Teachers,Teacher,1
2024,DC,Horizon Science Academy - Cincinnati,HORIZON SCIENCE ACADEMY CINCINNATI,1,colr,Collective Responsibility,Collaborative Teachers,Teacher,27
2024,NO,Horizon Science Academy - Cleveland High,HORIZON SCIENCE ACADEMY CLEVELAND HIGH,2,colr,Collective Responsibility,Collaborative Teachers,Teacher,50
2024,Unassigned,Horizon Science Academy - Cleveland Middle,HORIZON SCIENCE ACADEMY CLEVELAND MIDDLE,1,colr,Collective Responsibility,Collaborative Teachers,Teacher,28
2024,Columbus,Horizon Science Academy - Columbus Elementary,HORIZON SCIENCE ACADEMY COLUMBUS ELEMENTARY,8,colr,Collective Responsibility,Collaborative Teachers,Teacher,1
2024,Unassigned,Horizon Science Academy - Columbus High,HORIZON SCIENCE ACADEMY COLUMBUS HIGH,2,colr,Collective Responsibility,Collaborative Teachers,Teacher,49
2024,Columbus,Horizon Science Academy - Columbus Middle,HORIZON SCIENCE ACADEMY COLUMBUS MIDDLE,9,colr,Collective Responsibility,Collaborative Teachers,Teacher,44
2024,Columbus,Horizon Science Academy - Columbus Primary,HORIZON SCIENCE ACADEMY COLUMBUS PRIMARY,8,colr,Collective Responsibility,Collaborative Teachers,Teacher,19
2024,DC,Horizon Science Academy - Dayton Downtown,HORIZON SCIENCE ACADEMY DAYTON DOWNTOWN,1,colr,Collective Responsibility,Collaborative Teachers,Teacher,1
2024,DC,Horizon Science Academy - Dayton Elementary,HORIZON SCIENCE ACADEMY DAYTON ELEMENTARY,8,colr,Collective Responsibility,Collaborative Teachers,Teacher,15
2024,DC,Horizon Science Academy - Dayton High,HORIZON SCIENCE ACADEMY DAYTON HIGH,2,colr,Collective Responsibility,Collaborative Teachers,Teacher,40
2024,Unassigned,Horizon Science Academy - Denison Middle,HORIZON SCIENCE ACADEMY DENISON MIDDLE,1,colr,Collective Responsibility,Collaborative Teachers,Teacher,34
2024,Unassigned,Horizon Science Academy - Lorain,HORIZON SCIENCE ACADEMY LORAIN,1,colr,Collective Responsibility,Collaborative Teachers,Teacher,10
2024,Unassigned,Horizon Science Academy - Springfield,HORIZON SCIENCE ACADEMY SPRINGFIELD,1,colr,Collective Responsibility,Collaborative Teachers,Teacher,33
2024,Unassigned,Horizon Science Academy - Toledo,HORIZON SCIENCE ACADEMY TOLEDO,1,colr,Collective Responsibility,Collaborative Teachers,Teacher,31
2024,Unassigned,Horizon Science Academy - Youngstown,HORIZON SCIENCE ACADEMY YOUNGSTOWN,1,colr,Collective Responsibility,Collaborative Teachers,Teacher,23
2024,Unassigned,Noble Academy Cleveland,NOBLE ACADEMY CLEVELAND,1,colr,Collective Responsibility,Collaborative Teachers,Teacher,1
2024,Columbus,Noble Academy Columbus,NOBLE ACADEMY COLUMBUS,1,colr,Collective Responsibility,Collaborative Teachers,Teacher,36
2024,MO,Gateway Science Academy High - Fyler,GATEWAY SCIENCE ACADEMY HIGH FYLER,2,colr,Collective Responsibility,Collaborative Teachers,Teacher,32
2024,MO,Gateway Science Academy Middle - Fyler,GATEWAY SCIENCE ACADEMY MIDDLE FYLER,9,colr,Collective Responsibility,Collaborative Teachers,Teacher,29
2024,IA,Horizon Science Academy - Des Moines,HORIZON SCIENCE ACADEMY DES MOINES,8,colr,Collective Responsibility,Collaborative Teachers,Teacher,2
2025,MO,Gateway Science Academy - Smiley,GATEWAY SCIENCE ACADEMY SMILEY,8,colr,Collective Responsibility,Collaborative Teachers,Teacher,22
2025,MO,Gateway Science Academy - South,GATEWAY SCIENCE ACADEMY SOUTH,8,colr,Collective Responsibility,Collaborative Teachers,Teacher,1
2025,MO,Gateway Science Academy High - Fyler,GATEWAY SCIENCE ACADEMY HIGH FYLER,2,colr,Collective Responsibility,Collaborative Teachers,Teacher,49
2025,MO,Gateway Science Academy Middle - Fyler,GATEWAY SCIENCE ACADEMY MIDDLE FYLER,9,colr,Collective Responsibility,Collaborative Teachers,Teacher,53
2025,DC,Horizon Science Academy - Cincinnati,HORIZON SCIENCE ACADEMY CINCINNATI,1,colr,Collective Responsibility,Collaborative Teachers,Teacher,1
2025,NO,Horizon Science Academy - Cleveland High,HORIZON SCIENCE ACADEMY CLEVELAND HIGH,2,colr,Collective Responsibility,Collaborative Teachers,Teacher,45
2025,Unassigned,Horizon Science Academy - Cleveland Middle,HORIZON SCIENCE ACADEMY CLEVELAND MIDDLE,1,colr,Collective Responsibility,Collaborative Teachers,Teacher,13
2025,Columbus,Horizon Science Academy - Columbus Elementary,HORIZON SCIENCE ACADEMY COLUMBUS ELEMENTARY,8,colr,Collective Responsibility,Collaborative Teachers,Teacher,1
2025,Unassigned,Horizon Science Academy - Columbus High,HORIZON SCIENCE ACADEMY COLUMBUS HIGH,2,colr,Collective Responsibility,Collaborative Teachers,Teacher,41
2025,Columbus,Horizon Science Academy - Columbus Middle,HORIZON SCIENCE ACADEMY COLUMBUS MIDDLE,9,colr,Collective Responsibility,Collaborative Teachers,Teacher,14
2025,Columbus,Horizon Science Academy - Columbus Primary,HORIZON SCIENCE ACADEMY COLUMBUS PRIMARY,8,colr,Collective Responsibility,Collaborative Teachers,Teacher,19
2025,DC,Horizon Science Academy - Dayton Downtown,HORIZON SCIENCE ACADEMY DAYTON DOWNTOWN,1,colr,Collective Responsibility,Collaborative Teachers,Teacher,1
2025,DC,Horizon Science Academy - Dayton Elementary,HORIZON SCIENCE ACADEMY DAYTON ELEMENTARY,8,colr,Collective Responsibility,Collaborative Teachers,Teacher,16
2025,DC,Horizon Science Academy - Dayton High,HORIZON SCIENCE ACADEMY DAYTON HIGH,2,colr,Collective Responsibility,Collaborative Teachers,Teacher,67
2025,Unassigned,Horizon Science Academy - Denison Middle,HORIZON SCIENCE ACADEMY DENISON MIDDLE,1,colr,Collective Responsibility,Collaborative Teachers,Teacher,23
2025,IA,Horizon Science Academy - Des Moines,HORIZON SCIENCE ACADEMY DES MOINES,8,colr,Collective Responsibility,Collaborative Teachers,Teacher,1
2025,Unassigned,Horizon Science Academy - Lorain,HORIZON SCIENCE ACADEMY LORAIN,1,colr,Collective Responsibility,Collaborative Teachers,Teacher,19
2025,Unassigned,Horizon Science Academy - Springfield,HORIZON SCIENCE ACADEMY SPRINGFIELD,1,colr,Collective Responsibility,Collaborative Teachers,Teacher,30
2025,Unassigned,Horizon Science Academy - Toledo,HORIZON SCIENCE ACADEMY TOLEDO,1,colr,Collective Responsibility,Collaborative Teachers,Teacher,20
2025,MN,Horizon Science Academy - Twin Cities,HORIZON SCIENCE ACADEMY TWIN CITIES,1,colr,Collective Responsibility,Collaborative Teachers,Teacher,16
2025,Unassigned,Horizon Science Academy - Youngstown,HORIZON SCIENCE ACADEMY YOUNGSTOWN,1,colr,Collective Responsibility,Collaborative Teachers,Teacher,17
2025,IN,Indiana Math and Science Academy - North,INDIANA MATH AND SCIENCE ACADEMY NORTH,1,colr,Collective Responsibility,Collaborative Teachers,Teacher,9
2025,IN,Indiana Math and Science Academy - West,INDIANA MATH AND SCIENCE ACADEMY WEST,1,colr,Collective Responsibility,Collaborative Teachers,Teacher,33
2025,MI,Michigan Math and Science Academy - Dequindre,MICHIGAN MATH AND SCIENCE ACADEMY DEQUINDRE,1,colr,Collective Responsibility,Collaborative Teachers,Teacher,22
2025,MI,Michigan Math and Science Academy - Lorraine,MICHIGAN MATH AND SCIENCE ACADEMY LORRAINE,1,colr,Collective Responsibility,Collaborative Teachers,Teacher,3
2025,MN,Minnesota Math and Science Academy,MINNESOTA MATH AND SCIENCE ACADEMY,1,colr,Collective Responsibility,Collaborative Teachers,Teacher,25
2025,Unassigned,Noble Academy Cleveland,NOBLE ACADEMY CLEVELAND,1,colr,Collective Responsibility,Collaborative Teachers,Teacher,26
2025,Columbus,Noble Academy Columbus,NOBLE ACADEMY COLUMBUS,1,colr,Collective Responsibility,Collaborative Teachers,Teacher,12
2024,IN,Indiana Math and Science Academy - North,INDIANA MATH AND SCIENCE ACADEMY NORTH,1,inf3,Teacher Influence,Effective Leaders,Teacher,21
2024,IN,Indiana Math and Science Academy - West,INDIANA MATH AND SCIENCE ACADEMY WEST,1,inf3,Teacher Influence,Effective Leaders,Teacher,27
2024,MI,Michigan Math and Science Academy - Dequindre,MICHIGAN MATH AND SCIENCE ACADEMY DEQUINDRE,1,inf3,Teacher Influence,Effective Leaders,Teacher,33
2024,MI,Michigan Math and Science Academy - Lorraine,MICHIGAN MATH AND SCIENCE ACADEMY LORRAINE,1,inf3,Teacher Influence,Effective Leaders,Teacher,29
2024,MO,Gateway Science Academy - Smiley,GATEWAY SCIENCE ACADEMY SMILEY,8,inf3,Teacher Influence,Effective Leaders,Teacher,44
2024,MO,Gateway Science Academy - South,GATEWAY SCIENCE ACADEMY SOUTH,8,inf3,Teacher Influence,Effective Leaders,Teacher,34
2024,MN,Horizon Science Academy - Twin Cities,HORIZON SCIENCE ACADEMY TWIN CITIES,1,inf3,Teacher Influence,Effective Leaders,Teacher,22
2024,MN,Minnesota Math and Science Academy,MINNESOTA MATH AND SCIENCE ACADEMY,1,inf3,Teacher Influence,Effective Leaders,Teacher,27
2024,DC,Horizon Science Academy - Cincinnati,HORIZON SCIENCE ACADEMY CINCINNATI,1,inf3,Teacher Influence,Effective Leaders,Teacher,31
2024,NO,Horizon Science Academy - Cleveland High,HORIZON SCIENCE ACADEMY CLEVELAND HIGH,2,inf3,Teacher Influence,Effective Leaders,Teacher,25
2024,Unassigned,Horizon Science Academy - Cleveland Middle,HORIZON SCIENCE ACADEMY CLEVELAND MIDDLE,1,inf3,Teacher Influence,Effective Leaders,Teacher,36
2024,Columbus,Horizon Science Academy - Columbus Elementary,HORIZON SCIENCE ACADEMY COLUMBUS ELEMENTARY,8,inf3,Teacher Influence,Effective Leaders,Teacher,31
2024,Unassigned,Horizon Science Academy - Columbus High,HORIZON SCIENCE ACADEMY COLUMBUS HIGH,2,inf3,Teacher Influence,Effective Leaders,Teacher,36
2024,Columbus,Horizon Science Academy - Columbus Middle,HORIZON SCIENCE ACADEMY COLUMBUS MIDDLE,9,inf3,Teacher Influence,Effective Leaders,Teacher,50
2024,Columbus,Horizon Science Academy - Columbus Primary,HORIZON SCIENCE ACADEMY COLUMBUS PRIMARY,8,inf3,Teacher Influence,Effective Leaders,Teacher,37
2024,DC,Horizon Science Academy - Dayton Downtown,HORIZON SCIENCE ACADEMY DAYTON DOWNTOWN,1,inf3,Teacher Influence,Effective Leaders,Teacher,30
2024,DC,Horizon Science Academy - Dayton Elementary,HORIZON SCIENCE ACADEMY DAYTON ELEMENTARY,8,inf3,Teacher Influence,Effective Leaders,Teacher,32
2024,DC,Horizon Science Academy - Dayton High,HORIZON SCIENCE ACADEMY DAYTON HIGH,2,inf3,Teacher Influence,Effective Leaders,Teacher,24
2024,Unassigned,Horizon Science Academy - Denison Middle,HORIZON SCIENCE ACADEMY DENISON MIDDLE,1,inf3,Teacher Influence,Effective Leaders,Teacher,28
2024,Unassigned,Horizon Science Academy - Lorain,HORIZON SCIENCE ACADEMY LORAIN,1,inf3,Teacher Influence,Effective Leaders,Teacher,19
2024,Unassigned,Horizon Science Academy - Springfield,HORIZON SCIENCE ACADEMY SPRINGFIELD,1,inf3,Teacher Influence,Effective Leaders,Teacher,22
2024,Unassigned,Horizon Science Academy - Toledo,HORIZON SCIENCE ACADEMY TOLEDO,1,inf3,Teacher Influence,Effective Leaders,Teacher,34
2024,Unassigned,Horizon Science Academy - Youngstown,HORIZON SCIENCE ACADEMY YOUNGSTOWN,1,inf3,Teacher Influence,Effective Leaders,Teacher,22
2024,Unassigned,Noble Academy Cleveland,NOBLE ACADEMY CLEVELAND,1,inf3,Teacher Influence,Effective Leaders,Teacher,17
2024,Columbus,Noble Academy Columbus,NOBLE ACADEMY COLUMBUS,1,inf3,Teacher Influence,Effective Leaders,Teacher,37
2024,MO,Gateway Science Academy High - Fyler,GATEWAY SCIENCE ACADEMY HIGH FYLER,2,inf3,Teacher Influence,Effective Leaders,Teacher,28
2024,MO,Gateway Science Academy Middle - Fyler,GATEWAY SCIENCE ACADEMY MIDDLE FYLER,9,inf3,Teacher Influence,Effective Leaders,Teacher,46
2025,MO,Gateway Science Academy - Smiley,GATEWAY SCIENCE ACADEMY SMILEY,8,inf3,Teacher Influence,Effective Leaders,Teacher,35
2025,MO,Gateway Science Academy - South,GATEWAY SCIENCE ACADEMY SOUTH,8,inf3,Teacher Influence,Effective Leaders,Teacher,42
2025,MO,Gateway Science Academy High - Fyler,GATEWAY SCIENCE ACADEMY HIGH FYLER,2,inf3,Teacher Influence,Effective Leaders,Teacher,33
2025,MO,Gateway Science Academy Middle - Fyler,GATEWAY SCIENCE ACADEMY MIDDLE FYLER,9,inf3,Teacher Influence,Effective Leaders,Teacher,54
2025,DC,Horizon Science Academy - Cincinnati,HORIZON SCIENCE ACADEMY CINCINNATI,1,inf3,Teacher Influence,Effective Leaders,Teacher,18
2025,NO,Horizon Science Academy - Cleveland High,HORIZON SCIENCE ACADEMY CLEVELAND HIGH,2,inf3,Teacher Influence,Effective Leaders,Teacher,33
2025,Unassigned,Horizon Science Academy - Cleveland Middle,HORIZON SCIENCE ACADEMY CLEVELAND MIDDLE,1,inf3,Teacher Influence,Effective Leaders,Teacher,35
2025,Columbus,Horizon Science Academy - Columbus Elementary,HORIZON SCIENCE ACADEMY COLUMBUS ELEMENTARY,8,inf3,Teacher Influence,Effective Leaders,Teacher,28
2025,Unassigned,Horizon Science Academy - Columbus High,HORIZON SCIENCE ACADEMY COLUMBUS HIGH,2,inf3,Teacher Influence,Effective Leaders,Teacher,29
2025,Columbus,Horizon Science Academy - Columbus Middle,HORIZON SCIENCE ACADEMY COLUMBUS MIDDLE,9,inf3,Teacher Influence,Effective Leaders,Teacher,50
2025,Columbus,Horizon Science Academy - Columbus Primary,HORIZON SCIENCE ACADEMY COLUMBUS PRIMARY,8,inf3,Teacher Influence,Effective Leaders,Teacher,32
2025,DC,Horizon Science Academy - Dayton Downtown,HORIZON SCIENCE ACADEMY DAYTON DOWNTOWN,1,inf3,Teacher Influence,Effective Leaders,Teacher,29
2025,DC,Horizon Science Academy - Dayton Elementary,HORIZON SCIENCE ACADEMY DAYTON ELEMENTARY,8,inf3,Teacher Influence,Effective Leaders,Teacher,38
2025,DC,Horizon Science Academy - Dayton High,HORIZON SCIENCE ACADEMY DAYTON HIGH,2,inf3,Teacher Influence,Effective Leaders,Teacher,21
2025,Unassigned,Horizon Science Academy - Denison Middle,HORIZON SCIENCE ACADEMY DENISON MIDDLE,1,inf3,Teacher Influence,Effective Leaders,Teacher,32
2025,Unassigned,Horizon Science Academy - Lorain,HORIZON SCIENCE ACADEMY LORAIN,1,inf3,Teacher Influence,Effective Leaders,Teacher,30
2025,Unassigned,Horizon Science Academy - Springfield,HORIZON SCIENCE ACADEMY SPRINGFIELD,1,inf3,Teacher Influence,Effective Leaders,Teacher,24
2025,Unassigned,Horizon Science Academy - Toledo,HORIZON SCIENCE ACADEMY TOLEDO,1,inf3,Teacher Influence,Effective Leaders,Teacher,35
2025,MN,Horizon Science Academy - Twin Cities,HORIZON SCIENCE ACADEMY TWIN CITIES,1,inf3,Teacher Influence,Effective Leaders,Teacher,18
2025,Unassigned,Horizon Science Academy - Youngstown,HORIZON SCIENCE ACADEMY YOUNGSTOWN,1,inf3,Teacher Influence,Effective Leaders,Teacher,23
2025,IN,Indiana Math and Science Academy - North,INDIANA MATH AND SCIENCE ACADEMY NORTH,1,inf3,Teacher Influence,Effective Leaders,Teacher,24
2025,IN,Indiana Math and Science Academy - West,INDIANA MATH AND SCIENCE ACADEMY WEST,1,inf3,Teacher Influence,Effective Leaders,Teacher,30
2025,MI,Michigan Math and Science Academy - Dequindre,MICHIGAN MATH AND SCIENCE ACADEMY DEQUINDRE,1,inf3,Teacher Influence,Effective Leaders,Teacher,34
2025,MI,Michigan Math and Science Academy - Lorraine,MICHIGAN MATH AND SCIENCE ACADEMY LORRAINE,1,inf3,Teacher Influence,Effective Leaders,Teacher,31
2025,MN,Minnesota Math and Science Academy,MINNESOTA MATH AND SCIENCE ACADEMY,1,inf3,Teacher Influence,Effective Leaders,Teacher,30
2025,Unassigned,Noble Academy Cleveland,NOBLE ACADEMY CLEVELAND,1,inf3,Teacher Influence,Effective Leaders,Teacher,29
2025,Columbus,Noble Academy Columbus,NOBLE ACADEMY COLUMBUS,1,inf3,Teacher Influence,Effective Leaders,Teacher,29
2024,IN,Indiana Math and Science Academy - North,INDIANA MATH AND SCIENCE ACADEMY NORTH,1,innv,Innovation,Supplemental,Teacher,1
2024,IN,Indiana Math and Science Academy - West,INDIANA MATH AND SCIENCE ACADEMY WEST,1,innv,Innovation,Supplemental,Teacher,8
2024,MI,Michigan Math and Science Academy - Dequindre,MICHIGAN MATH AND SCIENCE ACADEMY DEQUINDRE,1,innv,Innovation,Supplemental,Teacher,4
2024,MI,Michigan Math and Science Academy - Lorraine,MICHIGAN MATH AND SCIENCE ACADEMY LORRAINE,1,innv,Innovation,Supplemental,Teacher,3
2024,MO,Gateway Science Academy - Smiley,GATEWAY SCIENCE ACADEMY SMILEY,8,innv,Innovation,Supplemental,Teacher,23
2024,MO,Gateway Science Academy - South,GATEWAY SCIENCE ACADEMY SOUTH,8,innv,Innovation,Supplemental,Teacher,1
2024,MN,Horizon Science Academy - Twin Cities,HORIZON SCIENCE ACADEMY TWIN CITIES,1,innv,Innovation,Supplemental,Teacher,12
2024,MN,Minnesota Math and Science Academy,MINNESOTA MATH AND SCIENCE ACADEMY,1,innv,Innovation,Supplemental,Teacher,1
2024,DC,Horizon Science Academy - Cincinnati,HORIZON SCIENCE ACADEMY CINCINNATI,1,innv,Innovation,Supplemental,Teacher,26
2024,NO,Horizon Science Academy - Cleveland High,HORIZON SCIENCE ACADEMY CLEVELAND HIGH,2,innv,Innovation,Supplemental,Teacher,48
2024,Unassigned,Horizon Science Academy - Cleveland Middle,HORIZON SCIENCE ACADEMY CLEVELAND MIDDLE,1,innv,Innovation,Supplemental,Teacher,5
2024,Columbus,Horizon Science Academy - Columbus Elementary,HORIZON SCIENCE ACADEMY COLUMBUS ELEMENTARY,8,innv,Innovation,Supplemental,Teacher,1
2024,Unassigned,Horizon Science Academy - Columbus High,HORIZON SCIENCE ACADEMY COLUMBUS HIGH,2,innv,Innovation,Supplemental,Teacher,47
2024,Columbus,Horizon Science Academy - Columbus Middle,HORIZON SCIENCE ACADEMY COLUMBUS MIDDLE,9,innv,Innovation,Supplemental,Teacher,22
2024,Columbus,Horizon Science Academy - Columbus Primary,HORIZON SCIENCE ACADEMY COLUMBUS PRIMARY,8,innv,Innovation,Supplemental,Teacher,21
2024,DC,Horizon Science Academy - Dayton Downtown,HORIZON SCIENCE ACADEMY DAYTON DOWNTOWN,1,innv,Innovation,Supplemental,Teacher,1
2024,DC,Horizon Science Academy - Dayton Elementary,HORIZON SCIENCE ACADEMY DAYTON ELEMENTARY,8,innv,Innovation,Supplemental,Teacher,1
2024,DC,Horizon Science Academy - Dayton High,HORIZON SCIENCE ACADEMY DAYTON HIGH,2,innv,Innovation,Supplemental,Teacher,45
2024,Unassigned,Horizon Science Academy - Denison Middle,HORIZON SCIENCE ACADEMY DENISON MIDDLE,1,innv,Innovation,Supplemental,Teacher,31
2024,Unassigned,Horizon Science Academy - Lorain,HORIZON SCIENCE ACADEMY LORAIN,1,innv,Innovation,Supplemental,Teacher,1
2024,Unassigned,Horizon Science Academy - Springfield,HORIZON SCIENCE ACADEMY SPRINGFIELD,1,innv,Innovation,Supplemental,Teacher,15
2024,Unassigned,Horizon Science Academy - Toledo,HORIZON SCIENCE ACADEMY TOLEDO,1,innv,Innovation,Supplemental,Teacher,16
2024,Unassigned,Horizon Science Academy - Youngstown,HORIZON SCIENCE ACADEMY YOUNGSTOWN,1,innv,Innovation,Supplemental,Teacher,4
2024,Unassigned,Noble Academy Cleveland,NOBLE ACADEMY CLEVELAND,1,innv,Innovation,Supplemental,Teacher,1
2024,Columbus,Noble Academy Columbus,NOBLE ACADEMY COLUMBUS,1,innv,Innovation,Supplemental,Teacher,26
2024,MO,Gateway Science Academy High - Fyler,GATEWAY SCIENCE ACADEMY HIGH FYLER,2,innv,Innovation,Supplemental,Teacher,14
2024,MO,Gateway Science Academy Middle - Fyler,GATEWAY SCIENCE ACADEMY MIDDLE FYLER,9,innv,Innovation,Supplemental,Teacher,15
2025,MO,Gateway Science Academy - Smiley,GATEWAY SCIENCE ACADEMY SMILEY,8,innv,Innovation,Supplemental,Teacher,28
2025,MO,Gateway Science Academy - South,GATEWAY SCIENCE ACADEMY SOUTH,8,innv,Innovation,Supplemental,Teacher,19
2025,MO,Gateway Science Academy High - Fyler,GATEWAY SCIENCE ACADEMY HIGH FYLER,2,innv,Innovation,Supplemental,Teacher,22
2025,MO,Gateway Science Academy Middle - Fyler,GATEWAY SCIENCE ACADEMY MIDDLE FYLER,9,innv,Innovation,Supplemental,Teacher,31
2025,DC,Horizon Science Academy - Cincinnati,HORIZON SCIENCE ACADEMY CINCINNATI,1,innv,Innovation,Supplemental,Teacher,1
2025,NO,Horizon Science Academy - Cleveland High,HORIZON SCIENCE ACADEMY CLEVELAND HIGH,2,innv,Innovation,Supplemental,Teacher,39
2025,Unassigned,Horizon Science Academy - Cleveland Middle,HORIZON SCIENCE ACADEMY CLEVELAND MIDDLE,1,innv,Innovation,Supplemental,Teacher,15
2025,Columbus,Horizon Science Academy - Columbus Elementary,HORIZON SCIENCE ACADEMY COLUMBUS ELEMENTARY,8,innv,Innovation,Supplemental,Teacher,1
2025,Unassigned,Horizon Science Academy - Columbus High,HORIZON SCIENCE ACADEMY COLUMBUS HIGH,2,innv,Innovation,Supplemental,Teacher,26
2025,Columbus,Horizon Science Academy - Columbus Middle,HORIZON SCIENCE ACADEMY COLUMBUS MIDDLE,9,innv,Innovation,Supplemental,Teacher,2
2025,Columbus,Horizon Science Academy - Columbus Primary,HORIZON SCIENCE ACADEMY COLUMBUS PRIMARY,8,innv,Innovation,Supplemental,Teacher,6
2025,DC,Horizon Science Academy - Dayton Downtown,HORIZON SCIENCE ACADEMY DAYTON DOWNTOWN,1,innv,Innovation,Supplemental,Teacher,1
2025,DC,Horizon Science Academy - Dayton Elementary,HORIZON SCIENCE ACADEMY DAYTON ELEMENTARY,8,innv,Innovation,Supplemental,Teacher,5
2025,DC,Horizon Science Academy - Dayton High,HORIZON SCIENCE ACADEMY DAYTON HIGH,2,innv,Innovation,Supplemental,Teacher,58
2025,Unassigned,Horizon Science Academy - Denison Middle,HORIZON SCIENCE ACADEMY DENISON MIDDLE,1,innv,Innovation,Supplemental,Teacher,15
2025,IA,Horizon Science Academy - Des Moines,HORIZON SCIENCE ACADEMY DES MOINES,8,innv,Innovation,Supplemental,Teacher,1
2025,Unassigned,Horizon Science Academy - Lorain,HORIZON SCIENCE ACADEMY LORAIN,1,innv,Innovation,Supplemental,Teacher,19
2025,Unassigned,Horizon Science Academy - Springfield,HORIZON SCIENCE ACADEMY SPRINGFIELD,1,innv,Innovation,Supplemental,Teacher,1
2025,Unassigned,Horizon Science Academy - Toledo,HORIZON SCIENCE ACADEMY TOLEDO,1,innv,Innovation,Supplemental,Teacher,18
2025,MN,Horizon Science Academy - Twin Cities,HORIZON SCIENCE ACADEMY TWIN CITIES,1,innv,Innovation,Supplemental,Teacher,25
2025,Unassigned,Horizon Science Academy - Youngstown,HORIZON SCIENCE ACADEMY YOUNGSTOWN,1,innv,Innovation,Supplemental,Teacher,9
2025,IN,Indiana Math and Science Academy - North,INDIANA MATH AND SCIENCE ACADEMY NORTH,1,innv,Innovation,Supplemental,Teacher,14
2025,IN,Indiana Math and Science Academy - West,INDIANA MATH AND SCIENCE ACADEMY WEST,1,innv,Innovation,Supplemental,Teacher,38
2025,MI,Michigan Math and Science Academy - Dequindre,MICHIGAN MATH AND SCIENCE ACADEMY DEQUINDRE,1,innv,Innovation,Supplemental,Teacher,20
2025,MI,Michigan Math and Science Academy - Lorraine,MICHIGAN MATH AND SCIENCE ACADEMY LORRAINE,1,innv,Innovation,Supplemental,Teacher,21
2025,MN,Minnesota Math and Science Academy,MINNESOTA MATH AND SCIENCE ACADEMY,1,innv,Innovation,Supplemental,Teacher,19
2025,Unassigned,Noble Academy Cleveland,NOBLE ACADEMY CLEVELAND,1,innv,Innovation,Supplemental,Teacher,11
2025,Columbus,Noble Academy Columbus,NOBLE ACADEMY COLUMBUS,1,innv,Innovation,Supplemental,Teacher,1
2024,IN,Indiana Math and Science Academy - North,INDIANA MATH AND SCIENCE ACADEMY NORTH,1,ins3,Instuctional Leadership,Effective Leaders,Teacher,27
2024,IN,Indiana Math and Science Academy - West,INDIANA MATH AND SCIENCE ACADEMY WEST,1,ins3,Instuctional Leadership,Effective Leaders,Teacher,32
2024,MI,Michigan Math and Science Academy - Dequindre,MICHIGAN MATH AND SCIENCE ACADEMY DEQUINDRE,1,ins3,Instuctional Leadership,Effective Leaders,Teacher,49
2024,MI,Michigan Math and Science Academy - Lorraine,MICHIGAN MATH AND SCIENCE ACADEMY LORRAINE,1,ins3,Instuctional Leadership,Effective Leaders,Teacher,47
2024,MO,Gateway Science Academy - Smiley,GATEWAY SCIENCE ACADEMY SMILEY,8,ins3,Instuctional Leadership,Effective Leaders,Teacher,26
2024,MO,Gateway Science Academy - South,GATEWAY SCIENCE ACADEMY SOUTH,8,ins3,Instuctional Leadership,Effective Leaders,Teacher,9
2024,MN,Horizon Science Academy - Twin Cities,HORIZON SCIENCE ACADEMY TWIN CITIES,1,ins3,Instuctional Leadership,Effective Leaders,Teacher,11
2024,MN,Minnesota Math and Science Academy,MINNESOTA MATH AND SCIENCE ACADEMY,1,ins3,Instuctional Leadership,Effective Leaders,Teacher,8
2024,DC,Horizon Science Academy - Cincinnati,HORIZON SCIENCE ACADEMY CINCINNATI,1,ins3,Instuctional Leadership,Effective Leaders,Teacher,24
2024,NO,Horizon Science Academy - Cleveland High,HORIZON SCIENCE ACADEMY CLEVELAND HIGH,2,ins3,Instuctional Leadership,Effective Leaders,Teacher,70
2024,Unassigned,Horizon Science Academy - Cleveland Middle,HORIZON SCIENCE ACADEMY CLEVELAND MIDDLE,1,ins3,Instuctional Leadership,Effective Leaders,Teacher,62
2024,Columbus,Horizon Science Academy - Columbus Elementary,HORIZON SCIENCE ACADEMY COLUMBUS ELEMENTARY,8,ins3,Instuctional Leadership,Effective Leaders,Teacher,34
2024,Unassigned,Horizon Science Academy - Columbus High,HORIZON SCIENCE ACADEMY COLUMBUS HIGH,2,ins3,Instuctional Leadership,Effective Leaders,Teacher,58
2024,Columbus,Horizon Science Academy - Columbus Middle,HORIZON SCIENCE ACADEMY COLUMBUS MIDDLE,9,ins3,Instuctional Leadership,Effective Leaders,Teacher,67
2024,Columbus,Horizon Science Academy - Columbus Primary,HORIZON SCIENCE ACADEMY COLUMBUS PRIMARY,8,ins3,Instuctional Leadership,Effective Leaders,Teacher,62
2024,DC,Horizon Science Academy - Dayton Downtown,HORIZON SCIENCE ACADEMY DAYTON DOWNTOWN,1,ins3,Instuctional Leadership,Effective Leaders,Teacher,4
2024,DC,Horizon Science Academy - Dayton Elementary,HORIZON SCIENCE ACADEMY DAYTON ELEMENTARY,8,ins3,Instuctional Leadership,Effective Leaders,Teacher,26
2024,DC,Horizon Science Academy - Dayton High,HORIZON SCIENCE ACADEMY DAYTON HIGH,2,ins3,Instuctional Leadership,Effective Leaders,Teacher,53
2024,Unassigned,Horizon Science Academy - Denison Middle,HORIZON SCIENCE ACADEMY DENISON MIDDLE,1,ins3,Instuctional Leadership,Effective Leaders,Teacher,55
2024,Unassigned,Horizon Science Academy - Lorain,HORIZON SCIENCE ACADEMY LORAIN,1,ins3,Instuctional Leadership,Effective Leaders,Teacher,18
2024,Unassigned,Horizon Science Academy - Springfield,HORIZON SCIENCE ACADEMY SPRINGFIELD,1,ins3,Instuctional Leadership,Effective Leaders,Teacher,49
2024,Unassigned,Horizon Science Academy - Toledo,HORIZON SCIENCE ACADEMY TOLEDO,1,ins3,Instuctional Leadership,Effective Leaders,Teacher,54
2024,Unassigned,Horizon Science Academy - Youngstown,HORIZON SCIENCE ACADEMY YOUNGSTOWN,1,ins3,Instuctional Leadership,Effective Leaders,Teacher,25
2024,Unassigned,Noble Academy Cleveland,NOBLE ACADEMY CLEVELAND,1,ins3,Instuctional Leadership,Effective Leaders,Teacher,19
2024,Columbus,Noble Academy Columbus,NOBLE ACADEMY COLUMBUS,1,ins3,Instuctional Leadership,Effective Leaders,Teacher,49
2024,MO,Gateway Science Academy High - Fyler,GATEWAY SCIENCE ACADEMY HIGH FYLER,2,ins3,Instuctional Leadership,Effective Leaders,Teacher,23
2024,MO,Gateway Science Academy Middle - Fyler,GATEWAY SCIENCE ACADEMY MIDDLE FYLER,9,ins3,Instuctional Leadership,Effective Leaders,Teacher,42
2024,IA,Horizon Science Academy - Des Moines,HORIZON SCIENCE ACADEMY DES MOINES,8,ins3,Instuctional Leadership,Effective Leaders,Teacher,15
2025,MO,Gateway Science Academy - Smiley,GATEWAY SCIENCE ACADEMY SMILEY,8,ins3,Instuctional Leadership,Effective Leaders,Teacher,44
2025,MO,Gateway Science Academy - South,GATEWAY SCIENCE ACADEMY SOUTH,8,ins3,Instuctional Leadership,Effective Leaders,Teacher,28
2025,MO,Gateway Science Academy High - Fyler,GATEWAY SCIENCE ACADEMY HIGH FYLER,2,ins3,Instuctional Leadership,Effective Leaders,Teacher,36
2025,MO,Gateway Science Academy Middle - Fyler,GATEWAY SCIENCE ACADEMY MIDDLE FYLER,9,ins3,Instuctional Leadership,Effective Leaders,Teacher,74
2025,DC,Horizon Science Academy - Cincinnati,HORIZON SCIENCE ACADEMY CINCINNATI,1,ins3,Instuctional Leadership,Effective Leaders,Teacher,25
2025,NO,Horizon Science Academy - Cleveland High,HORIZON SCIENCE ACADEMY CLEVELAND HIGH,2,ins3,Instuctional Leadership,Effective Leaders,Teacher,86
2025,Unassigned,Horizon Science Academy - Cleveland Middle,HORIZON SCIENCE ACADEMY CLEVELAND MIDDLE,1,ins3,Instuctional Leadership,Effective Leaders,Teacher,45
2025,Columbus,Horizon Science Academy - Columbus Elementary,HORIZON SCIENCE ACADEMY COLUMBUS ELEMENTARY,8,ins3,Instuctional Leadership,Effective Leaders,Teacher,21
2025,Unassigned,Horizon Science Academy - Columbus High,HORIZON SCIENCE ACADEMY COLUMBUS HIGH,2,ins3,Instuctional Leadership,Effective Leaders,Teacher,48
2025,Columbus,Horizon Science Academy - Columbus Middle,HORIZON SCIENCE ACADEMY COLUMBUS MIDDLE,9,ins3,Instuctional Leadership,Effective Leaders,Teacher,42
2025,Columbus,Horizon Science Academy - Columbus Primary,HORIZON SCIENCE ACADEMY COLUMBUS PRIMARY,8,ins3,Instuctional Leadership,Effective Leaders,Teacher,59
2025,DC,Horizon Science Academy - Dayton Downtown,HORIZON SCIENCE ACADEMY DAYTON DOWNTOWN,1,ins3,Instuctional Leadership,Effective Leaders,Teacher,20
2025,DC,Horizon Science Academy - Dayton Elementary,HORIZON SCIENCE ACADEMY DAYTON ELEMENTARY,8,ins3,Instuctional Leadership,Effective Leaders,Teacher,40
2025,DC,Horizon Science Academy - Dayton High,HORIZON SCIENCE ACADEMY DAYTON HIGH,2,ins3,Instuctional Leadership,Effective Leaders,Teacher,76
2025,Unassigned,Horizon Science Academy - Denison Middle,HORIZON SCIENCE ACADEMY DENISON MIDDLE,1,ins3,Instuctional Leadership,Effective Leaders,Teacher,64
2025,IA,Horizon Science Academy - Des Moines,HORIZON SCIENCE ACADEMY DES MOINES,8,ins3,Instuctional Leadership,Effective Leaders,Teacher,28
2025,Unassigned,Horizon Science Academy - Lorain,HORIZON SCIENCE ACADEMY LORAIN,1,ins3,Instuctional Leadership,Effective Leaders,Teacher,43
2025,Unassigned,Horizon Science Academy - Springfield,HORIZON SCIENCE ACADEMY SPRINGFIELD,1,ins3,Instuctional Leadership,Effective Leaders,Teacher,43
2025,Unassigned,Horizon Science Academy - Toledo,HORIZON SCIENCE ACADEMY TOLEDO,1,ins3,Instuctional Leadership,Effective Leaders,Teacher,43
2025,MN,Horizon Science Academy - Twin Cities,HORIZON SCIENCE ACADEMY TWIN CITIES,1,ins3,Instuctional Leadership,Effective Leaders,Teacher,37
2025,Unassigned,Horizon Science Academy - Youngstown,HORIZON SCIENCE ACADEMY YOUNGSTOWN,1,ins3,Instuctional Leadership,Effective Leaders,Teacher,48
2025,IN,Indiana Math and Science Academy - North,INDIANA MATH AND SCIENCE ACADEMY NORTH,1,ins3,Instuctional Leadership,Effective Leaders,Teacher,30
2025,IN,Indiana Math and Science Academy - West,INDIANA MATH AND SCIENCE ACADEMY WEST,1,ins3,Instuctional Leadership,Effective Leaders,Teacher,40
2025,MI,Michigan Math and Science Academy - Dequindre,MICHIGAN MATH AND SCIENCE ACADEMY DEQUINDRE,1,ins3,Instuctional Leadership,Effective Leaders,Teacher,47
2025,MI,Michigan Math and Science Academy - Lorraine,MICHIGAN MATH AND SCIENCE ACADEMY LORRAINE,1,ins3,Instuctional Leadership,Effective Leaders,Teacher,41
2025,MN,Minnesota Math and Science Academy,MINNESOTA MATH AND SCIENCE ACADEMY,1,ins3,Instuctional Leadership,Effective Leaders,Teacher,38
2025,Unassigned,Noble Academy Cleveland,NOBLE ACADEMY CLEVELAND,1,ins3,Instuctional Leadership,Effective Leaders,Teacher,33
2025,Columbus,Noble Academy Columbus,NOBLE ACADEMY COLUMBUS,1,ins3,Instuctional Leadership,Effective Leaders,Teacher,33
2024,IN,Indiana Math and Science Academy - North,INDIANA MATH AND SCIENCE ACADEMY NORTH,1,pgmc,Program Coherence,Effective Leaders,Teacher,31
2024,IN,Indiana Math and Science Academy - West,INDIANA MATH AND SCIENCE ACADEMY WEST,1,pgmc,Program Coherence,Effective Leaders,Teacher,44
2024,MI,Michigan Math and Science Academy - Dequindre,MICHIGAN MATH AND SCIENCE ACADEMY DEQUINDRE,1,pgmc,Program Coherence,Effective Leaders,Teacher,64
2024,MI,Michigan Math and Science Academy - Lorraine,MICHIGAN MATH AND SCIENCE ACADEMY LORRAINE,1,pgmc,Program Coherence,Effective Leaders,Teacher,69
2024,MO,Gateway Science Academy - Smiley,GATEWAY SCIENCE ACADEMY SMILEY,8,pgmc,Program Coherence,Effective Leaders,Teacher,57
2024,MO,Gateway Science Academy - South,GATEWAY SCIENCE ACADEMY SOUTH,8,pgmc,Program Coherence,Effective Leaders,Teacher,35
2024,MN,Horizon Science Academy - Twin Cities,HORIZON SCIENCE ACADEMY TWIN CITIES,1,pgmc,Program Coherence,Effective Leaders,Teacher,15
2024,MN,Minnesota Math and Science Academy,MINNESOTA MATH AND SCIENCE ACADEMY,1,pgmc,Program Coherence,Effective Leaders,Teacher,23
2024,DC,Horizon Science Academy - Cincinnati,HORIZON SCIENCE ACADEMY CINCINNATI,1,pgmc,Program Coherence,Effective Leaders,Teacher,40
2024,NO,Horizon Science Academy - Cleveland High,HORIZON SCIENCE ACADEMY CLEVELAND HIGH,2,pgmc,Program Coherence,Effective Leaders,Teacher,69
2024,Unassigned,Horizon Science Academy - Cleveland Middle,HORIZON SCIENCE ACADEMY CLEVELAND MIDDLE,1,pgmc,Program Coherence,Effective Leaders,Teacher,54
2024,Columbus,Horizon Science Academy - Columbus Elementary,HORIZON SCIENCE ACADEMY COLUMBUS ELEMENTARY,8,pgmc,Program Coherence,Effective Leaders,Teacher,32
2024,Unassigned,Horizon Science Academy - Columbus High,HORIZON SCIENCE ACADEMY COLUMBUS HIGH,2,pgmc,Program Coherence,Effective Leaders,Teacher,64
2024,Columbus,Horizon Science Academy - Columbus Middle,HORIZON SCIENCE ACADEMY COLUMBUS MIDDLE,9,pgmc,Program Coherence,Effective Leaders,Teacher,61
2024,Columbus,Horizon Science Academy - Columbus Primary,HORIZON SCIENCE ACADEMY COLUMBUS PRIMARY,8,pgmc,Program Coherence,Effective Leaders,Teacher,50
2024,DC,Horizon Science Academy - Dayton Downtown,HORIZON SCIENCE ACADEMY DAYTON DOWNTOWN,1,pgmc,Program Coherence,Effective Leaders,Teacher,23
2024,DC,Horizon Science Academy - Dayton Elementary,HORIZON SCIENCE ACADEMY DAYTON ELEMENTARY,8,pgmc,Program Coherence,Effective Leaders,Teacher,60
2024,DC,Horizon Science Academy - Dayton High,HORIZON SCIENCE ACADEMY DAYTON HIGH,2,pgmc,Program Coherence,Effective Leaders,Teacher,57
2024,Unassigned,Horizon Science Academy - Denison Middle,HORIZON SCIENCE ACADEMY DENISON MIDDLE,1,pgmc,Program Coherence,Effective Leaders,Teacher,69
2024,Unassigned,Horizon Science Academy - Lorain,HORIZON SCIENCE ACADEMY LORAIN,1,pgmc,Program Coherence,Effective Leaders,Teacher,24
2024,Unassigned,Horizon Science Academy - Springfield,HORIZON SCIENCE ACADEMY SPRINGFIELD,1,pgmc,Program Coherence,Effective Leaders,Teacher,69
2024,Unassigned,Horizon Science Academy - Toledo,HORIZON SCIENCE ACADEMY TOLEDO,1,pgmc,Program Coherence,Effective Leaders,Teacher,62
2024,Unassigned,Horizon Science Academy - Youngstown,HORIZON SCIENCE ACADEMY YOUNGSTOWN,1,pgmc,Program Coherence,Effective Leaders,Teacher,41
2024,Unassigned,Noble Academy Cleveland,NOBLE ACADEMY CLEVELAND,1,pgmc,Program Coherence,Effective Leaders,Teacher,42
2024,Columbus,Noble Academy Columbus,NOBLE ACADEMY COLUMBUS,1,pgmc,Program Coherence,Effective Leaders,Teacher,50
2024,MO,Gateway Science Academy High - Fyler,GATEWAY SCIENCE ACADEMY HIGH FYLER,2,pgmc,Program Coherence,Effective Leaders,Teacher,39
2024,MO,Gateway Science Academy Middle - Fyler,GATEWAY SCIENCE ACADEMY MIDDLE FYLER,9,pgmc,Program Coherence,Effective Leaders,Teacher,53
2024,IA,Horizon Science Academy - Des Moines,HORIZON SCIENCE ACADEMY DES MOINES,8,pgmc,Program Coherence,Effective Leaders,Teacher,66
2025,MO,Gateway Science Academy - Smiley,GATEWAY SCIENCE ACADEMY SMILEY,8,pgmc,Program Coherence,Effective Leaders,Teacher,54
2025,MO,Gateway Science Academy - South,GATEWAY SCIENCE ACADEMY SOUTH,8,pgmc,Program Coherence,Effective Leaders,Teacher,53
2025,MO,Gateway Science Academy High - Fyler,GATEWAY SCIENCE ACADEMY HIGH FYLER,2,pgmc,Program Coherence,Effective Leaders,Teacher,65
2025,MO,Gateway Science Academy Middle - Fyler,GATEWAY SCIENCE ACADEMY MIDDLE FYLER,9,pgmc,Program Coherence,Effective Leaders,Teacher,69
2025,DC,Horizon Science Academy - Cincinnati,HORIZON SCIENCE ACADEMY CINCINNATI,1,pgmc,Program Coherence,Effective Leaders,Teacher,19
2025,NO,Horizon Science Academy - Cleveland High,HORIZON SCIENCE ACADEMY CLEVELAND HIGH,2,pgmc,Program Coherence,Effective Leaders,Teacher,99
2025,Unassigned,Horizon Science Academy - Cleveland Middle,HORIZON SCIENCE ACADEMY CLEVELAND MIDDLE,1,pgmc,Program Coherence,Effective Leaders,Teacher,54
2025,Columbus,Horizon Science Academy - Columbus Elementary,HORIZON SCIENCE ACADEMY COLUMBUS ELEMENTARY,8,pgmc,Program Coherence,Effective Leaders,Teacher,34
2025,Unassigned,Horizon Science Academy - Columbus High,HORIZON SCIENCE ACADEMY COLUMBUS HIGH,2,pgmc,Program Coherence,Effective Leaders,Teacher,50
2025,Columbus,Horizon Science Academy - Columbus Middle,HORIZON SCIENCE ACADEMY COLUMBUS MIDDLE,9,pgmc,Program Coherence,Effective Leaders,Teacher,51
2025,Columbus,Horizon Science Academy - Columbus Primary,HORIZON SCIENCE ACADEMY COLUMBUS PRIMARY,8,pgmc,Program Coherence,Effective Leaders,Teacher,53
2025,DC,Horizon Science Academy - Dayton Downtown,HORIZON SCIENCE ACADEMY DAYTON DOWNTOWN,1,pgmc,Program Coherence,Effective Leaders,Teacher,36
2025,DC,Horizon Science Academy - Dayton Elementary,HORIZON SCIENCE ACADEMY DAYTON ELEMENTARY,8,pgmc,Program Coherence,Effective Leaders,Teacher,65
2025,DC,Horizon Science Academy - Dayton High,HORIZON SCIENCE ACADEMY DAYTON HIGH,2,pgmc,Program Coherence,Effective Leaders,Teacher,77
2025,Unassigned,Horizon Science Academy - Denison Middle,HORIZON SCIENCE ACADEMY DENISON MIDDLE,1,pgmc,Program Coherence,Effective Leaders,Teacher,64
2025,IA,Horizon Science Academy - Des Moines,HORIZON SCIENCE ACADEMY DES MOINES,8,pgmc,Program Coherence,Effective Leaders,Teacher,64
2025,Unassigned,Horizon Science Academy - Lorain,HORIZON SCIENCE ACADEMY LORAIN,1,pgmc,Program Coherence,Effective Leaders,Teacher,32
2025,Unassigned,Horizon Science Academy - Springfield,HORIZON SCIENCE ACADEMY SPRINGFIELD,1,pgmc,Program Coherence,Effective Leaders,Teacher,62
2025,Unassigned,Horizon Science Academy - Toledo,HORIZON SCIENCE ACADEMY TOLEDO,1,pgmc,Program Coherence,Effective Leaders,Teacher,58
2025,MN,Horizon Science Academy - Twin Cities,HORIZON SCIENCE ACADEMY TWIN CITIES,1,pgmc,Program Coherence,Effective Leaders,Teacher,52
2025,Unassigned,Horizon Science Academy - Youngstown,HORIZON SCIENCE ACADEMY YOUNGSTOWN,1,pgmc,Program Coherence,Effective Leaders,Teacher,60
2025,IN,Indiana Math and Science Academy - North,INDIANA MATH AND SCIENCE ACADEMY NORTH,1,pgmc,Program Coherence,Effective Leaders,Teacher,39
2025,IN,Indiana Math and Science Academy - West,INDIANA MATH AND SCIENCE ACADEMY WEST,1,pgmc,Program Coherence,Effective Leaders,Teacher,50
2025,MI,Michigan Math and Science Academy - Dequindre,MICHIGAN MATH AND SCIENCE ACADEMY DEQUINDRE,1,pgmc,Program Coherence,Effective Leaders,Teacher,56
2025,MI,Michigan Math and Science Academy - Lorraine,MICHIGAN MATH AND SCIENCE ACADEMY LORRAINE,1,pgmc,Program Coherence,Effective Leaders,Teacher,52
2025,MN,Minnesota Math and Science Academy,MINNESOTA MATH AND SCIENCE ACADEMY,1,pgmc,Program Coherence,Effective Leaders,Teacher,46
2025,Unassigned,Noble Academy Cleveland,NOBLE ACADEMY CLEVELAND,1,pgmc,Program Coherence,Effective Leaders,Teacher,47
2025,Columbus,Noble Academy Columbus,NOBLE ACADEMY COLUMBUS,1,pgmc,Program Coherence,Effective Leaders,Teacher,39
2024,IN,Indiana Math and Science Academy - North,INDIANA MATH AND SCIENCE ACADEMY NORTH,1,pnfl,Parental Influence on Decision Making in Schools,Involved Families,Teacher,27
2024,IN,Indiana Math and Science Academy - West,INDIANA MATH AND SCIENCE ACADEMY WEST,1,pnfl,Parental Influence on Decision Making in Schools,Involved Families,Teacher,42
2024,MI,Michigan Math and Science Academy - Dequindre,MICHIGAN MATH AND SCIENCE ACADEMY DEQUINDRE,1,pnfl,Parental Influence on Decision Making in Schools,Involved Families,Teacher,44
2024,MI,Michigan Math and Science Academy - Lorraine,MICHIGAN MATH AND SCIENCE ACADEMY LORRAINE,1,pnfl,Parental Influence on Decision Making in Schools,Involved Families,Teacher,46
2024,MO,Gateway Science Academy - Smiley,GATEWAY SCIENCE ACADEMY SMILEY,8,pnfl,Parental Influence on Decision Making in Schools,Involved Families,Teacher,56
2024,MO,Gateway Science Academy - South,GATEWAY SCIENCE ACADEMY SOUTH,8,pnfl,Parental Influence on Decision Making in Schools,Involved Families,Teacher,42
2024,MN,Horizon Science Academy - Twin Cities,HORIZON SCIENCE ACADEMY TWIN CITIES,1,pnfl,Parental Influence on Decision Making in Schools,Involved Families,Teacher,28
2024,MN,Minnesota Math and Science Academy,MINNESOTA MATH AND SCIENCE ACADEMY,1,pnfl,Parental Influence on Decision Making in Schools,Involved Families,Teacher,37
2024,DC,Horizon Science Academy - Cincinnati,HORIZON SCIENCE ACADEMY CINCINNATI,1,pnfl,Parental Influence on Decision Making in Schools,Involved Families,Teacher,29
2024,NO,Horizon Science Academy - Cleveland High,HORIZON SCIENCE ACADEMY CLEVELAND HIGH,2,pnfl,Parental Influence on Decision Making in Schools,Involved Families,Teacher,48
2024,Unassigned,Horizon Science Academy - Cleveland Middle,HORIZON SCIENCE ACADEMY CLEVELAND MIDDLE,1,pnfl,Parental Influence on Decision Making in Schools,Involved Families,Teacher,38
2024,Columbus,Horizon Science Academy - Columbus Elementary,HORIZON SCIENCE ACADEMY COLUMBUS ELEMENTARY,8,pnfl,Parental Influence on Decision Making in Schools,Involved Families,Teacher,44
2024,Unassigned,Horizon Science Academy - Columbus High,HORIZON SCIENCE ACADEMY COLUMBUS HIGH,2,pnfl,Parental Influence on Decision Making in Schools,Involved Families,Teacher,60
2024,Columbus,Horizon Science Academy - Columbus Middle,HORIZON SCIENCE ACADEMY COLUMBUS MIDDLE,9,pnfl,Parental Influence on Decision Making in Schools,Involved Families,Teacher,74
2024,Columbus,Horizon Science Academy - Columbus Primary,HORIZON SCIENCE ACADEMY COLUMBUS PRIMARY,8,pnfl,Parental Influence on Decision Making in Schools,Involved Families,Teacher,45
2024,DC,Horizon Science Academy - Dayton Downtown,HORIZON SCIENCE ACADEMY DAYTON DOWNTOWN,1,pnfl,Parental Influence on Decision Making in Schools,Involved Families,Teacher,6
2024,DC,Horizon Science Academy - Dayton Elementary,HORIZON SCIENCE ACADEMY DAYTON ELEMENTARY,8,pnfl,Parental Influence on Decision Making in Schools,Involved Families,Teacher,22
2024,DC,Horizon Science Academy - Dayton High,HORIZON SCIENCE ACADEMY DAYTON HIGH,2,pnfl,Parental Influence on Decision Making in Schools,Involved Families,Teacher,48
2024,Unassigned,Horizon Science Academy - Denison Middle,HORIZON SCIENCE ACADEMY DENISON MIDDLE,1,pnfl,Parental Influence on Decision Making in Schools,Involved Families,Teacher,33
2024,Unassigned,Horizon Science Academy - Lorain,HORIZON SCIENCE ACADEMY LORAIN,1,pnfl,Parental Influence on Decision Making in Schools,Involved Families,Teacher,20
2024,Unassigned,Horizon Science Academy - Springfield,HORIZON SCIENCE ACADEMY SPRINGFIELD,1,pnfl,Parental Influence on Decision Making in Schools,Involved Families,Teacher,38
2024,Unassigned,Horizon Science Academy - Toledo,HORIZON SCIENCE ACADEMY TOLEDO,1,pnfl,Parental Influence on Decision Making in Schools,Involved Families,Teacher,49
2024,Unassigned,Horizon Science Academy - Youngstown,HORIZON SCIENCE ACADEMY YOUNGSTOWN,1,pnfl,Parental Influence on Decision Making in Schools,Involved Families,Teacher,40
2024,Unassigned,Noble Academy Cleveland,NOBLE ACADEMY CLEVELAND,1,pnfl,Parental Influence on Decision Making in Schools,Involved Families,Teacher,28
2024,Columbus,Noble Academy Columbus,NOBLE ACADEMY COLUMBUS,1,pnfl,Parental Influence on Decision Making in Schools,Involved Families,Teacher,36
2024,MO,Gateway Science Academy High - Fyler,GATEWAY SCIENCE ACADEMY HIGH FYLER,2,pnfl,Parental Influence on Decision Making in Schools,Involved Families,Teacher,71
2024,MO,Gateway Science Academy Middle - Fyler,GATEWAY SCIENCE ACADEMY MIDDLE FYLER,9,pnfl,Parental Influence on Decision Making in Schools,Involved Families,Teacher,57
2025,MO,Gateway Science Academy - Smiley,GATEWAY SCIENCE ACADEMY SMILEY,8,pnfl,Parental Influence on Decision Making in Schools,Involved Families,Teacher,46
2025,MO,Gateway Science Academy - South,GATEWAY SCIENCE ACADEMY SOUTH,8,pnfl,Parental Influence on Decision Making in Schools,Involved Families,Teacher,57
2025,MO,Gateway Science Academy High - Fyler,GATEWAY SCIENCE ACADEMY HIGH FYLER,2,pnfl,Parental Influence on Decision Making in Schools,Involved Families,Teacher,70
2025,MO,Gateway Science Academy Middle - Fyler,GATEWAY SCIENCE ACADEMY MIDDLE FYLER,9,pnfl,Parental Influence on Decision Making in Schools,Involved Families,Teacher,70
2025,DC,Horizon Science Academy - Cincinnati,HORIZON SCIENCE ACADEMY CINCINNATI,1,pnfl,Parental Influence on Decision Making in Schools,Involved Families,Teacher,7
2025,NO,Horizon Science Academy - Cleveland High,HORIZON SCIENCE ACADEMY CLEVELAND HIGH,2,pnfl,Parental Influence on Decision Making in Schools,Involved Families,Teacher,55
2025,Unassigned,Horizon Science Academy - Cleveland Middle,HORIZON SCIENCE ACADEMY CLEVELAND MIDDLE,1,pnfl,Parental Influence on Decision Making in Schools,Involved Families,Teacher,42
2025,Columbus,Horizon Science Academy - Columbus Elementary,HORIZON SCIENCE ACADEMY COLUMBUS ELEMENTARY,8,pnfl,Parental Influence on Decision Making in Schools,Involved Families,Teacher,31
2025,Unassigned,Horizon Science Academy - Columbus High,HORIZON SCIENCE ACADEMY COLUMBUS HIGH,2,pnfl,Parental Influence on Decision Making in Schools,Involved Families,Teacher,58
2025,Columbus,Horizon Science Academy - Columbus Middle,HORIZON SCIENCE ACADEMY COLUMBUS MIDDLE,9,pnfl,Parental Influence on Decision Making in Schools,Involved Families,Teacher,54
2025,Columbus,Horizon Science Academy - Columbus Primary,HORIZON SCIENCE ACADEMY COLUMBUS PRIMARY,8,pnfl,Parental Influence on Decision Making in Schools,Involved Families,Teacher,33
2025,DC,Horizon Science Academy - Dayton Downtown,HORIZON SCIENCE ACADEMY DAYTON DOWNTOWN,1,pnfl,Parental Influence on Decision Making in Schools,Involved Families,Teacher,22
2025,DC,Horizon Science Academy - Dayton Elementary,HORIZON SCIENCE ACADEMY DAYTON ELEMENTARY,8,pnfl,Parental Influence on Decision Making in Schools,Involved Families,Teacher,31
2025,DC,Horizon Science Academy - Dayton High,HORIZON SCIENCE ACADEMY DAYTON HIGH,2,pnfl,Parental Influence on Decision Making in Schools,Involved Families,Teacher,60
2025,Unassigned,Horizon Science Academy - Denison Middle,HORIZON SCIENCE ACADEMY DENISON MIDDLE,1,pnfl,Parental Influence on Decision Making in Schools,Involved Families,Teacher,26
2025,IA,Horizon Science Academy - Des Moines,HORIZON SCIENCE ACADEMY DES MOINES,8,pnfl,Parental Influence on Decision Making in Schools,Involved Families,Teacher,61
2025,Unassigned,Horizon Science Academy - Lorain,HORIZON SCIENCE ACADEMY LORAIN,1,pnfl,Parental Influence on Decision Making in Schools,Involved Families,Teacher,33
2025,Unassigned,Horizon Science Academy - Springfield,HORIZON SCIENCE ACADEMY SPRINGFIELD,1,pnfl,Parental Influence on Decision Making in Schools,Involved Families,Teacher,8
2025,Unassigned,Horizon Science Academy - Toledo,HORIZON SCIENCE ACADEMY TOLEDO,1,pnfl,Parental Influence on Decision Making in Schools,Involved Families,Teacher,46
2025,MN,Horizon Science Academy - Twin Cities,HORIZON SCIENCE ACADEMY TWIN CITIES,1,pnfl,Parental Influence on Decision Making in Schools,Involved Families,Teacher,45
2025,Unassigned,Horizon Science Academy - Youngstown,HORIZON SCIENCE ACADEMY YOUNGSTOWN,1,pnfl,Parental Influence on Decision Making in Schools,Involved Families,Teacher,40
2025,IN,Indiana Math and Science Academy - North,INDIANA MATH AND SCIENCE ACADEMY NORTH,1,pnfl,Parental Influence on Decision Making in Schools,Involved Families,Teacher,43
2025,IN,Indiana Math and Science Academy - West,INDIANA MATH AND SCIENCE ACADEMY WEST,1,pnfl,Parental Influence on Decision Making in Schools,Involved Families,Teacher,48
2025,MI,Michigan Math and Science Academy - Dequindre,MICHIGAN MATH AND SCIENCE ACADEMY DEQUINDRE,1,pnfl,Parental Influence on Decision Making in Schools,Involved Families,Teacher,40
2025,MI,Michigan Math and Science Academy - Lorraine,MICHIGAN MATH AND SCIENCE ACADEMY LORRAINE,1,pnfl,Parental Influence on Decision Making in Schools,Involved Families,Teacher,80
2025,MN,Minnesota Math and Science Academy,MINNESOTA MATH AND SCIENCE ACADEMY,1,pnfl,Parental Influence on Decision Making in Schools,Involved Families,Teacher,49
2025,Unassigned,Noble Academy Cleveland,NOBLE ACADEMY CLEVELAND,1,pnfl,Parental Influence on Decision Making in Schools,Involved Families,Teacher,22
2025,Columbus,Noble Academy Columbus,NOBLE ACADEMY COLUMBUS,1,pnfl,Parental Influence on Decision Making in Schools,Involved Families,Teacher,23
2024,IN,Indiana Math and Science Academy - North,INDIANA MATH AND SCIENCE ACADEMY NORTH,1,prt4,Parent Involvement in School,Involved Families,Teacher,9
2024,IN,Indiana Math and Science Academy - West,INDIANA MATH AND SCIENCE ACADEMY WEST,1,prt4,Parent Involvement in School,Involved Families,Teacher,31
2024,MI,Michigan Math and Science Academy - Dequindre,MICHIGAN MATH AND SCIENCE ACADEMY DEQUINDRE,1,prt4,Parent Involvement in School,Involved Families,Teacher,15
2024,MI,Michigan Math and Science Academy - Lorraine,MICHIGAN MATH AND SCIENCE ACADEMY LORRAINE,1,prt4,Parent Involvement in School,Involved Families,Teacher,29
2024,MO,Gateway Science Academy - Smiley,GATEWAY SCIENCE ACADEMY SMILEY,8,prt4,Parent Involvement in School,Involved Families,Teacher,48
2024,MO,Gateway Science Academy - South,GATEWAY SCIENCE ACADEMY SOUTH,8,prt4,Parent Involvement in School,Involved Families,Teacher,36
2024,MN,Horizon Science Academy - Twin Cities,HORIZON SCIENCE ACADEMY TWIN CITIES,1,prt4,Parent Involvement in School,Involved Families,Teacher,28
2024,MN,Minnesota Math and Science Academy,MINNESOTA MATH AND SCIENCE ACADEMY,1,prt4,Parent Involvement in School,Involved Families,Teacher,16
2024,DC,Horizon Science Academy - Cincinnati,HORIZON SCIENCE ACADEMY CINCINNATI,1,prt4,Parent Involvement in School,Involved Families,Teacher,1
2024,NO,Horizon Science Academy - Cleveland High,HORIZON SCIENCE ACADEMY CLEVELAND HIGH,2,prt4,Parent Involvement in School,Involved Families,Teacher,34
2024,Unassigned,Horizon Science Academy - Cleveland Middle,HORIZON SCIENCE ACADEMY CLEVELAND MIDDLE,1,prt4,Parent Involvement in School,Involved Families,Teacher,12
2024,Columbus,Horizon Science Academy - Columbus Elementary,HORIZON SCIENCE ACADEMY COLUMBUS ELEMENTARY,8,prt4,Parent Involvement in School,Involved Families,Teacher,15
2024,Unassigned,Horizon Science Academy - Columbus High,HORIZON SCIENCE ACADEMY COLUMBUS HIGH,2,prt4,Parent Involvement in School,Involved Families,Teacher,28
2024,Columbus,Horizon Science Academy - Columbus Middle,HORIZON SCIENCE ACADEMY COLUMBUS MIDDLE,9,prt4,Parent Involvement in School,Involved Families,Teacher,34
2024,Columbus,Horizon Science Academy - Columbus Primary,HORIZON SCIENCE ACADEMY COLUMBUS PRIMARY,8,prt4,Parent Involvement in School,Involved Families,Teacher,37
2024,DC,Horizon Science Academy - Dayton Downtown,HORIZON SCIENCE ACADEMY DAYTON DOWNTOWN,1,prt4,Parent Involvement in School,Involved Families,Teacher,1
2024,DC,Horizon Science Academy - Dayton Elementary,HORIZON SCIENCE ACADEMY DAYTON ELEMENTARY,8,prt4,Parent Involvement in School,Involved Families,Teacher,1
2024,DC,Horizon Science Academy - Dayton High,HORIZON SCIENCE ACADEMY DAYTON HIGH,2,prt4,Parent Involvement in School,Involved Families,Teacher,36
2024,Unassigned,Horizon Science Academy - Denison Middle,HORIZON SCIENCE ACADEMY DENISON MIDDLE,1,prt4,Parent Involvement in School,Involved Families,Teacher,32
2024,Unassigned,Horizon Science Academy - Lorain,HORIZON SCIENCE ACADEMY LORAIN,1,prt4,Parent Involvement in School,Involved Families,Teacher,5
2024,Unassigned,Horizon Science Academy - Springfield,HORIZON SCIENCE ACADEMY SPRINGFIELD,1,prt4,Parent Involvement in School,Involved Families,Teacher,2
2024,Unassigned,Horizon Science Academy - Toledo,HORIZON SCIENCE ACADEMY TOLEDO,1,prt4,Parent Involvement in School,Involved Families,Teacher,21
2024,Unassigned,Horizon Science Academy - Youngstown,HORIZON SCIENCE ACADEMY YOUNGSTOWN,1,prt4,Parent Involvement in School,Involved Families,Teacher,13
2024,Unassigned,Noble Academy Cleveland,NOBLE ACADEMY CLEVELAND,1,prt4,Parent Involvement in School,Involved Families,Teacher,39
2024,Columbus,Noble Academy Columbus,NOBLE ACADEMY COLUMBUS,1,prt4,Parent Involvement in School,Involved Families,Teacher,27
2024,MO,Gateway Science Academy High - Fyler,GATEWAY SCIENCE ACADEMY HIGH FYLER,2,prt4,Parent Involvement in School,Involved Families,Teacher,66
2024,MO,Gateway Science Academy Middle - Fyler,GATEWAY SCIENCE ACADEMY MIDDLE FYLER,9,prt4,Parent Involvement in School,Involved Families,Teacher,16
2025,MO,Gateway Science Academy - Smiley,GATEWAY SCIENCE ACADEMY SMILEY,8,prt4,Parent Involvement in School,Involved Families,Teacher,42
2025,MO,Gateway Science Academy - South,GATEWAY SCIENCE ACADEMY SOUTH,8,prt4,Parent Involvement in School,Involved Families,Teacher,42
2025,MO,Gateway Science Academy High - Fyler,GATEWAY SCIENCE ACADEMY HIGH FYLER,2,prt4,Parent Involvement in School,Involved Families,Teacher,67
2025,MO,Gateway Science Academy Middle - Fyler,GATEWAY SCIENCE ACADEMY MIDDLE FYLER,9,prt4,Parent Involvement in School,Involved Families,Teacher,45
2025,DC,Horizon Science Academy - Cincinnati,HORIZON SCIENCE ACADEMY CINCINNATI,1,prt4,Parent Involvement in School,Involved Families,Teacher,1
2025,NO,Horizon Science Academy - Cleveland High,HORIZON SCIENCE ACADEMY CLEVELAND HIGH,2,prt4,Parent Involvement in School,Involved Families,Teacher,36
2025,Unassigned,Horizon Science Academy - Cleveland Middle,HORIZON SCIENCE ACADEMY CLEVELAND MIDDLE,1,prt4,Parent Involvement in School,Involved Families,Teacher,11
2025,Columbus,Horizon Science Academy - Columbus Elementary,HORIZON SCIENCE ACADEMY COLUMBUS ELEMENTARY,8,prt4,Parent Involvement in School,Involved Families,Teacher,9
2025,Unassigned,Horizon Science Academy - Columbus High,HORIZON SCIENCE ACADEMY COLUMBUS HIGH,2,prt4,Parent Involvement in School,Involved Families,Teacher,24
2025,Columbus,Horizon Science Academy - Columbus Middle,HORIZON SCIENCE ACADEMY COLUMBUS MIDDLE,9,prt4,Parent Involvement in School,Involved Families,Teacher,20
2025,Columbus,Horizon Science Academy - Columbus Primary,HORIZON SCIENCE ACADEMY COLUMBUS PRIMARY,8,prt4,Parent Involvement in School,Involved Families,Teacher,26
2025,DC,Horizon Science Academy - Dayton Downtown,HORIZON SCIENCE ACADEMY DAYTON DOWNTOWN,1,prt4,Parent Involvement in School,Involved Families,Teacher,1
2025,DC,Horizon Science Academy - Dayton Elementary,HORIZON SCIENCE ACADEMY DAYTON ELEMENTARY,8,prt4,Parent Involvement in School,Involved Families,Teacher,3
2025,DC,Horizon Science Academy - Dayton High,HORIZON SCIENCE ACADEMY DAYTON HIGH,2,prt4,Parent Involvement in School,Involved Families,Teacher,43
2025,Unassigned,Horizon Science Academy - Denison Middle,HORIZON SCIENCE ACADEMY DENISON MIDDLE,1,prt4,Parent Involvement in School,Involved Families,Teacher,29
2025,IA,Horizon Science Academy - Des Moines,HORIZON SCIENCE ACADEMY DES MOINES,8,prt4,Parent Involvement in School,Involved Families,Teacher,62
2025,Unassigned,Horizon Science Academy - Lorain,HORIZON SCIENCE ACADEMY LORAIN,1,prt4,Parent Involvement in School,Involved Families,Teacher,26
2025,Unassigned,Horizon Science Academy - Springfield,HORIZON SCIENCE ACADEMY SPRINGFIELD,1,prt4,Parent Involvement in School,Involved Families,Teacher,1
2025,Unassigned,Horizon Science Academy - Toledo,HORIZON SCIENCE ACADEMY TOLEDO,1,prt4,Parent Involvement in School,Involved Families,Teacher,39
2025,MN,Horizon Science Academy - Twin Cities,HORIZON SCIENCE ACADEMY TWIN CITIES,1,prt4,Parent Involvement in School,Involved Families,Teacher,37
2025,Unassigned,Horizon Science Academy - Youngstown,HORIZON SCIENCE ACADEMY YOUNGSTOWN,1,prt4,Parent Involvement in School,Involved Families,Teacher,15
2025,IN,Indiana Math and Science Academy - North,INDIANA MATH AND SCIENCE ACADEMY NORTH,1,prt4,Parent Involvement in School,Involved Families,Teacher,14
2025,IN,Indiana Math and Science Academy - West,INDIANA MATH AND SCIENCE ACADEMY WEST,1,prt4,Parent Involvement in School,Involved Families,Teacher,42
2025,MI,Michigan Math and Science Academy - Dequindre,MICHIGAN MATH AND SCIENCE ACADEMY DEQUINDRE,1,prt4,Parent Involvement in School,Involved Families,Teacher,19
2025,MI,Michigan Math and Science Academy - Lorraine,MICHIGAN MATH AND SCIENCE ACADEMY LORRAINE,1,prt4,Parent Involvement in School,Involved Families,Teacher,43
2025,MN,Minnesota Math and Science Academy,MINNESOTA MATH AND SCIENCE ACADEMY,1,prt4,Parent Involvement in School,Involved Families,Teacher,22
2025,Unassigned,Noble Academy Cleveland,NOBLE ACADEMY CLEVELAND,1,prt4,Parent Involvement in School,Involved Families,Teacher,28
2025,Columbus,Noble Academy Columbus,NOBLE ACADEMY COLUMBUS,1,prt4,Parent Involvement in School,Involved Families,Teacher,35
2024,IN,Indiana Math and Science Academy - North,INDIANA MATH AND SCIENCE ACADEMY NORTH,1,prti,Student Responsibility,Supplemental,Teacher,18
2024,IN,Indiana Math and Science Academy - West,INDIANA MATH AND SCIENCE ACADEMY WEST,1,prti,Student Responsibility,Supplemental,Teacher,40
2024,MI,Michigan Math and Science Academy - Dequindre,MICHIGAN MATH AND SCIENCE ACADEMY DEQUINDRE,1,prti,Student Responsibility,Supplemental,Teacher,3
2024,MI,Michigan Math and Science Academy - Lorraine,MICHIGAN MATH AND SCIENCE ACADEMY LORRAINE,1,prti,Student Responsibility,Supplemental,Teacher,21
2024,MO,Gateway Science Academy - Smiley,GATEWAY SCIENCE ACADEMY SMILEY,8,prti,Student Responsibility,Supplemental,Teacher,12
2024,MO,Gateway Science Academy - South,GATEWAY SCIENCE ACADEMY SOUTH,8,prti,Student Responsibility,Supplemental,Teacher,1
2024,MN,Horizon Science Academy - Twin Cities,HORIZON SCIENCE ACADEMY TWIN CITIES,1,prti,Student Responsibility,Supplemental,Teacher,1
2024,MN,Minnesota Math and Science Academy,MINNESOTA MATH AND SCIENCE ACADEMY,1,prti,Student Responsibility,Supplemental,Teacher,13
2024,DC,Horizon Science Academy - Cincinnati,HORIZON SCIENCE ACADEMY CINCINNATI,1,prti,Student Responsibility,Supplemental,Teacher,7
2024,NO,Horizon Science Academy - Cleveland High,HORIZON SCIENCE ACADEMY CLEVELAND HIGH,2,prti,Student Responsibility,Supplemental,Teacher,45
2024,Unassigned,Horizon Science Academy - Cleveland Middle,HORIZON SCIENCE ACADEMY CLEVELAND MIDDLE,1,prti,Student Responsibility,Supplemental,Teacher,21
2024,Columbus,Horizon Science Academy - Columbus Elementary,HORIZON SCIENCE ACADEMY COLUMBUS ELEMENTARY,8,prti,Student Responsibility,Supplemental,Teacher,7
2024,Unassigned,Horizon Science Academy - Columbus High,HORIZON SCIENCE ACADEMY COLUMBUS HIGH,2,prti,Student Responsibility,Supplemental,Teacher,50
2024,Columbus,Horizon Science Academy - Columbus Middle,HORIZON SCIENCE ACADEMY COLUMBUS MIDDLE,9,prti,Student Responsibility,Supplemental,Teacher,1
2024,Columbus,Horizon Science Academy - Columbus Primary,HORIZON SCIENCE ACADEMY COLUMBUS PRIMARY,8,prti,Student Responsibility,Supplemental,Teacher,36
2024,DC,Horizon Science Academy - Dayton Downtown,HORIZON SCIENCE ACADEMY DAYTON DOWNTOWN,1,prti,Student Responsibility,Supplemental,Teacher,1
2024,DC,Horizon Science Academy - Dayton Elementary,HORIZON SCIENCE ACADEMY DAYTON ELEMENTARY,8,prti,Student Responsibility,Supplemental,Teacher,1
2024,DC,Horizon Science Academy - Dayton High,HORIZON SCIENCE ACADEMY DAYTON HIGH,2,prti,Student Responsibility,Supplemental,Teacher,43
2024,Unassigned,Horizon Science Academy - Denison Middle,HORIZON SCIENCE ACADEMY DENISON MIDDLE,1,prti,Student Responsibility,Supplemental,Teacher,3
2024,Unassigned,Horizon Science Academy - Lorain,HORIZON SCIENCE ACADEMY LORAIN,1,prti,Student Responsibility,Supplemental,Teacher,18
2024,Unassigned,Horizon Science Academy - Springfield,HORIZON SCIENCE ACADEMY SPRINGFIELD,1,prti,Student Responsibility,Supplemental,Teacher,13
2024,Unassigned,Horizon Science Academy - Toledo,HORIZON SCIENCE ACADEMY TOLEDO,1,prti,Student Responsibility,Supplemental,Teacher,20
2024,Unassigned,Horizon Science Academy - Youngstown,HORIZON SCIENCE ACADEMY YOUNGSTOWN,1,prti,Student Responsibility,Supplemental,Teacher,18
2024,Unassigned,Noble Academy Cleveland,NOBLE ACADEMY CLEVELAND,1,prti,Student Responsibility,Supplemental,Teacher,20
2024,Columbus,Noble Academy Columbus,NOBLE ACADEMY COLUMBUS,1,prti,Student Responsibility,Supplemental,Teacher,33
2024,MO,Gateway Science Academy High - Fyler,GATEWAY SCIENCE ACADEMY HIGH FYLER,2,prti,Student Responsibility,Supplemental,Teacher,53
2024,MO,Gateway Science Academy Middle - Fyler,GATEWAY SCIENCE ACADEMY MIDDLE FYLER,9,prti,Student Responsibility,Supplemental,Teacher,7
2025,MO,Gateway Science Academy - Smiley,GATEWAY SCIENCE ACADEMY SMILEY,8,prti,Student Responsibility,Supplemental,Teacher,11
2025,MO,Gateway Science Academy - South,GATEWAY SCIENCE ACADEMY SOUTH,8,prti,Student Responsibility,Supplemental,Teacher,1
2025,MO,Gateway Science Academy High - Fyler,GATEWAY SCIENCE ACADEMY HIGH FYLER,2,prti,Student Responsibility,Supplemental,Teacher,64
2025,MO,Gateway Science Academy Middle - Fyler,GATEWAY SCIENCE ACADEMY MIDDLE FYLER,9,prti,Student Responsibility,Supplemental,Teacher,21
2025,DC,Horizon Science Academy - Cincinnati,HORIZON SCIENCE ACADEMY CINCINNATI,1,prti,Student Responsibility,Supplemental,Teacher,1
2025,NO,Horizon Science Academy - Cleveland High,HORIZON SCIENCE ACADEMY CLEVELAND HIGH,2,prti,Student Responsibility,Supplemental,Teacher,46
2025,Unassigned,Horizon Science Academy - Cleveland Middle,HORIZON SCIENCE ACADEMY CLEVELAND MIDDLE,1,prti,Student Responsibility,Supplemental,Teacher,5
2025,Columbus,Horizon Science Academy - Columbus Elementary,HORIZON SCIENCE ACADEMY COLUMBUS ELEMENTARY,8,prti,Student Responsibility,Supplemental,Teacher,1
2025,Unassigned,Horizon Science Academy - Columbus High,HORIZON SCIENCE ACADEMY COLUMBUS HIGH,2,prti,Student Responsibility,Supplemental,Teacher,50
2025,Columbus,Horizon Science Academy - Columbus Middle,HORIZON SCIENCE ACADEMY COLUMBUS MIDDLE,9,prti,Student Responsibility,Supplemental,Teacher,3
2025,Columbus,Horizon Science Academy - Columbus Primary,HORIZON SCIENCE ACADEMY COLUMBUS PRIMARY,8,prti,Student Responsibility,Supplemental,Teacher,21
2025,DC,Horizon Science Academy - Dayton Downtown,HORIZON SCIENCE ACADEMY DAYTON DOWNTOWN,1,prti,Student Responsibility,Supplemental,Teacher,21
2025,DC,Horizon Science Academy - Dayton Elementary,HORIZON SCIENCE ACADEMY DAYTON ELEMENTARY,8,prti,Student Responsibility,Supplemental,Teacher,1
2025,DC,Horizon Science Academy - Dayton High,HORIZON SCIENCE ACADEMY DAYTON HIGH,2,prti,Student Responsibility,Supplemental,Teacher,40
2025,Unassigned,Horizon Science Academy - Denison Middle,HORIZON SCIENCE ACADEMY DENISON MIDDLE,1,prti,Student Responsibility,Supplemental,Teacher,1
2025,IA,Horizon Science Academy - Des Moines,HORIZON SCIENCE ACADEMY DES MOINES,8,prti,Student Responsibility,Supplemental,Teacher,1
2025,Unassigned,Horizon Science Academy - Lorain,HORIZON SCIENCE ACADEMY LORAIN,1,prti,Student Responsibility,Supplemental,Teacher,33
2025,Unassigned,Horizon Science Academy - Springfield,HORIZON SCIENCE ACADEMY SPRINGFIELD,1,prti,Student Responsibility,Supplemental,Teacher,18
2025,Unassigned,Horizon Science Academy - Toledo,HORIZON SCIENCE ACADEMY TOLEDO,1,prti,Student Responsibility,Supplemental,Teacher,30
2025,MN,Horizon Science Academy - Twin Cities,HORIZON SCIENCE ACADEMY TWIN CITIES,1,prti,Student Responsibility,Supplemental,Teacher,22
2025,Unassigned,Horizon Science Academy - Youngstown,HORIZON SCIENCE ACADEMY YOUNGSTOWN,1,prti,Student Responsibility,Supplemental,Teacher,24
2025,IN,Indiana Math and Science Academy - North,INDIANA MATH AND SCIENCE ACADEMY NORTH,1,prti,Student Responsibility,Supplemental,Teacher,18
2025,IN,Indiana Math and Science Academy - West,INDIANA MATH AND SCIENCE ACADEMY WEST,1,prti,Student Responsibility,Supplemental,Teacher,51
2025,MI,Michigan Math and Science Academy - Dequindre,MICHIGAN MATH AND SCIENCE ACADEMY DEQUINDRE,1,prti,Student Responsibility,Supplemental,Teacher,11
2025,MI,Michigan Math and Science Academy - Lorraine,MICHIGAN MATH AND SCIENCE ACADEMY LORRAINE,1,prti,Student Responsibility,Supplemental,Teacher,13
2025,MN,Minnesota Math and Science Academy,MINNESOTA MATH AND SCIENCE ACADEMY,1,prti,Student Responsibility,Supplemental,Teacher,26
2025,Unassigned,Noble Academy Cleveland,NOBLE ACADEMY CLEVELAND,1,prti,Student Responsibility,Supplemental,Teacher,12
2025,Columbus,Noble Academy Columbus,NOBLE ACADEMY COLUMBUS,1,prti,Student Responsibility,Supplemental,Teacher,26
2024,IN,Indiana Math and Science Academy - North,INDIANA MATH AND SCIENCE ACADEMY NORTH,1,qpd2,Quality Professional Development,Collaborative Teachers,Teacher,25
2024,IN,Indiana Math and Science Academy - West,INDIANA MATH AND SCIENCE ACADEMY WEST,1,qpd2,Quality Professional Development,Collaborative Teachers,Teacher,44
2024,MI,Michigan Math and Science Academy - Dequindre,MICHIGAN MATH AND SCIENCE ACADEMY DEQUINDRE,1,qpd2,Quality Professional Development,Collaborative Teachers,Teacher,42
2024,MI,Michigan Math and Science Academy - Lorraine,MICHIGAN MATH AND SCIENCE ACADEMY LORRAINE,1,qpd2,Quality Professional Development,Collaborative Teachers,Teacher,21
2024,MO,Gateway Science Academy - Smiley,GATEWAY SCIENCE ACADEMY SMILEY,8,qpd2,Quality Professional Development,Collaborative Teachers,Teacher,39
2024,MO,Gateway Science Academy - South,GATEWAY SCIENCE ACADEMY SOUTH,8,qpd2,Quality Professional Development,Collaborative Teachers,Teacher,17
2024,MN,Horizon Science Academy - Twin Cities,HORIZON SCIENCE ACADEMY TWIN CITIES,1,qpd2,Quality Professional Development,Collaborative Teachers,Teacher,28
2024,MN,Minnesota Math and Science Academy,MINNESOTA MATH AND SCIENCE ACADEMY,1,qpd2,Quality Professional Development,Collaborative Teachers,Teacher,17
2024,DC,Horizon Science Academy - Cincinnati,HORIZON SCIENCE ACADEMY CINCINNATI,1,qpd2,Quality Professional Development,Collaborative Teachers,Teacher,26
2024,NO,Horizon Science Academy - Cleveland High,HORIZON SCIENCE ACADEMY CLEVELAND HIGH,2,qpd2,Quality Professional Development,Collaborative Teachers,Teacher,54
2024,Unassigned,Horizon Science Academy - Cleveland Middle,HORIZON SCIENCE ACADEMY CLEVELAND MIDDLE,1,qpd2,Quality Professional Development,Collaborative Teachers,Teacher,57
2024,Columbus,Horizon Science Academy - Columbus Elementary,HORIZON SCIENCE ACADEMY COLUMBUS ELEMENTARY,8,qpd2,Quality Professional Development,Collaborative Teachers,Teacher,34
2024,Unassigned,Horizon Science Academy - Columbus High,HORIZON SCIENCE ACADEMY COLUMBUS HIGH,2,qpd2,Quality Professional Development,Collaborative Teachers,Teacher,72
2024,Columbus,Horizon Science Academy - Columbus Middle,HORIZON SCIENCE ACADEMY COLUMBUS MIDDLE,9,qpd2,Quality Professional Development,Collaborative Teachers,Teacher,73
2024,Columbus,Horizon Science Academy - Columbus Primary,HORIZON SCIENCE ACADEMY COLUMBUS PRIMARY,8,qpd2,Quality Professional Development,Collaborative Teachers,Teacher,50
2024,DC,Horizon Science Academy - Dayton Downtown,HORIZON SCIENCE ACADEMY DAYTON DOWNTOWN,1,qpd2,Quality Professional Development,Collaborative Teachers,Teacher,32
2024,DC,Horizon Science Academy - Dayton Elementary,HORIZON SCIENCE ACADEMY DAYTON ELEMENTARY,8,qpd2,Quality Professional Development,Collaborative Teachers,Teacher,37
2024,DC,Horizon Science Academy - Dayton High,HORIZON SCIENCE ACADEMY DAYTON HIGH,2,qpd2,Quality Professional Development,Collaborative Teachers,Teacher,60
2024,Unassigned,Horizon Science Academy - Denison Middle,HORIZON SCIENCE ACADEMY DENISON MIDDLE,1,qpd2,Quality Professional Development,Collaborative Teachers,Teacher,53
2024,Unassigned,Horizon Science Academy - Lorain,HORIZON SCIENCE ACADEMY LORAIN,1,qpd2,Quality Professional Development,Collaborative Teachers,Teacher,23
2024,Unassigned,Horizon Science Academy - Springfield,HORIZON SCIENCE ACADEMY SPRINGFIELD,1,qpd2,Quality Professional Development,Collaborative Teachers,Teacher,42
2024,Unassigned,Horizon Science Academy - Toledo,HORIZON SCIENCE ACADEMY TOLEDO,1,qpd2,Quality Professional Development,Collaborative Teachers,Teacher,64
2024,Unassigned,Horizon Science Academy - Youngstown,HORIZON SCIENCE ACADEMY YOUNGSTOWN,1,qpd2,Quality Professional Development,Collaborative Teachers,Teacher,39
2024,Unassigned,Noble Academy Cleveland,NOBLE ACADEMY CLEVELAND,1,qpd2,Quality Professional Development,Collaborative Teachers,Teacher,28
2024,Columbus,Noble Academy Columbus,NOBLE ACADEMY COLUMBUS,1,qpd2,Quality Professional Development,Collaborative Teachers,Teacher,57
2024,MO,Gateway Science Academy High - Fyler,GATEWAY SCIENCE ACADEMY HIGH FYLER,2,qpd2,Quality Professional Development,Collaborative Teachers,Teacher,38
2024,MO,Gateway Science Academy Middle - Fyler,GATEWAY SCIENCE ACADEMY MIDDLE FYLER,9,qpd2,Quality Professional Development,Collaborative Teachers,Teacher,51
2024,IA,Horizon Science Academy - Des Moines,HORIZON SCIENCE ACADEMY DES MOINES,8,qpd2,Quality Professional Development,Collaborative Teachers,Teacher,12
2025,MO,Gateway Science Academy - Smiley,GATEWAY SCIENCE ACADEMY SMILEY,8,qpd2,Quality Professional Development,Collaborative Teachers,Teacher,35
2025,MO,Gateway Science Academy - South,GATEWAY SCIENCE ACADEMY SOUTH,8,qpd2,Quality Professional Development,Collaborative Teachers,Teacher,36
2025,MO,Gateway Science Academy High - Fyler,GATEWAY SCIENCE ACADEMY HIGH FYLER,2,qpd2,Quality Professional Development,Collaborative Teachers,Teacher,65
2025,MO,Gateway Science Academy Middle - Fyler,GATEWAY SCIENCE ACADEMY MIDDLE FYLER,9,qpd2,Quality Professional Development,Collaborative Teachers,Teacher,75
2025,DC,Horizon Science Academy - Cincinnati,HORIZON SCIENCE ACADEMY CINCINNATI,1,qpd2,Quality Professional Development,Collaborative Teachers,Teacher,14
2025,NO,Horizon Science Academy - Cleveland High,HORIZON SCIENCE ACADEMY CLEVELAND HIGH,2,qpd2,Quality Professional Development,Collaborative Teachers,Teacher,97
2025,Unassigned,Horizon Science Academy - Cleveland Middle,HORIZON SCIENCE ACADEMY CLEVELAND MIDDLE,1,qpd2,Quality Professional Development,Collaborative Teachers,Teacher,53
2025,Columbus,Horizon Science Academy - Columbus Elementary,HORIZON SCIENCE ACADEMY COLUMBUS ELEMENTARY,8,qpd2,Quality Professional Development,Collaborative Teachers,Teacher,24
2025,Unassigned,Horizon Science Academy - Columbus High,HORIZON SCIENCE ACADEMY COLUMBUS HIGH,2,qpd2,Quality Professional Development,Collaborative Teachers,Teacher,52
2025,Columbus,Horizon Science Academy - Columbus Middle,HORIZON SCIENCE ACADEMY COLUMBUS MIDDLE,9,qpd2,Quality Professional Development,Collaborative Teachers,Teacher,61
2025,Columbus,Horizon Science Academy - Columbus Primary,HORIZON SCIENCE ACADEMY COLUMBUS PRIMARY,8,qpd2,Quality Professional Development,Collaborative Teachers,Teacher,57
2025,DC,Horizon Science Academy - Dayton Downtown,HORIZON SCIENCE ACADEMY DAYTON DOWNTOWN,1,qpd2,Quality Professional Development,Collaborative Teachers,Teacher,58
2025,DC,Horizon Science Academy - Dayton Elementary,HORIZON SCIENCE ACADEMY DAYTON ELEMENTARY,8,qpd2,Quality Professional Development,Collaborative Teachers,Teacher,35
2025,DC,Horizon Science Academy - Dayton High,HORIZON SCIENCE ACADEMY DAYTON HIGH,2,qpd2,Quality Professional Development,Collaborative Teachers,Teacher,88
2025,Unassigned,Horizon Science Academy - Denison Middle,HORIZON SCIENCE ACADEMY DENISON MIDDLE,1,qpd2,Quality Professional Development,Collaborative Teachers,Teacher,65
2025,IA,Horizon Science Academy - Des Moines,HORIZON SCIENCE ACADEMY DES MOINES,8,qpd2,Quality Professional Development,Collaborative Teachers,Teacher,23
2025,Unassigned,Horizon Science Academy - Lorain,HORIZON SCIENCE ACADEMY LORAIN,1,qpd2,Quality Professional Development,Collaborative Teachers,Teacher,41
2025,Unassigned,Horizon Science Academy - Springfield,HORIZON SCIENCE ACADEMY SPRINGFIELD,1,qpd2,Quality Professional Development,Collaborative Teachers,Teacher,35
2025,Unassigned,Horizon Science Academy - Toledo,HORIZON SCIENCE ACADEMY TOLEDO,1,qpd2,Quality Professional Development,Collaborative Teachers,Teacher,48
2025,MN,Horizon Science Academy - Twin Cities,HORIZON SCIENCE ACADEMY TWIN CITIES,1,qpd2,Quality Professional Development,Collaborative Teachers,Teacher,48
2025,Unassigned,Horizon Science Academy - Youngstown,HORIZON SCIENCE ACADEMY YOUNGSTOWN,1,qpd2,Quality Professional Development,Collaborative Teachers,Teacher,50
2025,IN,Indiana Math and Science Academy - North,INDIANA MATH AND SCIENCE ACADEMY NORTH,1,qpd2,Quality Professional Development,Collaborative Teachers,Teacher,41
2025,IN,Indiana Math and Science Academy - West,INDIANA MATH AND SCIENCE ACADEMY WEST,1,qpd2,Quality Professional Development,Collaborative Teachers,Teacher,31
2025,MI,Michigan Math and Science Academy - Dequindre,MICHIGAN MATH AND SCIENCE ACADEMY DEQUINDRE,1,qpd2,Quality Professional Development,Collaborative Teachers,Teacher,38
2025,MI,Michigan Math and Science Academy - Lorraine,MICHIGAN MATH AND SCIENCE ACADEMY LORRAINE,1,qpd2,Quality Professional Development,Collaborative Teachers,Teacher,23
2025,MN,Minnesota Math and Science Academy,MINNESOTA MATH AND SCIENCE ACADEMY,1,qpd2,Quality Professional Development,Collaborative Teachers,Teacher,53
2025,Unassigned,Noble Academy Cleveland,NOBLE ACADEMY CLEVELAND,1,qpd2,Quality Professional Development,Collaborative Teachers,Teacher,38
2025,Columbus,Noble Academy Columbus,NOBLE ACADEMY COLUMBUS,1,qpd2,Quality Professional Development,Collaborative Teachers,Teacher,46
2024,IN,Indiana Math and Science Academy - North,INDIANA MATH AND SCIENCE ACADEMY NORTH,1,refd,Relective Dialogue,Supplemental,Teacher,12
2024,IN,Indiana Math and Science Academy - West,INDIANA MATH AND SCIENCE ACADEMY WEST,1,refd,Relective Dialogue,Supplemental,Teacher,38
2024,MI,Michigan Math and Science Academy - Dequindre,MICHIGAN MATH AND SCIENCE ACADEMY DEQUINDRE,1,refd,Relective Dialogue,Supplemental,Teacher,22
2024,MI,Michigan Math and Science Academy - Lorraine,MICHIGAN MATH AND SCIENCE ACADEMY LORRAINE,1,refd,Relective Dialogue,Supplemental,Teacher,24
2024,MO,Gateway Science Academy - Smiley,GATEWAY SCIENCE ACADEMY SMILEY,8,refd,Relective Dialogue,Supplemental,Teacher,24
2024,MO,Gateway Science Academy - South,GATEWAY SCIENCE ACADEMY SOUTH,8,refd,Relective Dialogue,Supplemental,Teacher,12
2024,MN,Horizon Science Academy - Twin Cities,HORIZON SCIENCE ACADEMY TWIN CITIES,1,refd,Relective Dialogue,Supplemental,Teacher,25
2024,MN,Minnesota Math and Science Academy,MINNESOTA MATH AND SCIENCE ACADEMY,1,refd,Relective Dialogue,Supplemental,Teacher,4
2024,DC,Horizon Science Academy - Cincinnati,HORIZON SCIENCE ACADEMY CINCINNATI,1,refd,Relective Dialogue,Supplemental,Teacher,24
2024,NO,Horizon Science Academy - Cleveland High,HORIZON SCIENCE ACADEMY CLEVELAND HIGH,2,refd,Relective Dialogue,Supplemental,Teacher,41
2024,Unassigned,Horizon Science Academy - Cleveland Middle,HORIZON SCIENCE ACADEMY CLEVELAND MIDDLE,1,refd,Relective Dialogue,Supplemental,Teacher,39
2024,Columbus,Horizon Science Academy - Columbus Elementary,HORIZON SCIENCE ACADEMY COLUMBUS ELEMENTARY,8,refd,Relective Dialogue,Supplemental,Teacher,12
2024,Unassigned,Horizon Science Academy - Columbus High,HORIZON SCIENCE ACADEMY COLUMBUS HIGH,2,refd,Relective Dialogue,Supplemental,Teacher,45
2024,Columbus,Horizon Science Academy - Columbus Middle,HORIZON SCIENCE ACADEMY COLUMBUS MIDDLE,9,refd,Relective Dialogue,Supplemental,Teacher,33
2024,Columbus,Horizon Science Academy - Columbus Primary,HORIZON SCIENCE ACADEMY COLUMBUS PRIMARY,8,refd,Relective Dialogue,Supplemental,Teacher,38
2024,DC,Horizon Science Academy - Dayton Downtown,HORIZON SCIENCE ACADEMY DAYTON DOWNTOWN,1,refd,Relective Dialogue,Supplemental,Teacher,1
2024,DC,Horizon Science Academy - Dayton Elementary,HORIZON SCIENCE ACADEMY DAYTON ELEMENTARY,8,refd,Relective Dialogue,Supplemental,Teacher,33
2024,DC,Horizon Science Academy - Dayton High,HORIZON SCIENCE ACADEMY DAYTON HIGH,2,refd,Relective Dialogue,Supplemental,Teacher,44
2024,Unassigned,Horizon Science Academy - Denison Middle,HORIZON SCIENCE ACADEMY DENISON MIDDLE,1,refd,Relective Dialogue,Supplemental,Teacher,45
2024,Unassigned,Horizon Science Academy - Lorain,HORIZON SCIENCE ACADEMY LORAIN,1,refd,Relective Dialogue,Supplemental,Teacher,29
2024,Unassigned,Horizon Science Academy - Springfield,HORIZON SCIENCE ACADEMY SPRINGFIELD,1,refd,Relective Dialogue,Supplemental,Teacher,44
2024,Unassigned,Horizon Science Academy - Toledo,HORIZON SCIENCE ACADEMY TOLEDO,1,refd,Relective Dialogue,Supplemental,Teacher,23
2024,Unassigned,Horizon Science Academy - Youngstown,HORIZON SCIENCE ACADEMY YOUNGSTOWN,1,refd,Relective Dialogue,Supplemental,Teacher,27
2024,Unassigned,Noble Academy Cleveland,NOBLE ACADEMY CLEVELAND,1,refd,Relective Dialogue,Supplemental,Teacher,3
2024,Columbus,Noble Academy Columbus,NOBLE ACADEMY COLUMBUS,1,refd,Relective Dialogue,Supplemental,Teacher,45
2024,MO,Gateway Science Academy High - Fyler,GATEWAY SCIENCE ACADEMY HIGH FYLER,2,refd,Relective Dialogue,Supplemental,Teacher,43
2024,MO,Gateway Science Academy Middle - Fyler,GATEWAY SCIENCE ACADEMY MIDDLE FYLER,9,refd,Relective Dialogue,Supplemental,Teacher,45
2024,IA,Horizon Science Academy - Des Moines,HORIZON SCIENCE ACADEMY DES MOINES,8,refd,Relective Dialogue,Supplemental,Teacher,15
2025,MO,Gateway Science Academy - Smiley,GATEWAY SCIENCE ACADEMY SMILEY,8,refd,Relective Dialogue,Supplemental,Teacher,22
2025,MO,Gateway Science Academy - South,GATEWAY SCIENCE ACADEMY SOUTH,8,refd,Relective Dialogue,Supplemental,Teacher,24
2025,MO,Gateway Science Academy High - Fyler,GATEWAY SCIENCE ACADEMY HIGH FYLER,2,refd,Relective Dialogue,Supplemental,Teacher,39
2025,MO,Gateway Science Academy Middle - Fyler,GATEWAY SCIENCE ACADEMY MIDDLE FYLER,9,refd,Relective Dialogue,Supplemental,Teacher,70
2025,DC,Horizon Science Academy - Cincinnati,HORIZON SCIENCE ACADEMY CINCINNATI,1,refd,Relective Dialogue,Supplemental,Teacher,26
2025,NO,Horizon Science Academy - Cleveland High,HORIZON SCIENCE ACADEMY CLEVELAND HIGH,2,refd,Relective Dialogue,Supplemental,Teacher,59
2025,Unassigned,Horizon Science Academy - Cleveland Middle,HORIZON SCIENCE ACADEMY CLEVELAND MIDDLE,1,refd,Relective Dialogue,Supplemental,Teacher,27
2025,Columbus,Horizon Science Academy - Columbus Elementary,HORIZON SCIENCE ACADEMY COLUMBUS ELEMENTARY,8,refd,Relective Dialogue,Supplemental,Teacher,1
2025,Unassigned,Horizon Science Academy - Columbus High,HORIZON SCIENCE ACADEMY COLUMBUS HIGH,2,refd,Relective Dialogue,Supplemental,Teacher,20
2025,Columbus,Horizon Science Academy - Columbus Middle,HORIZON SCIENCE ACADEMY COLUMBUS MIDDLE,9,refd,Relective Dialogue,Supplemental,Teacher,11
2025,Columbus,Horizon Science Academy - Columbus Primary,HORIZON SCIENCE ACADEMY COLUMBUS PRIMARY,8,refd,Relective Dialogue,Supplemental,Teacher,28
2025,DC,Horizon Science Academy - Dayton Downtown,HORIZON SCIENCE ACADEMY DAYTON DOWNTOWN,1,refd,Relective Dialogue,Supplemental,Teacher,24
2025,DC,Horizon Science Academy - Dayton Elementary,HORIZON SCIENCE ACADEMY DAYTON ELEMENTARY,8,refd,Relective Dialogue,Supplemental,Teacher,1
2025,DC,Horizon Science Academy - Dayton High,HORIZON SCIENCE ACADEMY DAYTON HIGH,2,refd,Relective Dialogue,Supplemental,Teacher,65
2025,Unassigned,Horizon Science Academy - Denison Middle,HORIZON SCIENCE ACADEMY DENISON MIDDLE,1,refd,Relective Dialogue,Supplemental,Teacher,43
2025,IA,Horizon Science Academy - Des Moines,HORIZON SCIENCE ACADEMY DES MOINES,8,refd,Relective Dialogue,Supplemental,Teacher,1
2025,Unassigned,Horizon Science Academy - Lorain,HORIZON SCIENCE ACADEMY LORAIN,1,refd,Relective Dialogue,Supplemental,Teacher,38
2025,Unassigned,Horizon Science Academy - Springfield,HORIZON SCIENCE ACADEMY SPRINGFIELD,1,refd,Relective Dialogue,Supplemental,Teacher,28
2025,Unassigned,Horizon Science Academy - Toledo,HORIZON SCIENCE ACADEMY TOLEDO,1,refd,Relective Dialogue,Supplemental,Teacher,17
2025,MN,Horizon Science Academy - Twin Cities,HORIZON SCIENCE ACADEMY TWIN CITIES,1,refd,Relective Dialogue,Supplemental,Teacher,1
2025,Unassigned,Horizon Science Academy - Youngstown,HORIZON SCIENCE ACADEMY YOUNGSTOWN,1,refd,Relective Dialogue,Supplemental,Teacher,39
2025,IN,Indiana Math and Science Academy - North,INDIANA MATH AND SCIENCE ACADEMY NORTH,1,refd,Relective Dialogue,Supplemental,Teacher,28
2025,IN,Indiana Math and Science Academy - West,INDIANA MATH AND SCIENCE ACADEMY WEST,1,refd,Relective Dialogue,Supplemental,Teacher,52
2025,MI,Michigan Math and Science Academy - Dequindre,MICHIGAN MATH AND SCIENCE ACADEMY DEQUINDRE,1,refd,Relective Dialogue,Supplemental,Teacher,31
2025,MI,Michigan Math and Science Academy - Lorraine,MICHIGAN MATH AND SCIENCE ACADEMY LORRAINE,1,refd,Relective Dialogue,Supplemental,Teacher,27
2025,MN,Minnesota Math and Science Academy,MINNESOTA MATH AND SCIENCE ACADEMY,1,refd,Relective Dialogue,Supplemental,Teacher,20
2025,Unassigned,Noble Academy Cleveland,NOBLE ACADEMY CLEVELAND,1,refd,Relective Dialogue,Supplemental,Teacher,26
2025,Columbus,Noble Academy Columbus,NOBLE ACADEMY COLUMBUS,1,refd,Relective Dialogue,Supplemental,Teacher,19
2024,IN,Indiana Math and Science Academy - North,INDIANA MATH AND SCIENCE ACADEMY NORTH,1,scmt,School Commitment,Collaborative Teachers,Teacher,8
2024,IN,Indiana Math and Science Academy - West,INDIANA MATH AND SCIENCE ACADEMY WEST,1,scmt,School Commitment,Collaborative Teachers,Teacher,49
2024,MI,Michigan Math and Science Academy - Dequindre,MICHIGAN MATH AND SCIENCE ACADEMY DEQUINDRE,1,scmt,School Commitment,Collaborative Teachers,Teacher,13
2024,MI,Michigan Math and Science Academy - Lorraine,MICHIGAN MATH AND SCIENCE ACADEMY LORRAINE,1,scmt,School Commitment,Collaborative Teachers,Teacher,48
2024,MO,Gateway Science Academy - Smiley,GATEWAY SCIENCE ACADEMY SMILEY,8,scmt,School Commitment,Collaborative Teachers,Teacher,31
2024,MO,Gateway Science Academy - South,GATEWAY SCIENCE ACADEMY SOUTH,8,scmt,School Commitment,Collaborative Teachers,Teacher,1
2024,MN,Horizon Science Academy - Twin Cities,HORIZON SCIENCE ACADEMY TWIN CITIES,1,scmt,School Commitment,Collaborative Teachers,Teacher,1
2024,MN,Minnesota Math and Science Academy,MINNESOTA MATH AND SCIENCE ACADEMY,1,scmt,School Commitment,Collaborative Teachers,Teacher,11
2024,DC,Horizon Science Academy - Cincinnati,HORIZON SCIENCE ACADEMY CINCINNATI,1,scmt,School Commitment,Collaborative Teachers,Teacher,46
2024,NO,Horizon Science Academy - Cleveland High,HORIZON SCIENCE ACADEMY CLEVELAND HIGH,2,scmt,School Commitment,Collaborative Teachers,Teacher,52
2024,Unassigned,Horizon Science Academy - Cleveland Middle,HORIZON SCIENCE ACADEMY CLEVELAND MIDDLE,1,scmt,School Commitment,Collaborative Teachers,Teacher,38
2024,Columbus,Horizon Science Academy - Columbus Elementary,HORIZON SCIENCE ACADEMY COLUMBUS ELEMENTARY,8,scmt,School Commitment,Collaborative Teachers,Teacher,18
2024,Unassigned,Horizon Science Academy - Columbus High,HORIZON SCIENCE ACADEMY COLUMBUS HIGH,2,scmt,School Commitment,Collaborative Teachers,Teacher,44
2024,Columbus,Horizon Science Academy - Columbus Middle,HORIZON SCIENCE ACADEMY COLUMBUS MIDDLE,9,scmt,School Commitment,Collaborative Teachers,Teacher,37
2024,Columbus,Horizon Science Academy - Columbus Primary,HORIZON SCIENCE ACADEMY COLUMBUS PRIMARY,8,scmt,School Commitment,Collaborative Teachers,Teacher,21
2024,DC,Horizon Science Academy - Dayton Downtown,HORIZON SCIENCE ACADEMY DAYTON DOWNTOWN,1,scmt,School Commitment,Collaborative Teachers,Teacher,7
2024,DC,Horizon Science Academy - Dayton Elementary,HORIZON SCIENCE ACADEMY DAYTON ELEMENTARY,8,scmt,School Commitment,Collaborative Teachers,Teacher,12
2024,DC,Horizon Science Academy - Dayton High,HORIZON SCIENCE ACADEMY DAYTON HIGH,2,scmt,School Commitment,Collaborative Teachers,Teacher,23
2024,Unassigned,Horizon Science Academy - Denison Middle,HORIZON SCIENCE ACADEMY DENISON MIDDLE,1,scmt,School Commitment,Collaborative Teachers,Teacher,24
2024,Unassigned,Horizon Science Academy - Lorain,HORIZON SCIENCE ACADEMY LORAIN,1,scmt,School Commitment,Collaborative Teachers,Teacher,27
2024,Unassigned,Horizon Science Academy - Springfield,HORIZON SCIENCE ACADEMY SPRINGFIELD,1,scmt,School Commitment,Collaborative Teachers,Teacher,58
2024,Unassigned,Horizon Science Academy - Toledo,HORIZON SCIENCE ACADEMY TOLEDO,1,scmt,School Commitment,Collaborative Teachers,Teacher,41
2024,Unassigned,Horizon Science Academy - Youngstown,HORIZON SCIENCE ACADEMY YOUNGSTOWN,1,scmt,School Commitment,Collaborative Teachers,Teacher,44
2024,Unassigned,Noble Academy Cleveland,NOBLE ACADEMY CLEVELAND,1,scmt,School Commitment,Collaborative Teachers,Teacher,13
2024,Columbus,Noble Academy Columbus,NOBLE ACADEMY COLUMBUS,1,scmt,School Commitment,Collaborative Teachers,Teacher,37
2024,MO,Gateway Science Academy High - Fyler,GATEWAY SCIENCE ACADEMY HIGH FYLER,2,scmt,School Commitment,Collaborative Teachers,Teacher,47
2024,MO,Gateway Science Academy Middle - Fyler,GATEWAY SCIENCE ACADEMY MIDDLE FYLER,9,scmt,School Commitment,Collaborative Teachers,Teacher,36
2024,IA,Horizon Science Academy - Des Moines,HORIZON SCIENCE ACADEMY DES MOINES,8,scmt,School Commitment,Collaborative Teachers,Teacher,1
2025,MO,Gateway Science Academy - Smiley,GATEWAY SCIENCE ACADEMY SMILEY,8,scmt,School Commitment,Collaborative Teachers,Teacher,45
2025,MO,Gateway Science Academy - South,GATEWAY SCIENCE ACADEMY SOUTH,8,scmt,School Commitment,Collaborative Teachers,Teacher,22
2025,MO,Gateway Science Academy High - Fyler,GATEWAY SCIENCE ACADEMY HIGH FYLER,2,scmt,School Commitment,Collaborative Teachers,Teacher,65
2025,MO,Gateway Science Academy Middle - Fyler,GATEWAY SCIENCE ACADEMY MIDDLE FYLER,9,scmt,School Commitment,Collaborative Teachers,Teacher,52
2025,DC,Horizon Science Academy - Cincinnati,HORIZON SCIENCE ACADEMY CINCINNATI,1,scmt,School Commitment,Collaborative Teachers,Teacher,19
2025,NO,Horizon Science Academy - Cleveland High,HORIZON SCIENCE ACADEMY CLEVELAND HIGH,2,scmt,School Commitment,Collaborative Teachers,Teacher,48
2025,Unassigned,Horizon Science Academy - Cleveland Middle,HORIZON SCIENCE ACADEMY CLEVELAND MIDDLE,1,scmt,School Commitment,Collaborative Teachers,Teacher,45
2025,Columbus,Horizon Science Academy - Columbus Elementary,HORIZON SCIENCE ACADEMY COLUMBUS ELEMENTARY,8,scmt,School Commitment,Collaborative Teachers,Teacher,1
2025,Unassigned,Horizon Science Academy - Columbus High,HORIZON SCIENCE ACADEMY COLUMBUS HIGH,2,scmt,School Commitment,Collaborative Teachers,Teacher,31
2025,Columbus,Horizon Science Academy - Columbus Middle,HORIZON SCIENCE ACADEMY COLUMBUS MIDDLE,9,scmt,School Commitment,Collaborative Teachers,Teacher,25
2025,Columbus,Horizon Science Academy - Columbus Primary,HORIZON SCIENCE ACADEMY COLUMBUS PRIMARY,8,scmt,School Commitment,Collaborative Teachers,Teacher,18
2025,DC,Horizon Science Academy - Dayton Downtown,HORIZON SCIENCE ACADEMY DAYTON DOWNTOWN,1,scmt,School Commitment,Collaborative Teachers,Teacher,23
2025,DC,Horizon Science Academy - Dayton Elementary,HORIZON SCIENCE ACADEMY DAYTON ELEMENTARY,8,scmt,School Commitment,Collaborative Teachers,Teacher,19
2025,DC,Horizon Science Academy - Dayton High,HORIZON SCIENCE ACADEMY DAYTON HIGH,2,scmt,School Commitment,Collaborative Teachers,Teacher,37
2025,Unassigned,Horizon Science Academy - Denison Middle,HORIZON SCIENCE ACADEMY DENISON MIDDLE,1,scmt,School Commitment,Collaborative Teachers,Teacher,41
2025,IA,Horizon Science Academy - Des Moines,HORIZON SCIENCE ACADEMY DES MOINES,8,scmt,School Commitment,Collaborative Teachers,Teacher,1
2025,Unassigned,Horizon Science Academy - Lorain,HORIZON SCIENCE ACADEMY LORAIN,1,scmt,School Commitment,Collaborative Teachers,Teacher,39
2025,Unassigned,Horizon Science Academy - Springfield,HORIZON SCIENCE ACADEMY SPRINGFIELD,1,scmt,School Commitment,Collaborative Teachers,Teacher,40
2025,Unassigned,Horizon Science Academy - Toledo,HORIZON SCIENCE ACADEMY TOLEDO,1,scmt,School Commitment,Collaborative Teachers,Teacher,40
2025,MN,Horizon Science Academy - Twin Cities,HORIZON SCIENCE ACADEMY TWIN CITIES,1,scmt,School Commitment,Collaborative Teachers,Teacher,14
2025,Unassigned,Horizon Science Academy - Youngstown,HORIZON SCIENCE ACADEMY YOUNGSTOWN,1,scmt,School Commitment,Collaborative Teachers,Teacher,48
2025,IN,Indiana Math and Science Academy - North,INDIANA MATH AND SCIENCE ACADEMY NORTH,1,scmt,School Commitment,Collaborative Teachers,Teacher,26
2025,IN,Indiana Math and Science Academy - West,INDIANA MATH AND SCIENCE ACADEMY WEST,1,scmt,School Commitment,Collaborative Teachers,Teacher,46
2025,MI,Michigan Math and Science Academy - Dequindre,MICHIGAN MATH AND SCIENCE ACADEMY DEQUINDRE,1,scmt,School Commitment,Collaborative Teachers,Teacher,25
2025,MI,Michigan Math and Science Academy - Lorraine,MICHIGAN MATH AND SCIENCE ACADEMY LORRAINE,1,scmt,School Commitment,Collaborative Teachers,Teacher,45
2025,MN,Minnesota Math and Science Academy,MINNESOTA MATH AND SCIENCE ACADEMY,1,scmt,School Commitment,Collaborative Teachers,Teacher,20
2025,Unassigned,Noble Academy Cleveland,NOBLE ACADEMY CLEVELAND,1,scmt,School Commitment,Collaborative Teachers,Teacher,26
2025,Columbus,Noble Academy Columbus,NOBLE ACADEMY COLUMBUS,1,scmt,School Commitment,Collaborative Teachers,Teacher,22
2024,IN,Indiana Math and Science Academy - North,INDIANA MATH AND SCIENCE ACADEMY NORTH,1,sdis,Quality of Student Discussion,Ambitious Instruction,Teacher,21
2024,IN,Indiana Math and Science Academy - West,INDIANA MATH AND SCIENCE ACADEMY WEST,1,sdis,Quality of Student Discussion,Ambitious Instruction,Teacher,52
2024,MI,Michigan Math and Science Academy - Dequindre,MICHIGAN MATH AND SCIENCE ACADEMY DEQUINDRE,1,sdis,Quality of Student Discussion,Ambitious Instruction,Teacher,11
2024,MI,Michigan Math and Science Academy - Lorraine,MICHIGAN MATH AND SCIENCE ACADEMY LORRAINE,1,sdis,Quality of Student Discussion,Ambitious Instruction,Teacher,27
2024,MO,Gateway Science Academy - Smiley,GATEWAY SCIENCE ACADEMY SMILEY,8,sdis,Quality of Student Discussion,Ambitious Instruction,Teacher,9
2024,MO,Gateway Science Academy - South,GATEWAY SCIENCE ACADEMY SOUTH,8,sdis,Quality of Student Discussion,Ambitious Instruction,Teacher,3
2024,MN,Horizon Science Academy - Twin Cities,HORIZON SCIENCE ACADEMY TWIN CITIES,1,sdis,Quality of Student Discussion,Ambitious Instruction,Teacher,34
2024,MN,Minnesota Math and Science Academy,MINNESOTA MATH AND SCIENCE ACADEMY,1,sdis,Quality of Student Discussion,Ambitious Instruction,Teacher,7
2024,DC,Horizon Science Academy - Cincinnati,HORIZON SCIENCE ACADEMY CINCINNATI,1,sdis,Quality of Student Discussion,Ambitious Instruction,Teacher,6
2024,NO,Horizon Science Academy - Cleveland High,HORIZON SCIENCE ACADEMY CLEVELAND HIGH,2,sdis,Quality of Student Discussion,Ambitious Instruction,Teacher,20
2024,Unassigned,Horizon Science Academy - Cleveland Middle,HORIZON SCIENCE ACADEMY CLEVELAND MIDDLE,1,sdis,Quality of Student Discussion,Ambitious Instruction,Teacher,29
2024,Columbus,Horizon Science Academy - Columbus Elementary,HORIZON SCIENCE ACADEMY COLUMBUS ELEMENTARY,8,sdis,Quality of Student Discussion,Ambitious Instruction,Teacher,15
2024,Unassigned,Horizon Science Academy - Columbus High,HORIZON SCIENCE ACADEMY COLUMBUS HIGH,2,sdis,Quality of Student Discussion,Ambitious Instruction,Teacher,50
2024,Columbus,Horizon Science Academy - Columbus Middle,HORIZON SCIENCE ACADEMY COLUMBUS MIDDLE,9,sdis,Quality of Student Discussion,Ambitious Instruction,Teacher,1
2024,Columbus,Horizon Science Academy - Columbus Primary,HORIZON SCIENCE ACADEMY COLUMBUS PRIMARY,8,sdis,Quality of Student Discussion,Ambitious Instruction,Teacher,26
2024,DC,Horizon Science Academy - Dayton Downtown,HORIZON SCIENCE ACADEMY DAYTON DOWNTOWN,1,sdis,Quality of Student Discussion,Ambitious Instruction,Teacher,10
2024,DC,Horizon Science Academy - Dayton Elementary,HORIZON SCIENCE ACADEMY DAYTON ELEMENTARY,8,sdis,Quality of Student Discussion,Ambitious Instruction,Teacher,1
2024,DC,Horizon Science Academy - Dayton High,HORIZON SCIENCE ACADEMY DAYTON HIGH,2,sdis,Quality of Student Discussion,Ambitious Instruction,Teacher,2
2024,Unassigned,Horizon Science Academy - Denison Middle,HORIZON SCIENCE ACADEMY DENISON MIDDLE,1,sdis,Quality of Student Discussion,Ambitious Instruction,Teacher,21
2024,Unassigned,Horizon Science Academy - Lorain,HORIZON SCIENCE ACADEMY LORAIN,1,sdis,Quality of Student Discussion,Ambitious Instruction,Teacher,5
2024,Unassigned,Horizon Science Academy - Springfield,HORIZON SCIENCE ACADEMY SPRINGFIELD,1,sdis,Quality of Student Discussion,Ambitious Instruction,Teacher,19
2024,Unassigned,Horizon Science Academy - Toledo,HORIZON SCIENCE ACADEMY TOLEDO,1,sdis,Quality of Student Discussion,Ambitious Instruction,Teacher,16
2024,Unassigned,Horizon Science Academy - Youngstown,HORIZON SCIENCE ACADEMY YOUNGSTOWN,1,sdis,Quality of Student Discussion,Ambitious Instruction,Teacher,34
2024,Unassigned,Noble Academy Cleveland,NOBLE ACADEMY CLEVELAND,1,sdis,Quality of Student Discussion,Ambitious Instruction,Teacher,10
2024,Columbus,Noble Academy Columbus,NOBLE ACADEMY COLUMBUS,1,sdis,Quality of Student Discussion,Ambitious Instruction,Teacher,45
2024,MO,Gateway Science Academy High - Fyler,GATEWAY SCIENCE ACADEMY HIGH FYLER,2,sdis,Quality of Student Discussion,Ambitious Instruction,Teacher,59
2024,MO,Gateway Science Academy Middle - Fyler,GATEWAY SCIENCE ACADEMY MIDDLE FYLER,9,sdis,Quality of Student Discussion,Ambitious Instruction,Teacher,20
2025,MO,Gateway Science Academy - Smiley,GATEWAY SCIENCE ACADEMY SMILEY,8,sdis,Quality of Student Discussion,Ambitious Instruction,Teacher,11
2025,MO,Gateway Science Academy - South,GATEWAY SCIENCE ACADEMY SOUTH,8,sdis,Quality of Student Discussion,Ambitious Instruction,Teacher,4
2025,MO,Gateway Science Academy High - Fyler,GATEWAY SCIENCE ACADEMY HIGH FYLER,2,sdis,Quality of Student Discussion,Ambitious Instruction,Teacher,86
2025,MO,Gateway Science Academy Middle - Fyler,GATEWAY SCIENCE ACADEMY MIDDLE FYLER,9,sdis,Quality of Student Discussion,Ambitious Instruction,Teacher,49
2025,DC,Horizon Science Academy - Cincinnati,HORIZON SCIENCE ACADEMY CINCINNATI,1,sdis,Quality of Student Discussion,Ambitious Instruction,Teacher,1
2025,NO,Horizon Science Academy - Cleveland High,HORIZON SCIENCE ACADEMY CLEVELAND HIGH,2,sdis,Quality of Student Discussion,Ambitious Instruction,Teacher,38
2025,Unassigned,Horizon Science Academy - Cleveland Middle,HORIZON SCIENCE ACADEMY CLEVELAND MIDDLE,1,sdis,Quality of Student Discussion,Ambitious Instruction,Teacher,30
2025,Columbus,Horizon Science Academy - Columbus Elementary,HORIZON SCIENCE ACADEMY COLUMBUS ELEMENTARY,8,sdis,Quality of Student Discussion,Ambitious Instruction,Teacher,1
2025,Unassigned,Horizon Science Academy - Columbus High,HORIZON SCIENCE ACADEMY COLUMBUS HIGH,2,sdis,Quality of Student Discussion,Ambitious Instruction,Teacher,32
2025,Columbus,Horizon Science Academy - Columbus Middle,HORIZON SCIENCE ACADEMY COLUMBUS MIDDLE,9,sdis,Quality of Student Discussion,Ambitious Instruction,Teacher,15
2025,Columbus,Horizon Science Academy - Columbus Primary,HORIZON SCIENCE ACADEMY COLUMBUS PRIMARY,8,sdis,Quality of Student Discussion,Ambitious Instruction,Teacher,1
2025,DC,Horizon Science Academy - Dayton Downtown,HORIZON SCIENCE ACADEMY DAYTON DOWNTOWN,1,sdis,Quality of Student Discussion,Ambitious Instruction,Teacher,3
2025,DC,Horizon Science Academy - Dayton Elementary,HORIZON SCIENCE ACADEMY DAYTON ELEMENTARY,8,sdis,Quality of Student Discussion,Ambitious Instruction,Teacher,2
2025,DC,Horizon Science Academy - Dayton High,HORIZON SCIENCE ACADEMY DAYTON HIGH,2,sdis,Quality of Student Discussion,Ambitious Instruction,Teacher,16
2025,Unassigned,Horizon Science Academy - Denison Middle,HORIZON SCIENCE ACADEMY DENISON MIDDLE,1,sdis,Quality of Student Discussion,Ambitious Instruction,Teacher,36
2025,IA,Horizon Science Academy - Des Moines,HORIZON SCIENCE ACADEMY DES MOINES,8,sdis,Quality of Student Discussion,Ambitious Instruction,Teacher,1
2025,Unassigned,Horizon Science Academy - Lorain,HORIZON SCIENCE ACADEMY LORAIN,1,sdis,Quality of Student Discussion,Ambitious Instruction,Teacher,36
2025,Unassigned,Horizon Science Academy - Springfield,HORIZON SCIENCE ACADEMY SPRINGFIELD,1,sdis,Quality of Student Discussion,Ambitious Instruction,Teacher,3
2025,Unassigned,Horizon Science Academy - Toledo,HORIZON SCIENCE ACADEMY TOLEDO,1,sdis,Quality of Student Discussion,Ambitious Instruction,Teacher,30
2025,MN,Horizon Science Academy - Twin Cities,HORIZON SCIENCE ACADEMY TWIN CITIES,1,sdis,Quality of Student Discussion,Ambitious Instruction,Teacher,31
2025,Unassigned,Horizon Science Academy - Youngstown,HORIZON SCIENCE ACADEMY YOUNGSTOWN,1,sdis,Quality of Student Discussion,Ambitious Instruction,Teacher,41
2025,IN,Indiana Math and Science Academy - North,INDIANA MATH AND SCIENCE ACADEMY NORTH,1,sdis,Quality of Student Discussion,Ambitious Instruction,Teacher,14
2025,IN,Indiana Math and Science Academy - West,INDIANA MATH AND SCIENCE ACADEMY WEST,1,sdis,Quality of Student Discussion,Ambitious Instruction,Teacher,45
2025,MI,Michigan Math and Science Academy - Dequindre,MICHIGAN MATH AND SCIENCE ACADEMY DEQUINDRE,1,sdis,Quality of Student Discussion,Ambitious Instruction,Teacher,14
2025,MI,Michigan Math and Science Academy - Lorraine,MICHIGAN MATH AND SCIENCE ACADEMY LORRAINE,1,sdis,Quality of Student Discussion,Ambitious Instruction,Teacher,53
2025,MN,Minnesota Math and Science Academy,MINNESOTA MATH AND SCIENCE ACADEMY,1,sdis,Quality of Student Discussion,Ambitious Instruction,Teacher,21
2025,Unassigned,Noble Academy Cleveland,NOBLE ACADEMY CLEVELAND,1,sdis,Quality of Student Discussion,Ambitious Instruction,Teacher,13
2025,Columbus,Noble Academy Columbus,NOBLE ACADEMY COLUMBUS,1,sdis,Quality of Student Discussion,Ambitious Instruction,Teacher,38
2024,IN,Indiana Math and Science Academy - North,INDIANA MATH AND SCIENCE ACADEMY NORTH,1,socz,Socialization of New Teachers,Supplemental,Teacher,46
2024,IN,Indiana Math and Science Academy - West,INDIANA MATH AND SCIENCE ACADEMY WEST,1,socz,Socialization of New Teachers,Supplemental,Teacher,44
2024,MI,Michigan Math and Science Academy - Dequindre,MICHIGAN MATH AND SCIENCE ACADEMY DEQUINDRE,1,socz,Socialization of New Teachers,Supplemental,Teacher,85
2024,MI,Michigan Math and Science Academy - Lorraine,MICHIGAN MATH AND SCIENCE ACADEMY LORRAINE,1,socz,Socialization of New Teachers,Supplemental,Teacher,99
2024,MO,Gateway Science Academy - Smiley,GATEWAY SCIENCE ACADEMY SMILEY,8,socz,Socialization of New Teachers,Supplemental,Teacher,86
2024,MO,Gateway Science Academy - South,GATEWAY SCIENCE ACADEMY SOUTH,8,socz,Socialization of New Teachers,Supplemental,Teacher,73
2024,MN,Horizon Science Academy - Twin Cities,HORIZON SCIENCE ACADEMY TWIN CITIES,1,socz,Socialization of New Teachers,Supplemental,Teacher,76
2024,MN,Minnesota Math and Science Academy,MINNESOTA MATH AND SCIENCE ACADEMY,1,socz,Socialization of New Teachers,Supplemental,Teacher,75
2024,DC,Horizon Science Academy - Cincinnati,HORIZON SCIENCE ACADEMY CINCINNATI,1,socz,Socialization of New Teachers,Supplemental,Teacher,75
2024,NO,Horizon Science Academy - Cleveland High,HORIZON SCIENCE ACADEMY CLEVELAND HIGH,2,socz,Socialization of New Teachers,Supplemental,Teacher,88
2024,Unassigned,Horizon Science Academy - Cleveland Middle,HORIZON SCIENCE ACADEMY CLEVELAND MIDDLE,1,socz,Socialization of New Teachers,Supplemental,Teacher,76
2024,Columbus,Horizon Science Academy - Columbus Elementary,HORIZON SCIENCE ACADEMY COLUMBUS ELEMENTARY,8,socz,Socialization of New Teachers,Supplemental,Teacher,62
2024,Unassigned,Horizon Science Academy - Columbus High,HORIZON SCIENCE ACADEMY COLUMBUS HIGH,2,socz,Socialization of New Teachers,Supplemental,Teacher,61
2024,Columbus,Horizon Science Academy - Columbus Middle,HORIZON SCIENCE ACADEMY COLUMBUS MIDDLE,9,socz,Socialization of New Teachers,Supplemental,Teacher,66
2024,Columbus,Horizon Science Academy - Columbus Primary,HORIZON SCIENCE ACADEMY COLUMBUS PRIMARY,8,socz,Socialization of New Teachers,Supplemental,Teacher,94
2024,DC,Horizon Science Academy - Dayton Downtown,HORIZON SCIENCE ACADEMY DAYTON DOWNTOWN,1,socz,Socialization of New Teachers,Supplemental,Teacher,21
2024,DC,Horizon Science Academy - Dayton Elementary,HORIZON SCIENCE ACADEMY DAYTON ELEMENTARY,8,socz,Socialization of New Teachers,Supplemental,Teacher,14
2024,DC,Horizon Science Academy - Dayton High,HORIZON SCIENCE ACADEMY DAYTON HIGH,2,socz,Socialization of New Teachers,Supplemental,Teacher,70
2024,Unassigned,Horizon Science Academy - Denison Middle,HORIZON SCIENCE ACADEMY DENISON MIDDLE,1,socz,Socialization of New Teachers,Supplemental,Teacher,71
2024,Unassigned,Horizon Science Academy - Lorain,HORIZON SCIENCE ACADEMY LORAIN,1,socz,Socialization of New Teachers,Supplemental,Teacher,63
2024,Unassigned,Horizon Science Academy - Springfield,HORIZON SCIENCE ACADEMY SPRINGFIELD,1,socz,Socialization of New Teachers,Supplemental,Teacher,85
2024,Unassigned,Horizon Science Academy - Toledo,HORIZON SCIENCE ACADEMY TOLEDO,1,socz,Socialization of New Teachers,Supplemental,Teacher,91
2024,Unassigned,Horizon Science Academy - Youngstown,HORIZON SCIENCE ACADEMY YOUNGSTOWN,1,socz,Socialization of New Teachers,Supplemental,Teacher,45
2024,Unassigned,Noble Academy Cleveland,NOBLE ACADEMY CLEVELAND,1,socz,Socialization of New Teachers,Supplemental,Teacher,48
2024,Columbus,Noble Academy Columbus,NOBLE ACADEMY COLUMBUS,1,socz,Socialization of New Teachers,Supplemental,Teacher,85
2024,MO,Gateway Science Academy High - Fyler,GATEWAY SCIENCE ACADEMY HIGH FYLER,2,socz,Socialization of New Teachers,Supplemental,Teacher,81
2024,MO,Gateway Science Academy Middle - Fyler,GATEWAY SCIENCE ACADEMY MIDDLE FYLER,9,socz,Socialization of New Teachers,Supplemental,Teacher,99
2025,MO,Gateway Science Academy - Smiley,GATEWAY SCIENCE ACADEMY SMILEY,8,socz,Socialization of New Teachers,Supplemental,Teacher,85
2025,MO,Gateway Science Academy - South,GATEWAY SCIENCE ACADEMY SOUTH,8,socz,Socialization of New Teachers,Supplemental,Teacher,80
2025,MO,Gateway Science Academy High - Fyler,GATEWAY SCIENCE ACADEMY HIGH FYLER,2,socz,Socialization of New Teachers,Supplemental,Teacher,84
2025,MO,Gateway Science Academy Middle - Fyler,GATEWAY SCIENCE ACADEMY MIDDLE FYLER,9,socz,Socialization of New Teachers,Supplemental,Teacher,99
2025,DC,Horizon Science Academy - Cincinnati,HORIZON SCIENCE ACADEMY CINCINNATI,1,socz,Socialization of New Teachers,Supplemental,Teacher,29
2025,NO,Horizon Science Academy - Cleveland High,HORIZON SCIENCE ACADEMY CLEVELAND HIGH,2,socz,Socialization of New Teachers,Supplemental,Teacher,99
2025,Unassigned,Horizon Science Academy - Cleveland Middle,HORIZON SCIENCE ACADEMY CLEVELAND MIDDLE,1,socz,Socialization of New Teachers,Supplemental,Teacher,43
2025,Columbus,Horizon Science Academy - Columbus Elementary,HORIZON SCIENCE ACADEMY COLUMBUS ELEMENTARY,8,socz,Socialization of New Teachers,Supplemental,Teacher,60
2025,Unassigned,Horizon Science Academy - Columbus High,HORIZON SCIENCE ACADEMY COLUMBUS HIGH,2,socz,Socialization of New Teachers,Supplemental,Teacher,51
2025,Columbus,Horizon Science Academy - Columbus Middle,HORIZON SCIENCE ACADEMY COLUMBUS MIDDLE,9,socz,Socialization of New Teachers,Supplemental,Teacher,42
2025,Columbus,Horizon Science Academy - Columbus Primary,HORIZON SCIENCE ACADEMY COLUMBUS PRIMARY,8,socz,Socialization of New Teachers,Supplemental,Teacher,55
2025,DC,Horizon Science Academy - Dayton Downtown,HORIZON SCIENCE ACADEMY DAYTON DOWNTOWN,1,socz,Socialization of New Teachers,Supplemental,Teacher,8
2025,DC,Horizon Science Academy - Dayton Elementary,HORIZON SCIENCE ACADEMY DAYTON ELEMENTARY,8,socz,Socialization of New Teachers,Supplemental,Teacher,12
2025,DC,Horizon Science Academy - Dayton High,HORIZON SCIENCE ACADEMY DAYTON HIGH,2,socz,Socialization of New Teachers,Supplemental,Teacher,99
2025,Unassigned,Horizon Science Academy - Denison Middle,HORIZON SCIENCE ACADEMY DENISON MIDDLE,1,socz,Socialization of New Teachers,Supplemental,Teacher,42
2025,IA,Horizon Science Academy - Des Moines,HORIZON SCIENCE ACADEMY DES MOINES,8,socz,Socialization of New Teachers,Supplemental,Teacher,27
2025,Unassigned,Horizon Science Academy - Lorain,HORIZON SCIENCE ACADEMY LORAIN,1,socz,Socialization of New Teachers,Supplemental,Teacher,75
2025,Unassigned,Horizon Science Academy - Springfield,HORIZON SCIENCE ACADEMY SPRINGFIELD,1,socz,Socialization of New Teachers,Supplemental,Teacher,70
2025,Unassigned,Horizon Science Academy - Toledo,HORIZON SCIENCE ACADEMY TOLEDO,1,socz,Socialization of New Teachers,Supplemental,Teacher,72
2025,MN,Horizon Science Academy - Twin Cities,HORIZON SCIENCE ACADEMY TWIN CITIES,1,socz,Socialization of New Teachers,Supplemental,Teacher,35
2025,Unassigned,Horizon Science Academy - Youngstown,HORIZON SCIENCE ACADEMY YOUNGSTOWN,1,socz,Socialization of New Teachers,Supplemental,Teacher,43
2025,IN,Indiana Math and Science Academy - North,INDIANA MATH AND SCIENCE ACADEMY NORTH,1,socz,Socialization of New Teachers,Supplemental,Teacher,51
2025,IN,Indiana Math and Science Academy - West,INDIANA MATH AND SCIENCE ACADEMY WEST,1,socz,Socialization of New Teachers,Supplemental,Teacher,54
2025,MI,Michigan Math and Science Academy - Dequindre,MICHIGAN MATH AND SCIENCE ACADEMY DEQUINDRE,1,socz,Socialization of New Teachers,Supplemental,Teacher,97
2025,MI,Michigan Math and Science Academy - Lorraine,MICHIGAN MATH AND SCIENCE ACADEMY LORRAINE,1,socz,Socialization of New Teachers,Supplemental,Teacher,99
2025,MN,Minnesota Math and Science Academy,MINNESOTA MATH AND SCIENCE ACADEMY,1,socz,Socialization of New Teachers,Supplemental,Teacher,95
2025,Unassigned,Noble Academy Cleveland,NOBLE ACADEMY CLEVELAND,1,socz,Socialization of New Teachers,Supplemental,Teacher,69
2025,Columbus,Noble Academy Columbus,NOBLE ACADEMY COLUMBUS,1,socz,Socialization of New Teachers,Supplemental,Teacher,65
2024,IN,Indiana Math and Science Academy - North,INDIANA MATH AND SCIENCE ACADEMY NORTH,1,trpa,Teacher-Parent Trust,Involved Families,Teacher,11
2024,IN,Indiana Math and Science Academy - West,INDIANA MATH AND SCIENCE ACADEMY WEST,1,trpa,Teacher-Parent Trust,Involved Families,Teacher,40
2024,MI,Michigan Math and Science Academy - Dequindre,MICHIGAN MATH AND SCIENCE ACADEMY DEQUINDRE,1,trpa,Teacher-Parent Trust,Involved Families,Teacher,22
2024,MI,Michigan Math and Science Academy - Lorraine,MICHIGAN MATH AND SCIENCE ACADEMY LORRAINE,1,trpa,Teacher-Parent Trust,Involved Families,Teacher,49
2024,MO,Gateway Science Academy - Smiley,GATEWAY SCIENCE ACADEMY SMILEY,8,trpa,Teacher-Parent Trust,Involved Families,Teacher,32
2024,MO,Gateway Science Academy - South,GATEWAY SCIENCE ACADEMY SOUTH,8,trpa,Teacher-Parent Trust,Involved Families,Teacher,19
2024,MN,Horizon Science Academy - Twin Cities,HORIZON SCIENCE ACADEMY TWIN CITIES,1,trpa,Teacher-Parent Trust,Involved Families,Teacher,26
2024,MN,Minnesota Math and Science Academy,MINNESOTA MATH AND SCIENCE ACADEMY,1,trpa,Teacher-Parent Trust,Involved Families,Teacher,31
2024,DC,Horizon Science Academy - Cincinnati,HORIZON SCIENCE ACADEMY CINCINNATI,1,trpa,Teacher-Parent Trust,Involved Families,Teacher,12
2024,NO,Horizon Science Academy - Cleveland High,HORIZON SCIENCE ACADEMY CLEVELAND HIGH,2,trpa,Teacher-Parent Trust,Involved Families,Teacher,41
2024,Unassigned,Horizon Science Academy - Cleveland Middle,HORIZON SCIENCE ACADEMY CLEVELAND MIDDLE,1,trpa,Teacher-Parent Trust,Involved Families,Teacher,31
2024,Columbus,Horizon Science Academy - Columbus Elementary,HORIZON SCIENCE ACADEMY COLUMBUS ELEMENTARY,8,trpa,Teacher-Parent Trust,Involved Families,Teacher,7
2024,Unassigned,Horizon Science Academy - Columbus High,HORIZON SCIENCE ACADEMY COLUMBUS HIGH,2,trpa,Teacher-Parent Trust,Involved Families,Teacher,30
2024,Columbus,Horizon Science Academy - Columbus Middle,HORIZON SCIENCE ACADEMY COLUMBUS MIDDLE,9,trpa,Teacher-Parent Trust,Involved Families,Teacher,43
2024,Columbus,Horizon Science Academy - Columbus Primary,HORIZON SCIENCE ACADEMY COLUMBUS PRIMARY,8,trpa,Teacher-Parent Trust,Involved Families,Teacher,28
2024,DC,Horizon Science Academy - Dayton Downtown,HORIZON SCIENCE ACADEMY DAYTON DOWNTOWN,1,trpa,Teacher-Parent Trust,Involved Families,Teacher,1
2024,DC,Horizon Science Academy - Dayton Elementary,HORIZON SCIENCE ACADEMY DAYTON ELEMENTARY,8,trpa,Teacher-Parent Trust,Involved Families,Teacher,1
2024,DC,Horizon Science Academy - Dayton High,HORIZON SCIENCE ACADEMY DAYTON HIGH,2,trpa,Teacher-Parent Trust,Involved Families,Teacher,22
2024,Unassigned,Horizon Science Academy - Denison Middle,HORIZON SCIENCE ACADEMY DENISON MIDDLE,1,trpa,Teacher-Parent Trust,Involved Families,Teacher,35
2024,Unassigned,Horizon Science Academy - Lorain,HORIZON SCIENCE ACADEMY LORAIN,1,trpa,Teacher-Parent Trust,Involved Families,Teacher,10
2024,Unassigned,Horizon Science Academy - Springfield,HORIZON SCIENCE ACADEMY SPRINGFIELD,1,trpa,Teacher-Parent Trust,Involved Families,Teacher,18
2024,Unassigned,Horizon Science Academy - Toledo,HORIZON SCIENCE ACADEMY TOLEDO,1,trpa,Teacher-Parent Trust,Involved Families,Teacher,20
2024,Unassigned,Horizon Science Academy - Youngstown,HORIZON SCIENCE ACADEMY YOUNGSTOWN,1,trpa,Teacher-Parent Trust,Involved Families,Teacher,19
2024,Unassigned,Noble Academy Cleveland,NOBLE ACADEMY CLEVELAND,1,trpa,Teacher-Parent Trust,Involved Families,Teacher,30
2024,Columbus,Noble Academy Columbus,NOBLE ACADEMY COLUMBUS,1,trpa,Teacher-Parent Trust,Involved Families,Teacher,57
2024,MO,Gateway Science Academy High - Fyler,GATEWAY SCIENCE ACADEMY HIGH FYLER,2,trpa,Teacher-Parent Trust,Involved Families,Teacher,67
2024,MO,Gateway Science Academy Middle - Fyler,GATEWAY SCIENCE ACADEMY MIDDLE FYLER,9,trpa,Teacher-Parent Trust,Involved Families,Teacher,44
2024,IA,Horizon Science Academy - Des Moines,HORIZON SCIENCE ACADEMY DES MOINES,8,trpa,Teacher-Parent Trust,Involved Families,Teacher,47
2025,MO,Gateway Science Academy - Smiley,GATEWAY SCIENCE ACADEMY SMILEY,8,trpa,Teacher-Parent Trust,Involved Families,Teacher,36
2025,MO,Gateway Science Academy - South,GATEWAY SCIENCE ACADEMY SOUTH,8,trpa,Teacher-Parent Trust,Involved Families,Teacher,31
2025,MO,Gateway Science Academy High - Fyler,GATEWAY SCIENCE ACADEMY HIGH FYLER,2,trpa,Teacher-Parent Trust,Involved Families,Teacher,69
2025,MO,Gateway Science Academy Middle - Fyler,GATEWAY SCIENCE ACADEMY MIDDLE FYLER,9,trpa,Teacher-Parent Trust,Involved Families,Teacher,55
2025,DC,Horizon Science Academy - Cincinnati,HORIZON SCIENCE ACADEMY CINCINNATI,1,trpa,Teacher-Parent Trust,Involved Families,Teacher,10
2025,NO,Horizon Science Academy - Cleveland High,HORIZON SCIENCE ACADEMY CLEVELAND HIGH,2,trpa,Teacher-Parent Trust,Involved Families,Teacher,57
2025,Unassigned,Horizon Science Academy - Cleveland Middle,HORIZON SCIENCE ACADEMY CLEVELAND MIDDLE,1,trpa,Teacher-Parent Trust,Involved Families,Teacher,21
2025,Columbus,Horizon Science Academy - Columbus Elementary,HORIZON SCIENCE ACADEMY COLUMBUS ELEMENTARY,8,trpa,Teacher-Parent Trust,Involved Families,Teacher,1
2025,Unassigned,Horizon Science Academy - Columbus High,HORIZON SCIENCE ACADEMY COLUMBUS HIGH,2,trpa,Teacher-Parent Trust,Involved Families,Teacher,31
2025,Columbus,Horizon Science Academy - Columbus Middle,HORIZON SCIENCE ACADEMY COLUMBUS MIDDLE,9,trpa,Teacher-Parent Trust,Involved Families,Teacher,37
2025,Columbus,Horizon Science Academy - Columbus Primary,HORIZON SCIENCE ACADEMY COLUMBUS PRIMARY,8,trpa,Teacher-Parent Trust,Involved Families,Teacher,30
2025,DC,Horizon Science Academy - Dayton Downtown,HORIZON SCIENCE ACADEMY DAYTON DOWNTOWN,1,trpa,Teacher-Parent Trust,Involved Families,Teacher,14
2025,DC,Horizon Science Academy - Dayton Elementary,HORIZON SCIENCE ACADEMY DAYTON ELEMENTARY,8,trpa,Teacher-Parent Trust,Involved Families,Teacher,8
2025,DC,Horizon Science Academy - Dayton High,HORIZON SCIENCE ACADEMY DAYTON HIGH,2,trpa,Teacher-Parent Trust,Involved Families,Teacher,43
2025,Unassigned,Horizon Science Academy - Denison Middle,HORIZON SCIENCE ACADEMY DENISON MIDDLE,1,trpa,Teacher-Parent Trust,Involved Families,Teacher,31
2025,IA,Horizon Science Academy - Des Moines,HORIZON SCIENCE ACADEMY DES MOINES,8,trpa,Teacher-Parent Trust,Involved Families,Teacher,43
2025,Unassigned,Horizon Science Academy - Lorain,HORIZON SCIENCE ACADEMY LORAIN,1,trpa,Teacher-Parent Trust,Involved Families,Teacher,28
2025,Unassigned,Horizon Science Academy - Springfield,HORIZON SCIENCE ACADEMY SPRINGFIELD,1,trpa,Teacher-Parent Trust,Involved Families,Teacher,9
2025,Unassigned,Horizon Science Academy - Toledo,HORIZON SCIENCE ACADEMY TOLEDO,1,trpa,Teacher-Parent Trust,Involved Families,Teacher,44
2025,MN,Horizon Science Academy - Twin Cities,HORIZON SCIENCE ACADEMY TWIN CITIES,1,trpa,Teacher-Parent Trust,Involved Families,Teacher,17
2025,Unassigned,Horizon Science Academy - Youngstown,HORIZON SCIENCE ACADEMY YOUNGSTOWN,1,trpa,Teacher-Parent Trust,Involved Families,Teacher,19
2025,IN,Indiana Math and Science Academy - North,INDIANA MATH AND SCIENCE ACADEMY NORTH,1,trpa,Teacher-Parent Trust,Involved Families,Teacher,27
2025,IN,Indiana Math and Science Academy - West,INDIANA MATH AND SCIENCE ACADEMY WEST,1,trpa,Teacher-Parent Trust,Involved Families,Teacher,43
2025,MI,Michigan Math and Science Academy - Dequindre,MICHIGAN MATH AND SCIENCE ACADEMY DEQUINDRE,1,trpa,Teacher-Parent Trust,Involved Families,Teacher,28
2025,MI,Michigan Math and Science Academy - Lorraine,MICHIGAN MATH AND SCIENCE ACADEMY LORRAINE,1,trpa,Teacher-Parent Trust,Involved Families,Teacher,43
2025,MN,Minnesota Math and Science Academy,MINNESOTA MATH AND SCIENCE ACADEMY,1,trpa,Teacher-Parent Trust,Involved Families,Teacher,42
2025,Unassigned,Noble Academy Cleveland,NOBLE ACADEMY CLEVELAND,1,trpa,Teacher-Parent Trust,Involved Families,Teacher,23
2025,Columbus,Noble Academy Columbus,NOBLE ACADEMY COLUMBUS,1,trpa,Teacher-Parent Trust,Involved Families,Teacher,51
2024,IN,Indiana Math and Science Academy - North,INDIANA MATH AND SCIENCE ACADEMY NORTH,1,trpr,Teacher-Principal Trust,Effective Leaders,Teacher,52
2024,IN,Indiana Math and Science Academy - West,INDIANA MATH AND SCIENCE ACADEMY WEST,1,trpr,Teacher-Principal Trust,Effective Leaders,Teacher,54
2024,MI,Michigan Math and Science Academy - Dequindre,MICHIGAN MATH AND SCIENCE ACADEMY DEQUINDRE,1,trpr,Teacher-Principal Trust,Effective Leaders,Teacher,34
2024,MI,Michigan Math and Science Academy - Lorraine,MICHIGAN MATH AND SCIENCE ACADEMY LORRAINE,1,trpr,Teacher-Principal Trust,Effective Leaders,Teacher,45
2024,MO,Gateway Science Academy - Smiley,GATEWAY SCIENCE ACADEMY SMILEY,8,trpr,Teacher-Principal Trust,Effective Leaders,Teacher,30
2024,MO,Gateway Science Academy - South,GATEWAY SCIENCE ACADEMY SOUTH,8,trpr,Teacher-Principal Trust,Effective Leaders,Teacher,31
2024,MN,Horizon Science Academy - Twin Cities,HORIZON SCIENCE ACADEMY TWIN CITIES,1,trpr,Teacher-Principal Trust,Effective Leaders,Teacher,4
2024,MN,Minnesota Math and Science Academy,MINNESOTA MATH AND SCIENCE ACADEMY,1,trpr,Teacher-Principal Trust,Effective Leaders,Teacher,39
2024,DC,Horizon Science Academy - Cincinnati,HORIZON SCIENCE ACADEMY CINCINNATI,1,trpr,Teacher-Principal Trust,Effective Leaders,Teacher,46
2024,NO,Horizon Science Academy - Cleveland High,HORIZON SCIENCE ACADEMY CLEVELAND HIGH,2,trpr,Teacher-Principal Trust,Effective Leaders,Teacher,71
2024,Unassigned,Horizon Science Academy - Cleveland Middle,HORIZON SCIENCE ACADEMY CLEVELAND MIDDLE,1,trpr,Teacher-Principal Trust,Effective Leaders,Teacher,42
2024,Columbus,Horizon Science Academy - Columbus Elementary,HORIZON SCIENCE ACADEMY COLUMBUS ELEMENTARY,8,trpr,Teacher-Principal Trust,Effective Leaders,Teacher,31
2024,Unassigned,Horizon Science Academy - Columbus High,HORIZON SCIENCE ACADEMY COLUMBUS HIGH,2,trpr,Teacher-Principal Trust,Effective Leaders,Teacher,39
2024,Columbus,Horizon Science Academy - Columbus Middle,HORIZON SCIENCE ACADEMY COLUMBUS MIDDLE,9,trpr,Teacher-Principal Trust,Effective Leaders,Teacher,58
2024,Columbus,Horizon Science Academy - Columbus Primary,HORIZON SCIENCE ACADEMY COLUMBUS PRIMARY,8,trpr,Teacher-Principal Trust,Effective Leaders,Teacher,53
2024,DC,Horizon Science Academy - Dayton Downtown,HORIZON SCIENCE ACADEMY DAYTON DOWNTOWN,1,trpr,Teacher-Principal Trust,Effective Leaders,Teacher,28
2024,DC,Horizon Science Academy - Dayton Elementary,HORIZON SCIENCE ACADEMY DAYTON ELEMENTARY,8,trpr,Teacher-Principal Trust,Effective Leaders,Teacher,35
2024,DC,Horizon Science Academy - Dayton High,HORIZON SCIENCE ACADEMY DAYTON HIGH,2,trpr,Teacher-Principal Trust,Effective Leaders,Teacher,34
2024,Unassigned,Horizon Science Academy - Denison Middle,HORIZON SCIENCE ACADEMY DENISON MIDDLE,1,trpr,Teacher-Principal Trust,Effective Leaders,Teacher,45
2024,Unassigned,Horizon Science Academy - Lorain,HORIZON SCIENCE ACADEMY LORAIN,1,trpr,Teacher-Principal Trust,Effective Leaders,Teacher,37
2024,Unassigned,Horizon Science Academy - Springfield,HORIZON SCIENCE ACADEMY SPRINGFIELD,1,trpr,Teacher-Principal Trust,Effective Leaders,Teacher,47
2024,Unassigned,Horizon Science Academy - Toledo,HORIZON SCIENCE ACADEMY TOLEDO,1,trpr,Teacher-Principal Trust,Effective Leaders,Teacher,69
2024,Unassigned,Horizon Science Academy - Youngstown,HORIZON SCIENCE ACADEMY YOUNGSTOWN,1,trpr,Teacher-Principal Trust,Effective Leaders,Teacher,47
2024,Unassigned,Noble Academy Cleveland,NOBLE ACADEMY CLEVELAND,1,trpr,Teacher-Principal Trust,Effective Leaders,Teacher,38
2024,Columbus,Noble Academy Columbus,NOBLE ACADEMY COLUMBUS,1,trpr,Teacher-Principal Trust,Effective Leaders,Teacher,56
2024,MO,Gateway Science Academy High - Fyler,GATEWAY SCIENCE ACADEMY HIGH FYLER,2,trpr,Teacher-Principal Trust,Effective Leaders,Teacher,45
2024,MO,Gateway Science Academy Middle - Fyler,GATEWAY SCIENCE ACADEMY MIDDLE FYLER,9,trpr,Teacher-Principal Trust,Effective Leaders,Teacher,38
2024,IA,Horizon Science Academy - Des Moines,HORIZON SCIENCE ACADEMY DES MOINES,8,trpr,Teacher-Principal Trust,Effective Leaders,Teacher,26
2025,MO,Gateway Science Academy - Smiley,GATEWAY SCIENCE ACADEMY SMILEY,8,trpr,Teacher-Principal Trust,Effective Leaders,Teacher,32
2025,MO,Gateway Science Academy - South,GATEWAY SCIENCE ACADEMY SOUTH,8,trpr,Teacher-Principal Trust,Effective Leaders,Teacher,41
2025,MO,Gateway Science Academy High - Fyler,GATEWAY SCIENCE ACADEMY HIGH FYLER,2,trpr,Teacher-Principal Trust,Effective Leaders,Teacher,49
2025,MO,Gateway Science Academy Middle - Fyler,GATEWAY SCIENCE ACADEMY MIDDLE FYLER,9,trpr,Teacher-Principal Trust,Effective Leaders,Teacher,65
2025,DC,Horizon Science Academy - Cincinnati,HORIZON SCIENCE ACADEMY CINCINNATI,1,trpr,Teacher-Principal Trust,Effective Leaders,Teacher,13
2025,NO,Horizon Science Academy - Cleveland High,HORIZON SCIENCE ACADEMY CLEVELAND HIGH,2,trpr,Teacher-Principal Trust,Effective Leaders,Teacher,87
2025,Unassigned,Horizon Science Academy - Cleveland Middle,HORIZON SCIENCE ACADEMY CLEVELAND MIDDLE,1,trpr,Teacher-Principal Trust,Effective Leaders,Teacher,56
2025,Columbus,Horizon Science Academy - Columbus Elementary,HORIZON SCIENCE ACADEMY COLUMBUS ELEMENTARY,8,trpr,Teacher-Principal Trust,Effective Leaders,Teacher,11
2025,Unassigned,Horizon Science Academy - Columbus High,HORIZON SCIENCE ACADEMY COLUMBUS HIGH,2,trpr,Teacher-Principal Trust,Effective Leaders,Teacher,34
2025,Columbus,Horizon Science Academy - Columbus Middle,HORIZON SCIENCE ACADEMY COLUMBUS MIDDLE,9,trpr,Teacher-Principal Trust,Effective Leaders,Teacher,44
2025,Columbus,Horizon Science Academy - Columbus Primary,HORIZON SCIENCE ACADEMY COLUMBUS PRIMARY,8,trpr,Teacher-Principal Trust,Effective Leaders,Teacher,45
2025,DC,Horizon Science Academy - Dayton Downtown,HORIZON SCIENCE ACADEMY DAYTON DOWNTOWN,1,trpr,Teacher-Principal Trust,Effective Leaders,Teacher,51
2025,DC,Horizon Science Academy - Dayton Elementary,HORIZON SCIENCE ACADEMY DAYTON ELEMENTARY,8,trpr,Teacher-Principal Trust,Effective Leaders,Teacher,34
2025,DC,Horizon Science Academy - Dayton High,HORIZON SCIENCE ACADEMY DAYTON HIGH,2,trpr,Teacher-Principal Trust,Effective Leaders,Teacher,56
2025,Unassigned,Horizon Science Academy - Denison Middle,HORIZON SCIENCE ACADEMY DENISON MIDDLE,1,trpr,Teacher-Principal Trust,Effective Leaders,Teacher,55
2025,IA,Horizon Science Academy - Des Moines,HORIZON SCIENCE ACADEMY DES MOINES,8,trpr,Teacher-Principal Trust,Effective Leaders,Teacher,28
2025,Unassigned,Horizon Science Academy - Lorain,HORIZON SCIENCE ACADEMY LORAIN,1,trpr,Teacher-Principal Trust,Effective Leaders,Teacher,52
2025,Unassigned,Horizon Science Academy - Springfield,HORIZON SCIENCE ACADEMY SPRINGFIELD,1,trpr,Teacher-Principal Trust,Effective Leaders,Teacher,41
2025,Unassigned,Horizon Science Academy - Toledo,HORIZON SCIENCE ACADEMY TOLEDO,1,trpr,Teacher-Principal Trust,Effective Leaders,Teacher,56
2025,MN,Horizon Science Academy - Twin Cities,HORIZON SCIENCE ACADEMY TWIN CITIES,1,trpr,Teacher-Principal Trust,Effective Leaders,Teacher,30
2025,Unassigned,Horizon Science Academy - Youngstown,HORIZON SCIENCE ACADEMY YOUNGSTOWN,1,trpr,Teacher-Principal Trust,Effective Leaders,Teacher,50
2025,IN,Indiana Math and Science Academy - North,INDIANA MATH AND SCIENCE ACADEMY NORTH,1,trpr,Teacher-Principal Trust,Effective Leaders,Teacher,47
2025,IN,Indiana Math and Science Academy - West,INDIANA MATH AND SCIENCE ACADEMY WEST,1,trpr,Teacher-Principal Trust,Effective Leaders,Teacher,57
2025,MI,Michigan Math and Science Academy - Dequindre,MICHIGAN MATH AND SCIENCE ACADEMY DEQUINDRE,1,trpr,Teacher-Principal Trust,Effective Leaders,Teacher,47
2025,MI,Michigan Math and Science Academy - Lorraine,MICHIGAN MATH AND SCIENCE ACADEMY LORRAINE,1,trpr,Teacher-Principal Trust,Effective Leaders,Teacher,37
2025,MN,Minnesota Math and Science Academy,MINNESOTA MATH AND SCIENCE ACADEMY,1,trpr,Teacher-Principal Trust,Effective Leaders,Teacher,54
2025,Unassigned,Noble Academy Cleveland,NOBLE ACADEMY CLEVELAND,1,trpr,Teacher-Principal Trust,Effective Leaders,Teacher,47
2025,Columbus,Noble Academy Columbus,NOBLE ACADEMY COLUMBUS,1,trpr,Teacher-Principal Trust,Effective Leaders,Teacher,37
2024,IN,Indiana Math and Science Academy - North,INDIANA MATH AND SCIENCE ACADEMY NORTH,1,trte,Teacher-Teacher Trust,Collaborative Teachers,Teacher,17
2024,IN,Indiana Math and Science Academy - West,INDIANA MATH AND SCIENCE ACADEMY WEST,1,trte,Teacher-Teacher Trust,Collaborative Teachers,Teacher,32
2024,MI,Michigan Math and Science Academy - Dequindre,MICHIGAN MATH AND SCIENCE ACADEMY DEQUINDRE,1,trte,Teacher-Teacher Trust,Collaborative Teachers,Teacher,35
2024,MI,Michigan Math and Science Academy - Lorraine,MICHIGAN MATH AND SCIENCE ACADEMY LORRAINE,1,trte,Teacher-Teacher Trust,Collaborative Teachers,Teacher,32
2024,MO,Gateway Science Academy - Smiley,GATEWAY SCIENCE ACADEMY SMILEY,8,trte,Teacher-Teacher Trust,Collaborative Teachers,Teacher,49
2024,MO,Gateway Science Academy - South,GATEWAY SCIENCE ACADEMY SOUTH,8,trte,Teacher-Teacher Trust,Collaborative Teachers,Teacher,27
2024,MN,Horizon Science Academy - Twin Cities,HORIZON SCIENCE ACADEMY TWIN CITIES,1,trte,Teacher-Teacher Trust,Collaborative Teachers,Teacher,76
2024,MN,Minnesota Math and Science Academy,MINNESOTA MATH AND SCIENCE ACADEMY,1,trte,Teacher-Teacher Trust,Collaborative Teachers,Teacher,31
2024,DC,Horizon Science Academy - Cincinnati,HORIZON SCIENCE ACADEMY CINCINNATI,1,trte,Teacher-Teacher Trust,Collaborative Teachers,Teacher,64
2024,NO,Horizon Science Academy - Cleveland High,HORIZON SCIENCE ACADEMY CLEVELAND HIGH,2,trte,Teacher-Teacher Trust,Collaborative Teachers,Teacher,77
2024,Unassigned,Horizon Science Academy - Cleveland Middle,HORIZON SCIENCE ACADEMY CLEVELAND MIDDLE,1,trte,Teacher-Teacher Trust,Collaborative Teachers,Teacher,40
2024,Columbus,Horizon Science Academy - Columbus Elementary,HORIZON SCIENCE ACADEMY COLUMBUS ELEMENTARY,8,trte,Teacher-Teacher Trust,Collaborative Teachers,Teacher,21
2024,Unassigned,Horizon Science Academy - Columbus High,HORIZON SCIENCE ACADEMY COLUMBUS HIGH,2,trte,Teacher-Teacher Trust,Collaborative Teachers,Teacher,66
2024,Columbus,Horizon Science Academy - Columbus Middle,HORIZON SCIENCE ACADEMY COLUMBUS MIDDLE,9,trte,Teacher-Teacher Trust,Collaborative Teachers,Teacher,51
2024,Columbus,Horizon Science Academy - Columbus Primary,HORIZON SCIENCE ACADEMY COLUMBUS PRIMARY,8,trte,Teacher-Teacher Trust,Collaborative Teachers,Teacher,23
2024,DC,Horizon Science Academy - Dayton Downtown,HORIZON SCIENCE ACADEMY DAYTON DOWNTOWN,1,trte,Teacher-Teacher Trust,Collaborative Teachers,Teacher,2
2024,DC,Horizon Science Academy - Dayton Elementary,HORIZON SCIENCE ACADEMY DAYTON ELEMENTARY,8,trte,Teacher-Teacher Trust,Collaborative Teachers,Teacher,32
2024,DC,Horizon Science Academy - Dayton High,HORIZON SCIENCE ACADEMY DAYTON HIGH,2,trte,Teacher-Teacher Trust,Collaborative Teachers,Teacher,54
2024,Unassigned,Horizon Science Academy - Denison Middle,HORIZON SCIENCE ACADEMY DENISON MIDDLE,1,trte,Teacher-Teacher Trust,Collaborative Teachers,Teacher,50
2024,Unassigned,Horizon Science Academy - Lorain,HORIZON SCIENCE ACADEMY LORAIN,1,trte,Teacher-Teacher Trust,Collaborative Teachers,Teacher,28
2024,Unassigned,Horizon Science Academy - Springfield,HORIZON SCIENCE ACADEMY SPRINGFIELD,1,trte,Teacher-Teacher Trust,Collaborative Teachers,Teacher,42
2024,Unassigned,Horizon Science Academy - Toledo,HORIZON SCIENCE ACADEMY TOLEDO,1,trte,Teacher-Teacher Trust,Collaborative Teachers,Teacher,16
2024,Unassigned,Horizon Science Academy - Youngstown,HORIZON SCIENCE ACADEMY YOUNGSTOWN,1,trte,Teacher-Teacher Trust,Collaborative Teachers,Teacher,26
2024,Unassigned,Noble Academy Cleveland,NOBLE ACADEMY CLEVELAND,1,trte,Teacher-Teacher Trust,Collaborative Teachers,Teacher,39
2024,Columbus,Noble Academy Columbus,NOBLE ACADEMY COLUMBUS,1,trte,Teacher-Teacher Trust,Collaborative Teachers,Teacher,45
2024,MO,Gateway Science Academy High - Fyler,GATEWAY SCIENCE ACADEMY HIGH FYLER,2,trte,Teacher-Teacher Trust,Collaborative Teachers,Teacher,64
2024,MO,Gateway Science Academy Middle - Fyler,GATEWAY SCIENCE ACADEMY MIDDLE FYLER,9,trte,Teacher-Teacher Trust,Collaborative Teachers,Teacher,53
2025,MO,Gateway Science Academy - Smiley,GATEWAY SCIENCE ACADEMY SMILEY,8,trte,Teacher-Teacher Trust,Collaborative Teachers,Teacher,61
2025,MO,Gateway Science Academy - South,GATEWAY SCIENCE ACADEMY SOUTH,8,trte,Teacher-Teacher Trust,Collaborative Teachers,Teacher,44
2025,MO,Gateway Science Academy High - Fyler,GATEWAY SCIENCE ACADEMY HIGH FYLER,2,trte,Teacher-Teacher Trust,Collaborative Teachers,Teacher,75
2025,MO,Gateway Science Academy Middle - Fyler,GATEWAY SCIENCE ACADEMY MIDDLE FYLER,9,trte,Teacher-Teacher Trust,Collaborative Teachers,Teacher,61
2025,DC,Horizon Science Academy - Cincinnati,HORIZON SCIENCE ACADEMY CINCINNATI,1,trte,Teacher-Teacher Trust,Collaborative Teachers,Teacher,43
2025,NO,Horizon Science Academy - Cleveland High,HORIZON SCIENCE ACADEMY CLEVELAND HIGH,2,trte,Teacher-Teacher Trust,Collaborative Teachers,Teacher,65
2025,Unassigned,Horizon Science Academy - Cleveland Middle,HORIZON SCIENCE ACADEMY CLEVELAND MIDDLE,1,trte,Teacher-Teacher Trust,Collaborative Teachers,Teacher,44
2025,Columbus,Horizon Science Academy - Columbus Elementary,HORIZON SCIENCE ACADEMY COLUMBUS ELEMENTARY,8,trte,Teacher-Teacher Trust,Collaborative Teachers,Teacher,21
2025,Unassigned,Horizon Science Academy - Columbus High,HORIZON SCIENCE ACADEMY COLUMBUS HIGH,2,trte,Teacher-Teacher Trust,Collaborative Teachers,Teacher,51
2025,Columbus,Horizon Science Academy - Columbus Middle,HORIZON SCIENCE ACADEMY COLUMBUS MIDDLE,9,trte,Teacher-Teacher Trust,Collaborative Teachers,Teacher,26
2025,Columbus,Horizon Science Academy - Columbus Primary,HORIZON SCIENCE ACADEMY COLUMBUS PRIMARY,8,trte,Teacher-Teacher Trust,Collaborative Teachers,Teacher,17
2025,DC,Horizon Science Academy - Dayton Downtown,HORIZON SCIENCE ACADEMY DAYTON DOWNTOWN,1,trte,Teacher-Teacher Trust,Collaborative Teachers,Teacher,13
2025,DC,Horizon Science Academy - Dayton Elementary,HORIZON SCIENCE ACADEMY DAYTON ELEMENTARY,8,trte,Teacher-Teacher Trust,Collaborative Teachers,Teacher,48
2025,DC,Horizon Science Academy - Dayton High,HORIZON SCIENCE ACADEMY DAYTON HIGH,2,trte,Teacher-Teacher Trust,Collaborative Teachers,Teacher,77
2025,Unassigned,Horizon Science Academy - Denison Middle,HORIZON SCIENCE ACADEMY DENISON MIDDLE,1,trte,Teacher-Teacher Trust,Collaborative Teachers,Teacher,38
2025,IA,Horizon Science Academy - Des Moines,HORIZON SCIENCE ACADEMY DES MOINES,8,trte,Teacher-Teacher Trust,Collaborative Teachers,Teacher,27
2025,Unassigned,Horizon Science Academy - Lorain,HORIZON SCIENCE ACADEMY LORAIN,1,trte,Teacher-Teacher Trust,Collaborative Teachers,Teacher,32
2025,Unassigned,Horizon Science Academy - Springfield,HORIZON SCIENCE ACADEMY SPRINGFIELD,1,trte,Teacher-Teacher Trust,Collaborative Teachers,Teacher,35
2025,Unassigned,Horizon Science Academy - Toledo,HORIZON SCIENCE ACADEMY TOLEDO,1,trte,Teacher-Teacher Trust,Collaborative Teachers,Teacher,15
2025,MN,Horizon Science Academy - Twin Cities,HORIZON SCIENCE ACADEMY TWIN CITIES,1,trte,Teacher-Teacher Trust,Collaborative Teachers,Teacher,44
2025,Unassigned,Horizon Science Academy - Youngstown,HORIZON SCIENCE ACADEMY YOUNGSTOWN,1,trte,Teacher-Teacher Trust,Collaborative Teachers,Teacher,20
2025,IN,Indiana Math and Science Academy - North,INDIANA MATH AND SCIENCE ACADEMY NORTH,1,trte,Teacher-Teacher Trust,Collaborative Teachers,Teacher,38
2025,IN,Indiana Math and Science Academy - West,INDIANA MATH AND SCIENCE ACADEMY WEST,1,trte,Teacher-Teacher Trust,Collaborative Teachers,Teacher,37
2025,MI,Michigan Math and Science Academy - Dequindre,MICHIGAN MATH AND SCIENCE ACADEMY DEQUINDRE,1,trte,Teacher-Teacher Trust,Collaborative Teachers,Teacher,42
2025,MI,Michigan Math and Science Academy - Lorraine,MICHIGAN MATH AND SCIENCE ACADEMY LORRAINE,1,trte,Teacher-Teacher Trust,Collaborative Teachers,Teacher,32
2025,MN,Minnesota Math and Science Academy,MINNESOTA MATH AND SCIENCE ACADEMY,1,trte,Teacher-Teacher Trust,Collaborative Teachers,Teacher,46
2025,Unassigned,Noble Academy Cleveland,NOBLE ACADEMY CLEVELAND,1,trte,Teacher-Teacher Trust,Collaborative Teachers,Teacher,55
2025,Columbus,Noble Academy Columbus,NOBLE ACADEMY COLUMBUS,1,trte,Teacher-Teacher Trust,Collaborative Teachers,Teacher,18
2024,IN,Indiana Math and Science Academy - North,INDIANA MATH AND SCIENCE ACADEMY NORTH,1,uexp,Expectations for Post Secondary Education,Supportive Environment (grades 9-12),Teacher,55
2024,MI,Michigan Math and Science Academy - Dequindre,MICHIGAN MATH AND SCIENCE ACADEMY DEQUINDRE,1,uexp,Expectations for Post Secondary Education,Supportive Environment (grades 9-12),Teacher,54
2024,MN,Minnesota Math and Science Academy,MINNESOTA MATH AND SCIENCE ACADEMY,1,uexp,Expectations for Post Secondary Education,Supportive Environment (grades 9-12),Teacher,47
2024,NO,Horizon Science Academy - Cleveland High,HORIZON SCIENCE ACADEMY CLEVELAND HIGH,2,uexp,Expectations for Post Secondary Education,Supportive Environment (grades 9-12),Teacher,52
2024,Unassigned,Horizon Science Academy - Columbus High,HORIZON SCIENCE ACADEMY COLUMBUS HIGH,2,uexp,Expectations for Post Secondary Education,Supportive Environment (grades 9-12),Teacher,54
2024,DC,Horizon Science Academy - Dayton High,HORIZON SCIENCE ACADEMY DAYTON HIGH,2,uexp,Expectations for Post Secondary Education,Supportive Environment (grades 9-12),Teacher,35
2024,Unassigned,Horizon Science Academy - Lorain,HORIZON SCIENCE ACADEMY LORAIN,1,uexp,Expectations for Post Secondary Education,Supportive Environment (grades 9-12),Teacher,48
2024,Unassigned,Horizon Science Academy - Toledo,HORIZON SCIENCE ACADEMY TOLEDO,1,uexp,Expectations for Post Secondary Education,Supportive Environment (grades 9-12),Teacher,50
2024,MO,Gateway Science Academy High - Fyler,GATEWAY SCIENCE ACADEMY HIGH FYLER,2,uexp,Expectations for Post Secondary Education,Supportive Environment (grades 9-12),Teacher,60
2025,MO,Gateway Science Academy High - Fyler,GATEWAY SCIENCE ACADEMY HIGH FYLER,2,uexp,Expectations for Post Secondary Education,Supportive Environment (grades 9-12),Teacher,60
2025,NO,Horizon Science Academy - Cleveland High,HORIZON SCIENCE ACADEMY CLEVELAND HIGH,2,uexp,Expectations for Post Secondary Education,Supportive Environment (grades 9-12),Teacher,38
2025,Unassigned,Horizon Science Academy - Columbus High,HORIZON SCIENCE ACADEMY COLUMBUS HIGH,2,uexp,Expectations for Post Secondary Education,Supportive Environment (grades 9-12),Teacher,50
2025,DC,Horizon Science Academy - Dayton High,HORIZON SCIENCE ACADEMY DAYTON HIGH,2,uexp,Expectations for Post Secondary Education,Supportive Environment (grades 9-12),Teacher,35
2025,Unassigned,Horizon Science Academy - Lorain,HORIZON SCIENCE ACADEMY LORAIN,1,uexp,Expectations for Post Secondary Education,Supportive Environment (grades 9-12),Teacher,51
2025,Unassigned,Horizon Science Academy - Toledo,HORIZON SCIENCE ACADEMY TOLEDO,1,uexp,Expectations for Post Secondary Education,Supportive Environment (grades 9-12),Teacher,40
2025,IN,Indiana Math and Science Academy - North,INDIANA MATH AND SCIENCE ACADEMY NORTH,1,uexp,Expectations for Post Secondary Education,Supportive Environment (grades 9-12),Teacher,56
2025,MI,Michigan Math and Science Academy - Dequindre,MICHIGAN MATH AND SCIENCE ACADEMY DEQUINDRE,1,uexp,Expectations for Post Secondary Education,Supportive Environment (grades 9-12),Teacher,48
2025,MN,Minnesota Math and Science Academy,MINNESOTA MATH AND SCIENCE ACADEMY,1,uexp,Expectations for Post Secondary Education,Supportive Environment (grades 9-12),Teacher,49
2024,IN,Indiana Math and Science Academy - North,INDIANA MATH AND SCIENCE ACADEMY NORTH,1,acno,Peer Support for Academic Work,Supportive Environment (grades 4-8),Student,16
2024,IN,Indiana Math and Science Academy - West,INDIANA MATH AND SCIENCE ACADEMY WEST,1,acno,Peer Support for Academic Work,Supportive Environment (grades 4-8),Student,52
2024,MI,Michigan Math and Science Academy - Dequindre,MICHIGAN MATH AND SCIENCE ACADEMY DEQUINDRE,1,acno,Peer Support for Academic Work,Supportive Environment (grades 4-8),Student,33
2024,MI,Michigan Math and Science Academy - Lorraine,MICHIGAN MATH AND SCIENCE ACADEMY LORRAINE,1,acno,Peer Support for Academic Work,Supportive Environment (grades 4-8),Student,96
2024,MO,Gateway Science Academy - Smiley,GATEWAY SCIENCE ACADEMY SMILEY,8,acno,Peer Support for Academic Work,Supportive Environment (grades 4-8),Student,1
2024,MO,Gateway Science Academy - South,GATEWAY SCIENCE ACADEMY SOUTH,8,acno,Peer Support for Academic Work,Supportive Environment (grades 4-8),Student,26
2024,MN,Minnesota Math and Science Academy,MINNESOTA MATH AND SCIENCE ACADEMY,1,acno,Peer Support for Academic Work,Supportive Environment (grades 4-8),Student,38
2024,DC,Horizon Science Academy - Cincinnati,HORIZON SCIENCE ACADEMY CINCINNATI,1,acno,Peer Support for Academic Work,Supportive Environment (grades 4-8),Student,30
2024,NO,Horizon Science Academy - Cleveland High,HORIZON SCIENCE ACADEMY CLEVELAND HIGH,2,acno,Peer Support for Academic Work,Supportive Environment (grades 4-8),Student,44
2024,Unassigned,Horizon Science Academy - Cleveland Middle,HORIZON SCIENCE ACADEMY CLEVELAND MIDDLE,1,acno,Peer Support for Academic Work,Supportive Environment (grades 4-8),Student,47
2024,Columbus,Horizon Science Academy - Columbus Elementary,HORIZON SCIENCE ACADEMY COLUMBUS ELEMENTARY,8,acno,Peer Support for Academic Work,Supportive Environment (grades 4-8),Student,47
2024,Unassigned,Horizon Science Academy - Columbus High,HORIZON SCIENCE ACADEMY COLUMBUS HIGH,2,acno,Peer Support for Academic Work,Supportive Environment (grades 4-8),Student,78
2024,Columbus,Horizon Science Academy - Columbus Middle,HORIZON SCIENCE ACADEMY COLUMBUS MIDDLE,9,acno,Peer Support for Academic Work,Supportive Environment (grades 4-8),Student,9
2024,DC,Horizon Science Academy - Dayton Downtown,HORIZON SCIENCE ACADEMY DAYTON DOWNTOWN,1,acno,Peer Support for Academic Work,Supportive Environment (grades 4-8),Student,18
2024,DC,Horizon Science Academy - Dayton Elementary,HORIZON SCIENCE ACADEMY DAYTON ELEMENTARY,8,acno,Peer Support for Academic Work,Supportive Environment (grades 4-8),Student,4
2024,DC,Horizon Science Academy - Dayton High,HORIZON SCIENCE ACADEMY DAYTON HIGH,2,acno,Peer Support for Academic Work,Supportive Environment (grades 4-8),Student,49
2024,Unassigned,Horizon Science Academy - Denison Middle,HORIZON SCIENCE ACADEMY DENISON MIDDLE,1,acno,Peer Support for Academic Work,Supportive Environment (grades 4-8),Student,35
2024,Unassigned,Horizon Science Academy - Lorain,HORIZON SCIENCE ACADEMY LORAIN,1,acno,Peer Support for Academic Work,Supportive Environment (grades 4-8),Student,13
2024,Unassigned,Horizon Science Academy - Springfield,HORIZON SCIENCE ACADEMY SPRINGFIELD,1,acno,Peer Support for Academic Work,Supportive Environment (grades 4-8),Student,39
2024,Unassigned,Horizon Science Academy - Toledo,HORIZON SCIENCE ACADEMY TOLEDO,1,acno,Peer Support for Academic Work,Supportive Environment (grades 4-8),Student,12
2024,Unassigned,Horizon Science Academy - Youngstown,HORIZON SCIENCE ACADEMY YOUNGSTOWN,1,acno,Peer Support for Academic Work,Supportive Environment (grades 4-8),Student,40
2024,Unassigned,Noble Academy Cleveland,NOBLE ACADEMY CLEVELAND,1,acno,Peer Support for Academic Work,Supportive Environment (grades 4-8),Student,14
2024,Columbus,Noble Academy Columbus,NOBLE ACADEMY COLUMBUS,1,acno,Peer Support for Academic Work,Supportive Environment (grades 4-8),Student,52
2024,MO,Gateway Science Academy High - Fyler,GATEWAY SCIENCE ACADEMY HIGH FYLER,2,acno,Peer Support for Academic Work,Supportive Environment (grades 4-8),Student,53
2024,MO,Gateway Science Academy Middle - Fyler,GATEWAY SCIENCE ACADEMY MIDDLE FYLER,9,acno,Peer Support for Academic Work,Supportive Environment (grades 4-8),Student,27
2025,MO,Gateway Science Academy - Smiley,GATEWAY SCIENCE ACADEMY SMILEY,8,acno,Peer Support for Academic Work,Supportive Environment (grades 4-8),Student,1
2025,MO,Gateway Science Academy - South,GATEWAY SCIENCE ACADEMY SOUTH,8,acno,Peer Support for Academic Work,Supportive Environment (grades 4-8),Student,38
2025,MO,Gateway Science Academy High - Fyler,GATEWAY SCIENCE ACADEMY HIGH FYLER,2,acno,Peer Support for Academic Work,Supportive Environment (grades 4-8),Student,46
2025,MO,Gateway Science Academy Middle - Fyler,GATEWAY SCIENCE ACADEMY MIDDLE FYLER,9,acno,Peer Support for Academic Work,Supportive Environment (grades 4-8),Student,28
2025,DC,Horizon Science Academy - Cincinnati,HORIZON SCIENCE ACADEMY CINCINNATI,1,acno,Peer Support for Academic Work,Supportive Environment (grades 4-8),Student,52
2025,NO,Horizon Science Academy - Cleveland High,HORIZON SCIENCE ACADEMY CLEVELAND HIGH,2,acno,Peer Support for Academic Work,Supportive Environment (grades 4-8),Student,32
2025,Unassigned,Horizon Science Academy - Cleveland Middle,HORIZON SCIENCE ACADEMY CLEVELAND MIDDLE,1,acno,Peer Support for Academic Work,Supportive Environment (grades 4-8),Student,41
2025,Columbus,Horizon Science Academy - Columbus Elementary,HORIZON SCIENCE ACADEMY COLUMBUS ELEMENTARY,8,acno,Peer Support for Academic Work,Supportive Environment (grades 4-8),Student,23
2025,Unassigned,Horizon Science Academy - Columbus High,HORIZON SCIENCE ACADEMY COLUMBUS HIGH,2,acno,Peer Support for Academic Work,Supportive Environment (grades 4-8),Student,81
2025,Columbus,Horizon Science Academy - Columbus Middle,HORIZON SCIENCE ACADEMY COLUMBUS MIDDLE,9,acno,Peer Support for Academic Work,Supportive Environment (grades 4-8),Student,36
2025,DC,Horizon Science Academy - Dayton Downtown,HORIZON SCIENCE ACADEMY DAYTON DOWNTOWN,1,acno,Peer Support for Academic Work,Supportive Environment (grades 4-8),Student,23
2025,DC,Horizon Science Academy - Dayton Elementary,HORIZON SCIENCE ACADEMY DAYTON ELEMENTARY,8,acno,Peer Support for Academic Work,Supportive Environment (grades 4-8),Student,99
2025,DC,Horizon Science Academy - Dayton High,HORIZON SCIENCE ACADEMY DAYTON HIGH,2,acno,Peer Support for Academic Work,Supportive Environment (grades 4-8),Student,28
2025,Unassigned,Horizon Science Academy - Denison Middle,HORIZON SCIENCE ACADEMY DENISON MIDDLE,1,acno,Peer Support for Academic Work,Supportive Environment (grades 4-8),Student,40
2025,IA,Horizon Science Academy - Des Moines,HORIZON SCIENCE ACADEMY DES MOINES,8,acno,Peer Support for Academic Work,Supportive Environment (grades 4-8),Student,1
2025,Unassigned,Horizon Science Academy - Lorain,HORIZON SCIENCE ACADEMY LORAIN,1,acno,Peer Support for Academic Work,Supportive Environment (grades 4-8),Student,29
2025,Unassigned,Horizon Science Academy - Springfield,HORIZON SCIENCE ACADEMY SPRINGFIELD,1,acno,Peer Support for Academic Work,Supportive Environment (grades 4-8),Student,5
2025,Unassigned,Horizon Science Academy - Toledo,HORIZON SCIENCE ACADEMY TOLEDO,1,acno,Peer Support for Academic Work,Supportive Environment (grades 4-8),Student,24
2025,MN,Horizon Science Academy - Twin Cities,HORIZON SCIENCE ACADEMY TWIN CITIES,1,acno,Peer Support for Academic Work,Supportive Environment (grades 4-8),Student,83
2025,Unassigned,Horizon Science Academy - Youngstown,HORIZON SCIENCE ACADEMY YOUNGSTOWN,1,acno,Peer Support for Academic Work,Supportive Environment (grades 4-8),Student,28
2025,IN,Indiana Math and Science Academy - North,INDIANA MATH AND SCIENCE ACADEMY NORTH,1,acno,Peer Support for Academic Work,Supportive Environment (grades 4-8),Student,23
2025,IN,Indiana Math and Science Academy - West,INDIANA MATH AND SCIENCE ACADEMY WEST,1,acno,Peer Support for Academic Work,Supportive Environment (grades 4-8),Student,48
2025,MI,Michigan Math and Science Academy - Dequindre,MICHIGAN MATH AND SCIENCE ACADEMY DEQUINDRE,1,acno,Peer Support for Academic Work,Supportive Environment (grades 4-8),Student,28
2025,MI,Michigan Math and Science Academy - Lorraine,MICHIGAN MATH AND SCIENCE ACADEMY LORRAINE,1,acno,Peer Support for Academic Work,Supportive Environment (grades 4-8),Student,85
2025,MN,Minnesota Math and Science Academy,MINNESOTA MATH AND SCIENCE ACADEMY,1,acno,Peer Support for Academic Work,Supportive Environment (grades 4-8),Student,38
2025,Unassigned,Noble Academy Cleveland,NOBLE ACADEMY CLEVELAND,1,acno,Peer Support for Academic Work,Supportive Environment (grades 4-8),Student,36
2025,Columbus,Noble Academy Columbus,NOBLE ACADEMY COLUMBUS,1,acno,Peer Support for Academic Work,Supportive Environment (grades 4-8),Student,48
2024,IN,Indiana Math and Science Academy - North,INDIANA MATH AND SCIENCE ACADEMY NORTH,1,clar,Course Clarity,Supplemental (grades 6-12),Student,1
2024,IN,Indiana Math and Science Academy - West,INDIANA MATH AND SCIENCE ACADEMY WEST,1,clar,Course Clarity,Supplemental (grades 6-12),Student,27
2024,MI,Michigan Math and Science Academy - Dequindre,MICHIGAN MATH AND SCIENCE ACADEMY DEQUINDRE,1,clar,Course Clarity,Supplemental (grades 6-12),Student,1
2024,MN,Minnesota Math and Science Academy,MINNESOTA MATH AND SCIENCE ACADEMY,1,clar,Course Clarity,Supplemental (grades 6-12),Student,14
2024,DC,Horizon Science Academy - Cincinnati,HORIZON SCIENCE ACADEMY CINCINNATI,1,clar,Course Clarity,Supplemental (grades 6-12),Student,18
2024,NO,Horizon Science Academy - Cleveland High,HORIZON SCIENCE ACADEMY CLEVELAND HIGH,2,clar,Course Clarity,Supplemental (grades 6-12),Student,53
2024,Unassigned,Horizon Science Academy - Cleveland Middle,HORIZON SCIENCE ACADEMY CLEVELAND MIDDLE,1,clar,Course Clarity,Supplemental (grades 6-12),Student,20
2024,Unassigned,Horizon Science Academy - Columbus High,HORIZON SCIENCE ACADEMY COLUMBUS HIGH,2,clar,Course Clarity,Supplemental (grades 6-12),Student,72
2024,Columbus,Horizon Science Academy - Columbus Middle,HORIZON SCIENCE ACADEMY COLUMBUS MIDDLE,9,clar,Course Clarity,Supplemental (grades 6-12),Student,1
2024,DC,Horizon Science Academy - Dayton Downtown,HORIZON SCIENCE ACADEMY DAYTON DOWNTOWN,1,clar,Course Clarity,Supplemental (grades 6-12),Student,1
2024,DC,Horizon Science Academy - Dayton High,HORIZON SCIENCE ACADEMY DAYTON HIGH,2,clar,Course Clarity,Supplemental (grades 6-12),Student,22
2024,Unassigned,Horizon Science Academy - Denison Middle,HORIZON SCIENCE ACADEMY DENISON MIDDLE,1,clar,Course Clarity,Supplemental (grades 6-12),Student,1
2024,Unassigned,Horizon Science Academy - Lorain,HORIZON SCIENCE ACADEMY LORAIN,1,clar,Course Clarity,Supplemental (grades 6-12),Student,1
2024,Unassigned,Horizon Science Academy - Springfield,HORIZON SCIENCE ACADEMY SPRINGFIELD,1,clar,Course Clarity,Supplemental (grades 6-12),Student,1
2024,Unassigned,Horizon Science Academy - Toledo,HORIZON SCIENCE ACADEMY TOLEDO,1,clar,Course Clarity,Supplemental (grades 6-12),Student,1
2024,Unassigned,Horizon Science Academy - Youngstown,HORIZON SCIENCE ACADEMY YOUNGSTOWN,1,clar,Course Clarity,Supplemental (grades 6-12),Student,14
2024,Unassigned,Noble Academy Cleveland,NOBLE ACADEMY CLEVELAND,1,clar,Course Clarity,Supplemental (grades 6-12),Student,1
2024,Columbus,Noble Academy Columbus,NOBLE ACADEMY COLUMBUS,1,clar,Course Clarity,Supplemental (grades 6-12),Student,51
2024,MO,Gateway Science Academy High - Fyler,GATEWAY SCIENCE ACADEMY HIGH FYLER,2,clar,Course Clarity,Supplemental (grades 6-12),Student,42
2024,MO,Gateway Science Academy Middle - Fyler,GATEWAY SCIENCE ACADEMY MIDDLE FYLER,9,clar,Course Clarity,Supplemental (grades 6-12),Student,1
2025,MO,Gateway Science Academy High - Fyler,GATEWAY SCIENCE ACADEMY HIGH FYLER,2,clar,Course Clarity,Supplemental (grades 6-12),Student,18
2025,MO,Gateway Science Academy Middle - Fyler,GATEWAY SCIENCE ACADEMY MIDDLE FYLER,9,clar,Course Clarity,Supplemental (grades 6-12),Student,1
2025,DC,Horizon Science Academy - Cincinnati,HORIZON SCIENCE ACADEMY CINCINNATI,1,clar,Course Clarity,Supplemental (grades 6-12),Student,29
2025,NO,Horizon Science Academy - Cleveland High,HORIZON SCIENCE ACADEMY CLEVELAND HIGH,2,clar,Course Clarity,Supplemental (grades 6-12),Student,70
2025,Unassigned,Horizon Science Academy - Cleveland Middle,HORIZON SCIENCE ACADEMY CLEVELAND MIDDLE,1,clar,Course Clarity,Supplemental (grades 6-12),Student,18
2025,Unassigned,Horizon Science Academy - Columbus High,HORIZON SCIENCE ACADEMY COLUMBUS HIGH,2,clar,Course Clarity,Supplemental (grades 6-12),Student,62
2025,Columbus,Horizon Science Academy - Columbus Middle,HORIZON SCIENCE ACADEMY COLUMBUS MIDDLE,9,clar,Course Clarity,Supplemental (grades 6-12),Student,14
2025,DC,Horizon Science Academy - Dayton Downtown,HORIZON SCIENCE ACADEMY DAYTON DOWNTOWN,1,clar,Course Clarity,Supplemental (grades 6-12),Student,1
2025,DC,Horizon Science Academy - Dayton High,HORIZON SCIENCE ACADEMY DAYTON HIGH,2,clar,Course Clarity,Supplemental (grades 6-12),Student,49
2025,Unassigned,Horizon Science Academy - Denison Middle,HORIZON SCIENCE ACADEMY DENISON MIDDLE,1,clar,Course Clarity,Supplemental (grades 6-12),Student,15
2025,Unassigned,Horizon Science Academy - Lorain,HORIZON SCIENCE ACADEMY LORAIN,1,clar,Course Clarity,Supplemental (grades 6-12),Student,1
2025,Unassigned,Horizon Science Academy - Springfield,HORIZON SCIENCE ACADEMY SPRINGFIELD,1,clar,Course Clarity,Supplemental (grades 6-12),Student,1
2025,Unassigned,Horizon Science Academy - Toledo,HORIZON SCIENCE ACADEMY TOLEDO,1,clar,Course Clarity,Supplemental (grades 6-12),Student,4
2025,MN,Horizon Science Academy - Twin Cities,HORIZON SCIENCE ACADEMY TWIN CITIES,1,clar,Course Clarity,Supplemental (grades 6-12),Student,17
2025,Unassigned,Horizon Science Academy - Youngstown,HORIZON SCIENCE ACADEMY YOUNGSTOWN,1,clar,Course Clarity,Supplemental (grades 6-12),Student,1
2025,IN,Indiana Math and Science Academy - North,INDIANA MATH AND SCIENCE ACADEMY NORTH,1,clar,Course Clarity,Supplemental (grades 6-12),Student,1
2025,IN,Indiana Math and Science Academy - West,INDIANA MATH AND SCIENCE ACADEMY WEST,1,clar,Course Clarity,Supplemental (grades 6-12),Student,8
2025,MI,Michigan Math and Science Academy - Dequindre,MICHIGAN MATH AND SCIENCE ACADEMY DEQUINDRE,1,clar,Course Clarity,Supplemental (grades 6-12),Student,4
2025,MN,Minnesota Math and Science Academy,MINNESOTA MATH AND SCIENCE ACADEMY,1,clar,Course Clarity,Supplemental (grades 6-12),Student,21
2025,Unassigned,Noble Academy Cleveland,NOBLE ACADEMY CLEVELAND,1,clar,Course Clarity,Supplemental (grades 6-12),Student,6
2025,Columbus,Noble Academy Columbus,NOBLE ACADEMY COLUMBUS,1,clar,Course Clarity,Supplemental (grades 6-12),Student,29
2024,IN,Indiana Math and Science Academy - North,INDIANA MATH AND SCIENCE ACADEMY NORTH,1,engg,Academic Engagement,Supplemental,Student,26
2024,IN,Indiana Math and Science Academy - West,INDIANA MATH AND SCIENCE ACADEMY WEST,1,engg,Academic Engagement,Supplemental,Student,62
2024,MI,Michigan Math and Science Academy - Dequindre,MICHIGAN MATH AND SCIENCE ACADEMY DEQUINDRE,1,engg,Academic Engagement,Supplemental,Student,32
2024,MI,Michigan Math and Science Academy - Lorraine,MICHIGAN MATH AND SCIENCE ACADEMY LORRAINE,1,engg,Academic Engagement,Supplemental,Student,80
2024,MO,Gateway Science Academy - Smiley,GATEWAY SCIENCE ACADEMY SMILEY,8,engg,Academic Engagement,Supplemental,Student,31
2024,MO,Gateway Science Academy - South,GATEWAY SCIENCE ACADEMY SOUTH,8,engg,Academic Engagement,Supplemental,Student,65
2024,MN,Minnesota Math and Science Academy,MINNESOTA MATH AND SCIENCE ACADEMY,1,engg,Academic Engagement,Supplemental,Student,51
2024,DC,Horizon Science Academy - Cincinnati,HORIZON SCIENCE ACADEMY CINCINNATI,1,engg,Academic Engagement,Supplemental,Student,41
2024,NO,Horizon Science Academy - Cleveland High,HORIZON SCIENCE ACADEMY CLEVELAND HIGH,2,engg,Academic Engagement,Supplemental,Student,70
2024,Unassigned,Horizon Science Academy - Cleveland Middle,HORIZON SCIENCE ACADEMY CLEVELAND MIDDLE,1,engg,Academic Engagement,Supplemental,Student,38
2024,Columbus,Horizon Science Academy - Columbus Elementary,HORIZON SCIENCE ACADEMY COLUMBUS ELEMENTARY,8,engg,Academic Engagement,Supplemental,Student,99
2024,Unassigned,Horizon Science Academy - Columbus High,HORIZON SCIENCE ACADEMY COLUMBUS HIGH,2,engg,Academic Engagement,Supplemental,Student,99
2024,Columbus,Horizon Science Academy - Columbus Middle,HORIZON SCIENCE ACADEMY COLUMBUS MIDDLE,9,engg,Academic Engagement,Supplemental,Student,61
2024,DC,Horizon Science Academy - Dayton Downtown,HORIZON SCIENCE ACADEMY DAYTON DOWNTOWN,1,engg,Academic Engagement,Supplemental,Student,36
2024,DC,Horizon Science Academy - Dayton Elementary,HORIZON SCIENCE ACADEMY DAYTON ELEMENTARY,8,engg,Academic Engagement,Supplemental,Student,68
2024,DC,Horizon Science Academy - Dayton High,HORIZON SCIENCE ACADEMY DAYTON HIGH,2,engg,Academic Engagement,Supplemental,Student,71
2024,Unassigned,Horizon Science Academy - Denison Middle,HORIZON SCIENCE ACADEMY DENISON MIDDLE,1,engg,Academic Engagement,Supplemental,Student,60
2024,Unassigned,Horizon Science Academy - Lorain,HORIZON SCIENCE ACADEMY LORAIN,1,engg,Academic Engagement,Supplemental,Student,35
2024,Unassigned,Horizon Science Academy - Springfield,HORIZON SCIENCE ACADEMY SPRINGFIELD,1,engg,Academic Engagement,Supplemental,Student,34
2024,Unassigned,Horizon Science Academy - Toledo,HORIZON SCIENCE ACADEMY TOLEDO,1,engg,Academic Engagement,Supplemental,Student,14
2024,Unassigned,Horizon Science Academy - Youngstown,HORIZON SCIENCE ACADEMY YOUNGSTOWN,1,engg,Academic Engagement,Supplemental,Student,58
2024,Unassigned,Noble Academy Cleveland,NOBLE ACADEMY CLEVELAND,1,engg,Academic Engagement,Supplemental,Student,22
2024,Columbus,Noble Academy Columbus,NOBLE ACADEMY COLUMBUS,1,engg,Academic Engagement,Supplemental,Student,69
2024,MO,Gateway Science Academy High - Fyler,GATEWAY SCIENCE ACADEMY HIGH FYLER,2,engg,Academic Engagement,Supplemental,Student,73
2024,MO,Gateway Science Academy Middle - Fyler,GATEWAY SCIENCE ACADEMY MIDDLE FYLER,9,engg,Academic Engagement,Supplemental,Student,39
2025,MO,Gateway Science Academy - Smiley,GATEWAY SCIENCE ACADEMY SMILEY,8,engg,Academic Engagement,Supplemental,Student,38
2025,MO,Gateway Science Academy - South,GATEWAY SCIENCE ACADEMY SOUTH,8,engg,Academic Engagement,Supplemental,Student,63
2025,MO,Gateway Science Academy High - Fyler,GATEWAY SCIENCE ACADEMY HIGH FYLER,2,engg,Academic Engagement,Supplemental,Student,54
2025,MO,Gateway Science Academy Middle - Fyler,GATEWAY SCIENCE ACADEMY MIDDLE FYLER,9,engg,Academic Engagement,Supplemental,Student,52
2025,DC,Horizon Science Academy - Cincinnati,HORIZON SCIENCE ACADEMY CINCINNATI,1,engg,Academic Engagement,Supplemental,Student,57
2025,NO,Horizon Science Academy - Cleveland High,HORIZON SCIENCE ACADEMY CLEVELAND HIGH,2,engg,Academic Engagement,Supplemental,Student,80
2025,Unassigned,Horizon Science Academy - Cleveland Middle,HORIZON SCIENCE ACADEMY CLEVELAND MIDDLE,1,engg,Academic Engagement,Supplemental,Student,36
2025,Columbus,Horizon Science Academy - Columbus Elementary,HORIZON SCIENCE ACADEMY COLUMBUS ELEMENTARY,8,engg,Academic Engagement,Supplemental,Student,82
2025,Unassigned,Horizon Science Academy - Columbus High,HORIZON SCIENCE ACADEMY COLUMBUS HIGH,2,engg,Academic Engagement,Supplemental,Student,97
2025,Columbus,Horizon Science Academy - Columbus Middle,HORIZON SCIENCE ACADEMY COLUMBUS MIDDLE,9,engg,Academic Engagement,Supplemental,Student,72
2025,DC,Horizon Science Academy - Dayton Downtown,HORIZON SCIENCE ACADEMY DAYTON DOWNTOWN,1,engg,Academic Engagement,Supplemental,Student,35
2025,DC,Horizon Science Academy - Dayton Elementary,HORIZON SCIENCE ACADEMY DAYTON ELEMENTARY,8,engg,Academic Engagement,Supplemental,Student,99
2025,DC,Horizon Science Academy - Dayton High,HORIZON SCIENCE ACADEMY DAYTON HIGH,2,engg,Academic Engagement,Supplemental,Student,91
2025,Unassigned,Horizon Science Academy - Denison Middle,HORIZON SCIENCE ACADEMY DENISON MIDDLE,1,engg,Academic Engagement,Supplemental,Student,45
2025,IA,Horizon Science Academy - Des Moines,HORIZON SCIENCE ACADEMY DES MOINES,8,engg,Academic Engagement,Supplemental,Student,1
2025,Unassigned,Horizon Science Academy - Lorain,HORIZON SCIENCE ACADEMY LORAIN,1,engg,Academic Engagement,Supplemental,Student,39
2025,Unassigned,Horizon Science Academy - Springfield,HORIZON SCIENCE ACADEMY SPRINGFIELD,1,engg,Academic Engagement,Supplemental,Student,48
2025,Unassigned,Horizon Science Academy - Toledo,HORIZON SCIENCE ACADEMY TOLEDO,1,engg,Academic Engagement,Supplemental,Student,39
2025,MN,Horizon Science Academy - Twin Cities,HORIZON SCIENCE ACADEMY TWIN CITIES,1,engg,Academic Engagement,Supplemental,Student,76
2025,Unassigned,Horizon Science Academy - Youngstown,HORIZON SCIENCE ACADEMY YOUNGSTOWN,1,engg,Academic Engagement,Supplemental,Student,42
2025,IN,Indiana Math and Science Academy - North,INDIANA MATH AND SCIENCE ACADEMY NORTH,1,engg,Academic Engagement,Supplemental,Student,30
2025,IN,Indiana Math and Science Academy - West,INDIANA MATH AND SCIENCE ACADEMY WEST,1,engg,Academic Engagement,Supplemental,Student,49
2025,MI,Michigan Math and Science Academy - Dequindre,MICHIGAN MATH AND SCIENCE ACADEMY DEQUINDRE,1,engg,Academic Engagement,Supplemental,Student,28
2025,MI,Michigan Math and Science Academy - Lorraine,MICHIGAN MATH AND SCIENCE ACADEMY LORRAINE,1,engg,Academic Engagement,Supplemental,Student,68
2025,MN,Minnesota Math and Science Academy,MINNESOTA MATH AND SCIENCE ACADEMY,1,engg,Academic Engagement,Supplemental,Student,36
2025,Unassigned,Noble Academy Cleveland,NOBLE ACADEMY CLEVELAND,1,engg,Academic Engagement,Supplemental,Student,41
2025,Columbus,Noble Academy Columbus,NOBLE ACADEMY COLUMBUS,1,engg,Academic Engagement,Supplemental,Student,67
2024,IN,Indiana Math and Science Academy - North,INDIANA MATH AND SCIENCE ACADEMY NORTH,1,engl,English Instruction,Ambitious Instruction,Student,49
2024,IN,Indiana Math and Science Academy - West,INDIANA MATH AND SCIENCE ACADEMY WEST,1,engl,English Instruction,Ambitious Instruction,Student,55
2024,MI,Michigan Math and Science Academy - Dequindre,MICHIGAN MATH AND SCIENCE ACADEMY DEQUINDRE,1,engl,English Instruction,Ambitious Instruction,Student,53
2024,MI,Michigan Math and Science Academy - Lorraine,MICHIGAN MATH AND SCIENCE ACADEMY LORRAINE,1,engl,English Instruction,Ambitious Instruction,Student,51
2024,MO,Gateway Science Academy - Smiley,GATEWAY SCIENCE ACADEMY SMILEY,8,engl,English Instruction,Ambitious Instruction,Student,51
2024,MO,Gateway Science Academy - South,GATEWAY SCIENCE ACADEMY SOUTH,8,engl,English Instruction,Ambitious Instruction,Student,30
2024,MN,Minnesota Math and Science Academy,MINNESOTA MATH AND SCIENCE ACADEMY,1,engl,English Instruction,Ambitious Instruction,Student,59
2024,DC,Horizon Science Academy - Cincinnati,HORIZON SCIENCE ACADEMY CINCINNATI,1,engl,English Instruction,Ambitious Instruction,Student,49
2024,NO,Horizon Science Academy - Cleveland High,HORIZON SCIENCE ACADEMY CLEVELAND HIGH,2,engl,English Instruction,Ambitious Instruction,Student,81
2024,Unassigned,Horizon Science Academy - Cleveland Middle,HORIZON SCIENCE ACADEMY CLEVELAND MIDDLE,1,engl,English Instruction,Ambitious Instruction,Student,60
2024,Columbus,Horizon Science Academy - Columbus Elementary,HORIZON SCIENCE ACADEMY COLUMBUS ELEMENTARY,8,engl,English Instruction,Ambitious Instruction,Student,55
2024,Unassigned,Horizon Science Academy - Columbus High,HORIZON SCIENCE ACADEMY COLUMBUS HIGH,2,engl,English Instruction,Ambitious Instruction,Student,76
2024,Columbus,Horizon Science Academy - Columbus Middle,HORIZON SCIENCE ACADEMY COLUMBUS MIDDLE,9,engl,English Instruction,Ambitious Instruction,Student,58
2024,DC,Horizon Science Academy - Dayton Downtown,HORIZON SCIENCE ACADEMY DAYTON DOWNTOWN,1,engl,English Instruction,Ambitious Instruction,Student,33
2024,DC,Horizon Science Academy - Dayton Elementary,HORIZON SCIENCE ACADEMY DAYTON ELEMENTARY,8,engl,English Instruction,Ambitious Instruction,Student,70
2024,DC,Horizon Science Academy - Dayton High,HORIZON SCIENCE ACADEMY DAYTON HIGH,2,engl,English Instruction,Ambitious Instruction,Student,44
2024,Unassigned,Horizon Science Academy - Denison Middle,HORIZON SCIENCE ACADEMY DENISON MIDDLE,1,engl,English Instruction,Ambitious Instruction,Student,65
2024,Unassigned,Horizon Science Academy - Lorain,HORIZON SCIENCE ACADEMY LORAIN,1,engl,English Instruction,Ambitious Instruction,Student,38
2024,Unassigned,Horizon Science Academy - Springfield,HORIZON SCIENCE ACADEMY SPRINGFIELD,1,engl,English Instruction,Ambitious Instruction,Student,42
2024,Unassigned,Horizon Science Academy - Toledo,HORIZON SCIENCE ACADEMY TOLEDO,1,engl,English Instruction,Ambitious Instruction,Student,35
2024,Unassigned,Horizon Science Academy - Youngstown,HORIZON SCIENCE ACADEMY YOUNGSTOWN,1,engl,English Instruction,Ambitious Instruction,Student,58
2024,Unassigned,Noble Academy Cleveland,NOBLE ACADEMY CLEVELAND,1,engl,English Instruction,Ambitious Instruction,Student,45
2024,Columbus,Noble Academy Columbus,NOBLE ACADEMY COLUMBUS,1,engl,English Instruction,Ambitious Instruction,Student,47
2024,MO,Gateway Science Academy High - Fyler,GATEWAY SCIENCE ACADEMY HIGH FYLER,2,engl,English Instruction,Ambitious Instruction,Student,60
2024,MO,Gateway Science Academy Middle - Fyler,GATEWAY SCIENCE ACADEMY MIDDLE FYLER,9,engl,English Instruction,Ambitious Instruction,Student,60
2025,MO,Gateway Science Academy - Smiley,GATEWAY SCIENCE ACADEMY SMILEY,8,engl,English Instruction,Ambitious Instruction,Student,25
2025,MO,Gateway Science Academy - South,GATEWAY SCIENCE ACADEMY SOUTH,8,engl,English Instruction,Ambitious Instruction,Student,67
2025,MO,Gateway Science Academy High - Fyler,GATEWAY SCIENCE ACADEMY HIGH FYLER,2,engl,English Instruction,Ambitious Instruction,Student,61
2025,MO,Gateway Science Academy Middle - Fyler,GATEWAY SCIENCE ACADEMY MIDDLE FYLER,9,engl,English Instruction,Ambitious Instruction,Student,54
2025,DC,Horizon Science Academy - Cincinnati,HORIZON SCIENCE ACADEMY CINCINNATI,1,engl,English Instruction,Ambitious Instruction,Student,64
2025,NO,Horizon Science Academy - Cleveland High,HORIZON SCIENCE ACADEMY CLEVELAND HIGH,2,engl,English Instruction,Ambitious Instruction,Student,65
2025,Unassigned,Horizon Science Academy - Cleveland Middle,HORIZON SCIENCE ACADEMY CLEVELAND MIDDLE,1,engl,English Instruction,Ambitious Instruction,Student,57
2025,Columbus,Horizon Science Academy - Columbus Elementary,HORIZON SCIENCE ACADEMY COLUMBUS ELEMENTARY,8,engl,English Instruction,Ambitious Instruction,Student,72
2025,Unassigned,Horizon Science Academy - Columbus High,HORIZON SCIENCE ACADEMY COLUMBUS HIGH,2,engl,English Instruction,Ambitious Instruction,Student,65
2025,Columbus,Horizon Science Academy - Columbus Middle,HORIZON SCIENCE ACADEMY COLUMBUS MIDDLE,9,engl,English Instruction,Ambitious Instruction,Student,72
2025,DC,Horizon Science Academy - Dayton Downtown,HORIZON SCIENCE ACADEMY DAYTON DOWNTOWN,1,engl,English Instruction,Ambitious Instruction,Student,63
2025,DC,Horizon Science Academy - Dayton Elementary,HORIZON SCIENCE ACADEMY DAYTON ELEMENTARY,8,engl,English Instruction,Ambitious Instruction,Student,84
2025,DC,Horizon Science Academy - Dayton High,HORIZON SCIENCE ACADEMY DAYTON HIGH,2,engl,English Instruction,Ambitious Instruction,Student,61
2025,Unassigned,Horizon Science Academy - Denison Middle,HORIZON SCIENCE ACADEMY DENISON MIDDLE,1,engl,English Instruction,Ambitious Instruction,Student,51
2025,Unassigned,Horizon Science Academy - Lorain,HORIZON SCIENCE ACADEMY LORAIN,1,engl,English Instruction,Ambitious Instruction,Student,36
2025,Unassigned,Horizon Science Academy - Springfield,HORIZON SCIENCE ACADEMY SPRINGFIELD,1,engl,English Instruction,Ambitious Instruction,Student,39
2025,Unassigned,Horizon Science Academy - Toledo,HORIZON SCIENCE ACADEMY TOLEDO,1,engl,English Instruction,Ambitious Instruction,Student,27
2025,MN,Horizon Science Academy - Twin Cities,HORIZON SCIENCE ACADEMY TWIN CITIES,1,engl,English Instruction,Ambitious Instruction,Student,65
2025,Unassigned,Horizon Science Academy - Youngstown,HORIZON SCIENCE ACADEMY YOUNGSTOWN,1,engl,English Instruction,Ambitious Instruction,Student,47
2025,IN,Indiana Math and Science Academy - North,INDIANA MATH AND SCIENCE ACADEMY NORTH,1,engl,English Instruction,Ambitious Instruction,Student,45
2025,IN,Indiana Math and Science Academy - West,INDIANA MATH AND SCIENCE ACADEMY WEST,1,engl,English Instruction,Ambitious Instruction,Student,51
2025,MI,Michigan Math and Science Academy - Dequindre,MICHIGAN MATH AND SCIENCE ACADEMY DEQUINDRE,1,engl,English Instruction,Ambitious Instruction,Student,57
2025,MI,Michigan Math and Science Academy - Lorraine,MICHIGAN MATH AND SCIENCE ACADEMY LORRAINE,1,engl,English Instruction,Ambitious Instruction,Student,55
2025,MN,Minnesota Math and Science Academy,MINNESOTA MATH AND SCIENCE ACADEMY,1,engl,English Instruction,Ambitious Instruction,Student,54
2025,Unassigned,Noble Academy Cleveland,NOBLE ACADEMY CLEVELAND,1,engl,English Instruction,Ambitious Instruction,Student,50
2025,Columbus,Noble Academy Columbus,NOBLE ACADEMY COLUMBUS,1,engl,English Instruction,Ambitious Instruction,Student,62
2024,NO,Horizon Science Academy - Cleveland High,HORIZON SCIENCE ACADEMY CLEVELAND HIGH,2,futr,Importance of High School for the Future,Supplemental (grades 9-12),Student,25
2024,Unassigned,Horizon Science Academy - Columbus High,HORIZON SCIENCE ACADEMY COLUMBUS HIGH,2,futr,Importance of High School for the Future,Supplemental (grades 9-12),Student,58
2024,DC,Horizon Science Academy - Dayton High,HORIZON SCIENCE ACADEMY DAYTON HIGH,2,futr,Importance of High School for the Future,Supplemental (grades 9-12),Student,1
2024,MO,Gateway Science Academy High - Fyler,GATEWAY SCIENCE ACADEMY HIGH FYLER,2,futr,Importance of High School for the Future,Supplemental (grades 9-12),Student,1
2025,MO,Gateway Science Academy High - Fyler,GATEWAY SCIENCE ACADEMY HIGH FYLER,2,futr,Importance of High School for the Future,Supplemental (grades 9-12),Student,1
2025,NO,Horizon Science Academy - Cleveland High,HORIZON SCIENCE ACADEMY CLEVELAND HIGH,2,futr,Importance of High School for the Future,Supplemental (grades 9-12),Student,42
2025,Unassigned,Horizon Science Academy - Columbus High,HORIZON SCIENCE ACADEMY COLUMBUS HIGH,2,futr,Importance of High School for the Future,Supplemental (grades 9-12),Student,42
2025,DC,Horizon Science Academy - Dayton High,HORIZON SCIENCE ACADEMY DAYTON HIGH,2,futr,Importance of High School for the Future,Supplemental (grades 9-12),Student,3
2024,IN,Indiana Math and Science Academy - North,INDIANA MATH AND SCIENCE ACADEMY NORTH,1,humr,Human & Social Resources in the Community,Supplemental (grades 6-12),Student,39
2024,IN,Indiana Math and Science Academy - West,INDIANA MATH AND SCIENCE ACADEMY WEST,1,humr,Human & Social Resources in the Community,Supplemental (grades 6-12),Student,42
2024,MI,Michigan Math and Science Academy - Dequindre,MICHIGAN MATH AND SCIENCE ACADEMY DEQUINDRE,1,humr,Human & Social Resources in the Community,Supplemental (grades 6-12),Student,39
2024,MN,Minnesota Math and Science Academy,MINNESOTA MATH AND SCIENCE ACADEMY,1,humr,Human & Social Resources in the Community,Supplemental (grades 6-12),Student,54
2024,DC,Horizon Science Academy - Cincinnati,HORIZON SCIENCE ACADEMY CINCINNATI,1,humr,Human & Social Resources in the Community,Supplemental (grades 6-12),Student,35
2024,NO,Horizon Science Academy - Cleveland High,HORIZON SCIENCE ACADEMY CLEVELAND HIGH,2,humr,Human & Social Resources in the Community,Supplemental (grades 6-12),Student,42
2024,Unassigned,Horizon Science Academy - Cleveland Middle,HORIZON SCIENCE ACADEMY CLEVELAND MIDDLE,1,humr,Human & Social Resources in the Community,Supplemental (grades 6-12),Student,56
2024,Unassigned,Horizon Science Academy - Columbus High,HORIZON SCIENCE ACADEMY COLUMBUS HIGH,2,humr,Human & Social Resources in the Community,Supplemental (grades 6-12),Student,67
2024,Columbus,Horizon Science Academy - Columbus Middle,HORIZON SCIENCE ACADEMY COLUMBUS MIDDLE,9,humr,Human & Social Resources in the Community,Supplemental (grades 6-12),Student,44
2024,DC,Horizon Science Academy - Dayton Downtown,HORIZON SCIENCE ACADEMY DAYTON DOWNTOWN,1,humr,Human & Social Resources in the Community,Supplemental (grades 6-12),Student,32
2024,DC,Horizon Science Academy - Dayton High,HORIZON SCIENCE ACADEMY DAYTON HIGH,2,humr,Human & Social Resources in the Community,Supplemental (grades 6-12),Student,39
2024,Unassigned,Horizon Science Academy - Denison Middle,HORIZON SCIENCE ACADEMY DENISON MIDDLE,1,humr,Human & Social Resources in the Community,Supplemental (grades 6-12),Student,35
2024,Unassigned,Horizon Science Academy - Lorain,HORIZON SCIENCE ACADEMY LORAIN,1,humr,Human & Social Resources in the Community,Supplemental (grades 6-12),Student,35
2024,Unassigned,Horizon Science Academy - Springfield,HORIZON SCIENCE ACADEMY SPRINGFIELD,1,humr,Human & Social Resources in the Community,Supplemental (grades 6-12),Student,47
2024,Unassigned,Horizon Science Academy - Toledo,HORIZON SCIENCE ACADEMY TOLEDO,1,humr,Human & Social Resources in the Community,Supplemental (grades 6-12),Student,44
2024,Unassigned,Horizon Science Academy - Youngstown,HORIZON SCIENCE ACADEMY YOUNGSTOWN,1,humr,Human & Social Resources in the Community,Supplemental (grades 6-12),Student,23
2024,Unassigned,Noble Academy Cleveland,NOBLE ACADEMY CLEVELAND,1,humr,Human & Social Resources in the Community,Supplemental (grades 6-12),Student,33
2024,Columbus,Noble Academy Columbus,NOBLE ACADEMY COLUMBUS,1,humr,Human & Social Resources in the Community,Supplemental (grades 6-12),Student,65
2024,MO,Gateway Science Academy High - Fyler,GATEWAY SCIENCE ACADEMY HIGH FYLER,2,humr,Human & Social Resources in the Community,Supplemental (grades 6-12),Student,52
2024,MO,Gateway Science Academy Middle - Fyler,GATEWAY SCIENCE ACADEMY MIDDLE FYLER,9,humr,Human & Social Resources in the Community,Supplemental (grades 6-12),Student,39
2025,MO,Gateway Science Academy High - Fyler,GATEWAY SCIENCE ACADEMY HIGH FYLER,2,humr,Human & Social Resources in the Community,Supplemental (grades 6-12),Student,46
2025,MO,Gateway Science Academy Middle - Fyler,GATEWAY SCIENCE ACADEMY MIDDLE FYLER,9,humr,Human & Social Resources in the Community,Supplemental (grades 6-12),Student,34
2025,DC,Horizon Science Academy - Cincinnati,HORIZON SCIENCE ACADEMY CINCINNATI,1,humr,Human & Social Resources in the Community,Supplemental (grades 6-12),Student,32
2025,NO,Horizon Science Academy - Cleveland High,HORIZON SCIENCE ACADEMY CLEVELAND HIGH,2,humr,Human & Social Resources in the Community,Supplemental (grades 6-12),Student,53
2025,Unassigned,Horizon Science Academy - Cleveland Middle,HORIZON SCIENCE ACADEMY CLEVELAND MIDDLE,1,humr,Human & Social Resources in the Community,Supplemental (grades 6-12),Student,38
2025,Unassigned,Horizon Science Academy - Columbus High,HORIZON SCIENCE ACADEMY COLUMBUS HIGH,2,humr,Human & Social Resources in the Community,Supplemental (grades 6-12),Student,62
2025,Columbus,Horizon Science Academy - Columbus Middle,HORIZON SCIENCE ACADEMY COLUMBUS MIDDLE,9,humr,Human & Social Resources in the Community,Supplemental (grades 6-12),Student,43
2025,DC,Horizon Science Academy - Dayton Downtown,HORIZON SCIENCE ACADEMY DAYTON DOWNTOWN,1,humr,Human & Social Resources in the Community,Supplemental (grades 6-12),Student,26
2025,DC,Horizon Science Academy - Dayton High,HORIZON SCIENCE ACADEMY DAYTON HIGH,2,humr,Human & Social Resources in the Community,Supplemental (grades 6-12),Student,40
2025,Unassigned,Horizon Science Academy - Denison Middle,HORIZON SCIENCE ACADEMY DENISON MIDDLE,1,humr,Human & Social Resources in the Community,Supplemental (grades 6-12),Student,42
2025,Unassigned,Horizon Science Academy - Lorain,HORIZON SCIENCE ACADEMY LORAIN,1,humr,Human & Social Resources in the Community,Supplemental (grades 6-12),Student,41
2025,Unassigned,Horizon Science Academy - Springfield,HORIZON SCIENCE ACADEMY SPRINGFIELD,1,humr,Human & Social Resources in the Community,Supplemental (grades 6-12),Student,43
2025,Unassigned,Horizon Science Academy - Toledo,HORIZON SCIENCE ACADEMY TOLEDO,1,humr,Human & Social Resources in the Community,Supplemental (grades 6-12),Student,39
2025,MN,Horizon Science Academy - Twin Cities,HORIZON SCIENCE ACADEMY TWIN CITIES,1,humr,Human & Social Resources in the Community,Supplemental (grades 6-12),Student,67
2025,Unassigned,Horizon Science Academy - Youngstown,HORIZON SCIENCE ACADEMY YOUNGSTOWN,1,humr,Human & Social Resources in the Community,Supplemental (grades 6-12),Student,16
2025,IN,Indiana Math and Science Academy - North,INDIANA MATH AND SCIENCE ACADEMY NORTH,1,humr,Human & Social Resources in the Community,Supplemental (grades 6-12),Student,41
2025,IN,Indiana Math and Science Academy - West,INDIANA MATH AND SCIENCE ACADEMY WEST,1,humr,Human & Social Resources in the Community,Supplemental (grades 6-12),Student,40
2025,MI,Michigan Math and Science Academy - Dequindre,MICHIGAN MATH AND SCIENCE ACADEMY DEQUINDRE,1,humr,Human & Social Resources in the Community,Supplemental (grades 6-12),Student,40
2025,MN,Minnesota Math and Science Academy,MINNESOTA MATH AND SCIENCE ACADEMY,1,humr,Human & Social Resources in the Community,Supplemental (grades 6-12),Student,51
2025,Unassigned,Noble Academy Cleveland,NOBLE ACADEMY CLEVELAND,1,humr,Human & Social Resources in the Community,Supplemental (grades 6-12),Student,36
2025,Columbus,Noble Academy Columbus,NOBLE ACADEMY COLUMBUS,1,humr,Human & Social Resources in the Community,Supplemental (grades 6-12),Student,62
2024,IN,Indiana Math and Science Academy - North,INDIANA MATH AND SCIENCE ACADEMY NORTH,1,math,Math Instruction,Ambitious Instruction,Student,24
2024,IN,Indiana Math and Science Academy - West,INDIANA MATH AND SCIENCE ACADEMY WEST,1,math,Math Instruction,Ambitious Instruction,Student,55
2024,MI,Michigan Math and Science Academy - Dequindre,MICHIGAN MATH AND SCIENCE ACADEMY DEQUINDRE,1,math,Math Instruction,Ambitious Instruction,Student,21
2024,MI,Michigan Math and Science Academy - Lorraine,MICHIGAN MATH AND SCIENCE ACADEMY LORRAINE,1,math,Math Instruction,Ambitious Instruction,Student,31
2024,MO,Gateway Science Academy - Smiley,GATEWAY SCIENCE ACADEMY SMILEY,8,math,Math Instruction,Ambitious Instruction,Student,31
2024,MO,Gateway Science Academy - South,GATEWAY SCIENCE ACADEMY SOUTH,8,math,Math Instruction,Ambitious Instruction,Student,41
2024,MN,Minnesota Math and Science Academy,MINNESOTA MATH AND SCIENCE ACADEMY,1,math,Math Instruction,Ambitious Instruction,Student,52
2024,DC,Horizon Science Academy - Cincinnati,HORIZON SCIENCE ACADEMY CINCINNATI,1,math,Math Instruction,Ambitious Instruction,Student,64
2024,NO,Horizon Science Academy - Cleveland High,HORIZON SCIENCE ACADEMY CLEVELAND HIGH,2,math,Math Instruction,Ambitious Instruction,Student,62
2024,Unassigned,Horizon Science Academy - Cleveland Middle,HORIZON SCIENCE ACADEMY CLEVELAND MIDDLE,1,math,Math Instruction,Ambitious Instruction,Student,47
2024,Columbus,Horizon Science Academy - Columbus Elementary,HORIZON SCIENCE ACADEMY COLUMBUS ELEMENTARY,8,math,Math Instruction,Ambitious Instruction,Student,84
2024,Unassigned,Horizon Science Academy - Columbus High,HORIZON SCIENCE ACADEMY COLUMBUS HIGH,2,math,Math Instruction,Ambitious Instruction,Student,74
2024,Columbus,Horizon Science Academy - Columbus Middle,HORIZON SCIENCE ACADEMY COLUMBUS MIDDLE,9,math,Math Instruction,Ambitious Instruction,Student,52
2024,DC,Horizon Science Academy - Dayton Downtown,HORIZON SCIENCE ACADEMY DAYTON DOWNTOWN,1,math,Math Instruction,Ambitious Instruction,Student,25
2024,DC,Horizon Science Academy - Dayton Elementary,HORIZON SCIENCE ACADEMY DAYTON ELEMENTARY,8,math,Math Instruction,Ambitious Instruction,Student,53
2024,DC,Horizon Science Academy - Dayton High,HORIZON SCIENCE ACADEMY DAYTON HIGH,2,math,Math Instruction,Ambitious Instruction,Student,66
2024,Unassigned,Horizon Science Academy - Denison Middle,HORIZON SCIENCE ACADEMY DENISON MIDDLE,1,math,Math Instruction,Ambitious Instruction,Student,41
2024,Unassigned,Horizon Science Academy - Lorain,HORIZON SCIENCE ACADEMY LORAIN,1,math,Math Instruction,Ambitious Instruction,Student,8
2024,Unassigned,Horizon Science Academy - Springfield,HORIZON SCIENCE ACADEMY SPRINGFIELD,1,math,Math Instruction,Ambitious Instruction,Student,43
2024,Unassigned,Horizon Science Academy - Toledo,HORIZON SCIENCE ACADEMY TOLEDO,1,math,Math Instruction,Ambitious Instruction,Student,9
2024,Unassigned,Horizon Science Academy - Youngstown,HORIZON SCIENCE ACADEMY YOUNGSTOWN,1,math,Math Instruction,Ambitious Instruction,Student,41
2024,Unassigned,Noble Academy Cleveland,NOBLE ACADEMY CLEVELAND,1,math,Math Instruction,Ambitious Instruction,Student,17
2024,Columbus,Noble Academy Columbus,NOBLE ACADEMY COLUMBUS,1,math,Math Instruction,Ambitious Instruction,Student,68
2024,MO,Gateway Science Academy High - Fyler,GATEWAY SCIENCE ACADEMY HIGH FYLER,2,math,Math Instruction,Ambitious Instruction,Student,49
2024,MO,Gateway Science Academy Middle - Fyler,GATEWAY SCIENCE ACADEMY MIDDLE FYLER,9,math,Math Instruction,Ambitious Instruction,Student,44
2025,MO,Gateway Science Academy - Smiley,GATEWAY SCIENCE ACADEMY SMILEY,8,math,Math Instruction,Ambitious Instruction,Student,17
2025,MO,Gateway Science Academy - South,GATEWAY SCIENCE ACADEMY SOUTH,8,math,Math Instruction,Ambitious Instruction,Student,51
2025,MO,Gateway Science Academy High - Fyler,GATEWAY SCIENCE ACADEMY HIGH FYLER,2,math,Math Instruction,Ambitious Instruction,Student,36
2025,MO,Gateway Science Academy Middle - Fyler,GATEWAY SCIENCE ACADEMY MIDDLE FYLER,9,math,Math Instruction,Ambitious Instruction,Student,42
2025,DC,Horizon Science Academy - Cincinnati,HORIZON SCIENCE ACADEMY CINCINNATI,1,math,Math Instruction,Ambitious Instruction,Student,62
2025,NO,Horizon Science Academy - Cleveland High,HORIZON SCIENCE ACADEMY CLEVELAND HIGH,2,math,Math Instruction,Ambitious Instruction,Student,79
2025,Unassigned,Horizon Science Academy - Cleveland Middle,HORIZON SCIENCE ACADEMY CLEVELAND MIDDLE,1,math,Math Instruction,Ambitious Instruction,Student,25
2025,Columbus,Horizon Science Academy - Columbus Elementary,HORIZON SCIENCE ACADEMY COLUMBUS ELEMENTARY,8,math,Math Instruction,Ambitious Instruction,Student,99
2025,Unassigned,Horizon Science Academy - Columbus High,HORIZON SCIENCE ACADEMY COLUMBUS HIGH,2,math,Math Instruction,Ambitious Instruction,Student,61
2025,Columbus,Horizon Science Academy - Columbus Middle,HORIZON SCIENCE ACADEMY COLUMBUS MIDDLE,9,math,Math Instruction,Ambitious Instruction,Student,64
2025,DC,Horizon Science Academy - Dayton Downtown,HORIZON SCIENCE ACADEMY DAYTON DOWNTOWN,1,math,Math Instruction,Ambitious Instruction,Student,28
2025,DC,Horizon Science Academy - Dayton Elementary,HORIZON SCIENCE ACADEMY DAYTON ELEMENTARY,8,math,Math Instruction,Ambitious Instruction,Student,84
2025,DC,Horizon Science Academy - Dayton High,HORIZON SCIENCE ACADEMY DAYTON HIGH,2,math,Math Instruction,Ambitious Instruction,Student,64
2025,Unassigned,Horizon Science Academy - Denison Middle,HORIZON SCIENCE ACADEMY DENISON MIDDLE,1,math,Math Instruction,Ambitious Instruction,Student,43
2025,Unassigned,Horizon Science Academy - Lorain,HORIZON SCIENCE ACADEMY LORAIN,1,math,Math Instruction,Ambitious Instruction,Student,21
2025,Unassigned,Horizon Science Academy - Springfield,HORIZON SCIENCE ACADEMY SPRINGFIELD,1,math,Math Instruction,Ambitious Instruction,Student,42
2025,Unassigned,Horizon Science Academy - Toledo,HORIZON SCIENCE ACADEMY TOLEDO,1,math,Math Instruction,Ambitious Instruction,Student,14
2025,MN,Horizon Science Academy - Twin Cities,HORIZON SCIENCE ACADEMY TWIN CITIES,1,math,Math Instruction,Ambitious Instruction,Student,63
2025,Unassigned,Horizon Science Academy - Youngstown,HORIZON SCIENCE ACADEMY YOUNGSTOWN,1,math,Math Instruction,Ambitious Instruction,Student,38
2025,IN,Indiana Math and Science Academy - North,INDIANA MATH AND SCIENCE ACADEMY NORTH,1,math,Math Instruction,Ambitious Instruction,Student,24
2025,IN,Indiana Math and Science Academy - West,INDIANA MATH AND SCIENCE ACADEMY WEST,1,math,Math Instruction,Ambitious Instruction,Student,47
2025,MI,Michigan Math and Science Academy - Dequindre,MICHIGAN MATH AND SCIENCE ACADEMY DEQUINDRE,1,math,Math Instruction,Ambitious Instruction,Student,24
2025,MI,Michigan Math and Science Academy - Lorraine,MICHIGAN MATH AND SCIENCE ACADEMY LORRAINE,1,math,Math Instruction,Ambitious Instruction,Student,53
2025,MN,Minnesota Math and Science Academy,MINNESOTA MATH AND SCIENCE ACADEMY,1,math,Math Instruction,Ambitious Instruction,Student,32
2025,Unassigned,Noble Academy Cleveland,NOBLE ACADEMY CLEVELAND,1,math,Math Instruction,Ambitious Instruction,Student,27
2025,Columbus,Noble Academy Columbus,NOBLE ACADEMY COLUMBUS,1,math,Math Instruction,Ambitious Instruction,Student,66
2024,IN,Indiana Math and Science Academy - North,INDIANA MATH AND SCIENCE ACADEMY NORTH,1,peer,Student Peer Relationships,Supplemental (grades 6-12),Student,24
2024,IN,Indiana Math and Science Academy - West,INDIANA MATH AND SCIENCE ACADEMY WEST,1,peer,Student Peer Relationships,Supplemental (grades 6-12),Student,20
2024,MI,Michigan Math and Science Academy - Dequindre,MICHIGAN MATH AND SCIENCE ACADEMY DEQUINDRE,1,peer,Student Peer Relationships,Supplemental (grades 6-12),Student,20
2024,MN,Minnesota Math and Science Academy,MINNESOTA MATH AND SCIENCE ACADEMY,1,peer,Student Peer Relationships,Supplemental (grades 6-12),Student,25
2024,DC,Horizon Science Academy - Cincinnati,HORIZON SCIENCE ACADEMY CINCINNATI,1,peer,Student Peer Relationships,Supplemental (grades 6-12),Student,20
2024,NO,Horizon Science Academy - Cleveland High,HORIZON SCIENCE ACADEMY CLEVELAND HIGH,2,peer,Student Peer Relationships,Supplemental (grades 6-12),Student,41
2024,Unassigned,Horizon Science Academy - Cleveland Middle,HORIZON SCIENCE ACADEMY CLEVELAND MIDDLE,1,peer,Student Peer Relationships,Supplemental (grades 6-12),Student,30
2024,Unassigned,Horizon Science Academy - Columbus High,HORIZON SCIENCE ACADEMY COLUMBUS HIGH,2,peer,Student Peer Relationships,Supplemental (grades 6-12),Student,78
2024,Columbus,Horizon Science Academy - Columbus Middle,HORIZON SCIENCE ACADEMY COLUMBUS MIDDLE,9,peer,Student Peer Relationships,Supplemental (grades 6-12),Student,4
2024,DC,Horizon Science Academy - Dayton Downtown,HORIZON SCIENCE ACADEMY DAYTON DOWNTOWN,1,peer,Student Peer Relationships,Supplemental (grades 6-12),Student,28
2024,DC,Horizon Science Academy - Dayton High,HORIZON SCIENCE ACADEMY DAYTON HIGH,2,peer,Student Peer Relationships,Supplemental (grades 6-12),Student,22
2024,Unassigned,Horizon Science Academy - Denison Middle,HORIZON SCIENCE ACADEMY DENISON MIDDLE,1,peer,Student Peer Relationships,Supplemental (grades 6-12),Student,17
2024,Unassigned,Horizon Science Academy - Lorain,HORIZON SCIENCE ACADEMY LORAIN,1,peer,Student Peer Relationships,Supplemental (grades 6-12),Student,18
2024,Unassigned,Horizon Science Academy - Springfield,HORIZON SCIENCE ACADEMY SPRINGFIELD,1,peer,Student Peer Relationships,Supplemental (grades 6-12),Student,18
2024,Unassigned,Horizon Science Academy - Toledo,HORIZON SCIENCE ACADEMY TOLEDO,1,peer,Student Peer Relationships,Supplemental (grades 6-12),Student,29
2024,Unassigned,Horizon Science Academy - Youngstown,HORIZON SCIENCE ACADEMY YOUNGSTOWN,1,peer,Student Peer Relationships,Supplemental (grades 6-12),Student,22
2024,Unassigned,Noble Academy Cleveland,NOBLE ACADEMY CLEVELAND,1,peer,Student Peer Relationships,Supplemental (grades 6-12),Student,19
2024,Columbus,Noble Academy Columbus,NOBLE ACADEMY COLUMBUS,1,peer,Student Peer Relationships,Supplemental (grades 6-12),Student,47
2024,MO,Gateway Science Academy High - Fyler,GATEWAY SCIENCE ACADEMY HIGH FYLER,2,peer,Student Peer Relationships,Supplemental (grades 6-12),Student,44
2024,MO,Gateway Science Academy Middle - Fyler,GATEWAY SCIENCE ACADEMY MIDDLE FYLER,9,peer,Student Peer Relationships,Supplemental (grades 6-12),Student,6
2025,MO,Gateway Science Academy - Smiley,GATEWAY SCIENCE ACADEMY SMILEY,8,peer,Student Peer Relationships,Supplemental (grades 6-12),Student,25
2025,MO,Gateway Science Academy - South,GATEWAY SCIENCE ACADEMY SOUTH,8,peer,Student Peer Relationships,Supplemental (grades 6-12),Student,3
2025,MO,Gateway Science Academy High - Fyler,GATEWAY SCIENCE ACADEMY HIGH FYLER,2,peer,Student Peer Relationships,Supplemental (grades 6-12),Student,53
2025,MO,Gateway Science Academy Middle - Fyler,GATEWAY SCIENCE ACADEMY MIDDLE FYLER,9,peer,Student Peer Relationships,Supplemental (grades 6-12),Student,10
2025,DC,Horizon Science Academy - Cincinnati,HORIZON SCIENCE ACADEMY CINCINNATI,1,peer,Student Peer Relationships,Supplemental (grades 6-12),Student,20
2025,NO,Horizon Science Academy - Cleveland High,HORIZON SCIENCE ACADEMY CLEVELAND HIGH,2,peer,Student Peer Relationships,Supplemental (grades 6-12),Student,40
2025,Unassigned,Horizon Science Academy - Cleveland Middle,HORIZON SCIENCE ACADEMY CLEVELAND MIDDLE,1,peer,Student Peer Relationships,Supplemental (grades 6-12),Student,10
2025,Columbus,Horizon Science Academy - Columbus Elementary,HORIZON SCIENCE ACADEMY COLUMBUS ELEMENTARY,8,peer,Student Peer Relationships,Supplemental (grades 6-12),Student,5
2025,Unassigned,Horizon Science Academy - Columbus High,HORIZON SCIENCE ACADEMY COLUMBUS HIGH,2,peer,Student Peer Relationships,Supplemental (grades 6-12),Student,67
2025,Columbus,Horizon Science Academy - Columbus Middle,HORIZON SCIENCE ACADEMY COLUMBUS MIDDLE,9,peer,Student Peer Relationships,Supplemental (grades 6-12),Student,16
2025,DC,Horizon Science Academy - Dayton Downtown,HORIZON SCIENCE ACADEMY DAYTON DOWNTOWN,1,peer,Student Peer Relationships,Supplemental (grades 6-12),Student,36
2025,DC,Horizon Science Academy - Dayton Elementary,HORIZON SCIENCE ACADEMY DAYTON ELEMENTARY,8,peer,Student Peer Relationships,Supplemental (grades 6-12),Student,62
2025,DC,Horizon Science Academy - Dayton High,HORIZON SCIENCE ACADEMY DAYTON HIGH,2,peer,Student Peer Relationships,Supplemental (grades 6-12),Student,20
2025,Unassigned,Horizon Science Academy - Denison Middle,HORIZON SCIENCE ACADEMY DENISON MIDDLE,1,peer,Student Peer Relationships,Supplemental (grades 6-12),Student,25
2025,IA,Horizon Science Academy - Des Moines,HORIZON SCIENCE ACADEMY DES MOINES,8,peer,Student Peer Relationships,Supplemental (grades 6-12),Student,1
2025,Unassigned,Horizon Science Academy - Lorain,HORIZON SCIENCE ACADEMY LORAIN,1,peer,Student Peer Relationships,Supplemental (grades 6-12),Student,32
2025,Unassigned,Horizon Science Academy - Springfield,HORIZON SCIENCE ACADEMY SPRINGFIELD,1,peer,Student Peer Relationships,Supplemental (grades 6-12),Student,24
2025,Unassigned,Horizon Science Academy - Toledo,HORIZON SCIENCE ACADEMY TOLEDO,1,peer,Student Peer Relationships,Supplemental (grades 6-12),Student,43
2025,MN,Horizon Science Academy - Twin Cities,HORIZON SCIENCE ACADEMY TWIN CITIES,1,peer,Student Peer Relationships,Supplemental (grades 6-12),Student,71
2025,Unassigned,Horizon Science Academy - Youngstown,HORIZON SCIENCE ACADEMY YOUNGSTOWN,1,peer,Student Peer Relationships,Supplemental (grades 6-12),Student,18
2025,IN,Indiana Math and Science Academy - North,INDIANA MATH AND SCIENCE ACADEMY NORTH,1,peer,Student Peer Relationships,Supplemental (grades 6-12),Student,15
2025,IN,Indiana Math and Science Academy - West,INDIANA MATH AND SCIENCE ACADEMY WEST,1,peer,Student Peer Relationships,Supplemental (grades 6-12),Student,22
2025,MI,Michigan Math and Science Academy - Dequindre,MICHIGAN MATH AND SCIENCE ACADEMY DEQUINDRE,1,peer,Student Peer Relationships,Supplemental (grades 6-12),Student,19
2025,MI,Michigan Math and Science Academy - Lorraine,MICHIGAN MATH AND SCIENCE ACADEMY LORRAINE,1,peer,Student Peer Relationships,Supplemental (grades 6-12),Student,88
2025,MN,Minnesota Math and Science Academy,MINNESOTA MATH AND SCIENCE ACADEMY,1,peer,Student Peer Relationships,Supplemental (grades 6-12),Student,33
2025,Unassigned,Noble Academy Cleveland,NOBLE ACADEMY CLEVELAND,1,peer,Student Peer Relationships,Supplemental (grades 6-12),Student,22
2025,Columbus,Noble Academy Columbus,NOBLE ACADEMY COLUMBUS,1,peer,Student Peer Relationships,Supplemental (grades 6-12),Student,57
2024,IN,Indiana Math and Science Academy - North,INDIANA MATH AND SCIENCE ACADEMY NORTH,1,perc,Academic Personalism,Supportive Environment (grades 4-8)/Supplemental (grades 9-12),Student,10
2024,IN,Indiana Math and Science Academy - West,INDIANA MATH AND SCIENCE ACADEMY WEST,1,perc,Academic Personalism,Supportive Environment (grades 4-8)/Supplemental (grades 9-12),Student,40
2024,MI,Michigan Math and Science Academy - Dequindre,MICHIGAN MATH AND SCIENCE ACADEMY DEQUINDRE,1,perc,Academic Personalism,Supportive Environment (grades 4-8)/Supplemental (grades 9-12),Student,23
2024,MI,Michigan Math and Science Academy - Lorraine,MICHIGAN MATH AND SCIENCE ACADEMY LORRAINE,1,perc,Academic Personalism,Supportive Environment (grades 4-8)/Supplemental (grades 9-12),Student,59
2024,MO,Gateway Science Academy - Smiley,GATEWAY SCIENCE ACADEMY SMILEY,8,perc,Academic Personalism,Supportive Environment (grades 4-8)/Supplemental (grades 9-12),Student,17
2024,MO,Gateway Science Academy - South,GATEWAY SCIENCE ACADEMY SOUTH,8,perc,Academic Personalism,Supportive Environment (grades 4-8)/Supplemental (grades 9-12),Student,55
2024,MN,Minnesota Math and Science Academy,MINNESOTA MATH AND SCIENCE ACADEMY,1,perc,Academic Personalism,Supportive Environment (grades 4-8)/Supplemental (grades 9-12),Student,34
2024,DC,Horizon Science Academy - Cincinnati,HORIZON SCIENCE ACADEMY CINCINNATI,1,perc,Academic Personalism,Supportive Environment (grades 4-8)/Supplemental (grades 9-12),Student,40
2024,NO,Horizon Science Academy - Cleveland High,HORIZON SCIENCE ACADEMY CLEVELAND HIGH,2,perc,Academic Personalism,Supportive Environment (grades 4-8)/Supplemental (grades 9-12),Student,60
2024,Unassigned,Horizon Science Academy - Cleveland Middle,HORIZON SCIENCE ACADEMY CLEVELAND MIDDLE,1,perc,Academic Personalism,Supportive Environment (grades 4-8)/Supplemental (grades 9-12),Student,44
2024,Columbus,Horizon Science Academy - Columbus Elementary,HORIZON SCIENCE ACADEMY COLUMBUS ELEMENTARY,8,perc,Academic Personalism,Supportive Environment (grades 4-8)/Supplemental (grades 9-12),Student,53
2024,Unassigned,Horizon Science Academy - Columbus High,HORIZON SCIENCE ACADEMY COLUMBUS HIGH,2,perc,Academic Personalism,Supportive Environment (grades 4-8)/Supplemental (grades 9-12),Student,77
2024,Columbus,Horizon Science Academy - Columbus Middle,HORIZON SCIENCE ACADEMY COLUMBUS MIDDLE,9,perc,Academic Personalism,Supportive Environment (grades 4-8)/Supplemental (grades 9-12),Student,32
2024,DC,Horizon Science Academy - Dayton Downtown,HORIZON SCIENCE ACADEMY DAYTON DOWNTOWN,1,perc,Academic Personalism,Supportive Environment (grades 4-8)/Supplemental (grades 9-12),Student,28
2024,DC,Horizon Science Academy - Dayton Elementary,HORIZON SCIENCE ACADEMY DAYTON ELEMENTARY,8,perc,Academic Personalism,Supportive Environment (grades 4-8)/Supplemental (grades 9-12),Student,56
2024,DC,Horizon Science Academy - Dayton High,HORIZON SCIENCE ACADEMY DAYTON HIGH,2,perc,Academic Personalism,Supportive Environment (grades 4-8)/Supplemental (grades 9-12),Student,39
2024,Unassigned,Horizon Science Academy - Denison Middle,HORIZON SCIENCE ACADEMY DENISON MIDDLE,1,perc,Academic Personalism,Supportive Environment (grades 4-8)/Supplemental (grades 9-12),Student,45
2024,Unassigned,Horizon Science Academy - Lorain,HORIZON SCIENCE ACADEMY LORAIN,1,perc,Academic Personalism,Supportive Environment (grades 4-8)/Supplemental (grades 9-12),Student,18
2024,Unassigned,Horizon Science Academy - Springfield,HORIZON SCIENCE ACADEMY SPRINGFIELD,1,perc,Academic Personalism,Supportive Environment (grades 4-8)/Supplemental (grades 9-12),Student,25
2024,Unassigned,Horizon Science Academy - Toledo,HORIZON SCIENCE ACADEMY TOLEDO,1,perc,Academic Personalism,Supportive Environment (grades 4-8)/Supplemental (grades 9-12),Student,10
2024,Unassigned,Horizon Science Academy - Youngstown,HORIZON SCIENCE ACADEMY YOUNGSTOWN,1,perc,Academic Personalism,Supportive Environment (grades 4-8)/Supplemental (grades 9-12),Student,33
2024,Unassigned,Noble Academy Cleveland,NOBLE ACADEMY CLEVELAND,1,perc,Academic Personalism,Supportive Environment (grades 4-8)/Supplemental (grades 9-12),Student,13
2024,Columbus,Noble Academy Columbus,NOBLE ACADEMY COLUMBUS,1,perc,Academic Personalism,Supportive Environment (grades 4-8)/Supplemental (grades 9-12),Student,51
2024,MO,Gateway Science Academy High - Fyler,GATEWAY SCIENCE ACADEMY HIGH FYLER,2,perc,Academic Personalism,Supportive Environment (grades 4-8)/Supplemental (grades 9-12),Student,47
2024,MO,Gateway Science Academy Middle - Fyler,GATEWAY SCIENCE ACADEMY MIDDLE FYLER,9,perc,Academic Personalism,Supportive Environment (grades 4-8)/Supplemental (grades 9-12),Student,20
2025,MO,Gateway Science Academy - Smiley,GATEWAY SCIENCE ACADEMY SMILEY,8,perc,Academic Personalism,Supportive Environment (grades 4-8)/Supplemental (grades 9-12),Student,1
2025,MO,Gateway Science Academy - South,GATEWAY SCIENCE ACADEMY SOUTH,8,perc,Academic Personalism,Supportive Environment (grades 4-8)/Supplemental (grades 9-12),Student,61
2025,MO,Gateway Science Academy High - Fyler,GATEWAY SCIENCE ACADEMY HIGH FYLER,2,perc,Academic Personalism,Supportive Environment (grades 4-8)/Supplemental (grades 9-12),Student,28
2025,MO,Gateway Science Academy Middle - Fyler,GATEWAY SCIENCE ACADEMY MIDDLE FYLER,9,perc,Academic Personalism,Supportive Environment (grades 4-8)/Supplemental (grades 9-12),Student,28
2025,DC,Horizon Science Academy - Cincinnati,HORIZON SCIENCE ACADEMY CINCINNATI,1,perc,Academic Personalism,Supportive Environment (grades 4-8)/Supplemental (grades 9-12),Student,54
2025,NO,Horizon Science Academy - Cleveland High,HORIZON SCIENCE ACADEMY CLEVELAND HIGH,2,perc,Academic Personalism,Supportive Environment (grades 4-8)/Supplemental (grades 9-12),Student,63
2025,Unassigned,Horizon Science Academy - Cleveland Middle,HORIZON SCIENCE ACADEMY CLEVELAND MIDDLE,1,perc,Academic Personalism,Supportive Environment (grades 4-8)/Supplemental (grades 9-12),Student,32
2025,Columbus,Horizon Science Academy - Columbus Elementary,HORIZON SCIENCE ACADEMY COLUMBUS ELEMENTARY,8,perc,Academic Personalism,Supportive Environment (grades 4-8)/Supplemental (grades 9-12),Student,75
2025,Unassigned,Horizon Science Academy - Columbus High,HORIZON SCIENCE ACADEMY COLUMBUS HIGH,2,perc,Academic Personalism,Supportive Environment (grades 4-8)/Supplemental (grades 9-12),Student,70
2025,Columbus,Horizon Science Academy - Columbus Middle,HORIZON SCIENCE ACADEMY COLUMBUS MIDDLE,9,perc,Academic Personalism,Supportive Environment (grades 4-8)/Supplemental (grades 9-12),Student,42
2025,DC,Horizon Science Academy - Dayton Downtown,HORIZON SCIENCE ACADEMY DAYTON DOWNTOWN,1,perc,Academic Personalism,Supportive Environment (grades 4-8)/Supplemental (grades 9-12),Student,32
2025,DC,Horizon Science Academy - Dayton Elementary,HORIZON SCIENCE ACADEMY DAYTON ELEMENTARY,8,perc,Academic Personalism,Supportive Environment (grades 4-8)/Supplemental (grades 9-12),Student,99
2025,DC,Horizon Science Academy - Dayton High,HORIZON SCIENCE ACADEMY DAYTON HIGH,2,perc,Academic Personalism,Supportive Environment (grades 4-8)/Supplemental (grades 9-12),Student,53
2025,Unassigned,Horizon Science Academy - Denison Middle,HORIZON SCIENCE ACADEMY DENISON MIDDLE,1,perc,Academic Personalism,Supportive Environment (grades 4-8)/Supplemental (grades 9-12),Student,39
2025,IA,Horizon Science Academy - Des Moines,HORIZON SCIENCE ACADEMY DES MOINES,8,perc,Academic Personalism,Supportive Environment (grades 4-8)/Supplemental (grades 9-12),Student,60
2025,Unassigned,Horizon Science Academy - Lorain,HORIZON SCIENCE ACADEMY LORAIN,1,perc,Academic Personalism,Supportive Environment (grades 4-8)/Supplemental (grades 9-12),Student,24
2025,Unassigned,Horizon Science Academy - Springfield,HORIZON SCIENCE ACADEMY SPRINGFIELD,1,perc,Academic Personalism,Supportive Environment (grades 4-8)/Supplemental (grades 9-12),Student,33
2025,Unassigned,Horizon Science Academy - Toledo,HORIZON SCIENCE ACADEMY TOLEDO,1,perc,Academic Personalism,Supportive Environment (grades 4-8)/Supplemental (grades 9-12),Student,27
2025,MN,Horizon Science Academy - Twin Cities,HORIZON SCIENCE ACADEMY TWIN CITIES,1,perc,Academic Personalism,Supportive Environment (grades 4-8)/Supplemental (grades 9-12),Student,76
2025,Unassigned,Horizon Science Academy - Youngstown,HORIZON SCIENCE ACADEMY YOUNGSTOWN,1,perc,Academic Personalism,Supportive Environment (grades 4-8)/Supplemental (grades 9-12),Student,22
2025,IN,Indiana Math and Science Academy - North,INDIANA MATH AND SCIENCE ACADEMY NORTH,1,perc,Academic Personalism,Supportive Environment (grades 4-8)/Supplemental (grades 9-12),Student,22
2025,IN,Indiana Math and Science Academy - West,INDIANA MATH AND SCIENCE ACADEMY WEST,1,perc,Academic Personalism,Supportive Environment (grades 4-8)/Supplemental (grades 9-12),Student,34
2025,MI,Michigan Math and Science Academy - Dequindre,MICHIGAN MATH AND SCIENCE ACADEMY DEQUINDRE,1,perc,Academic Personalism,Supportive Environment (grades 4-8)/Supplemental (grades 9-12),Student,24
2025,MI,Michigan Math and Science Academy - Lorraine,MICHIGAN MATH AND SCIENCE ACADEMY LORRAINE,1,perc,Academic Personalism,Supportive Environment (grades 4-8)/Supplemental (grades 9-12),Student,52
2025,MN,Minnesota Math and Science Academy,MINNESOTA MATH AND SCIENCE ACADEMY,1,perc,Academic Personalism,Supportive Environment (grades 4-8)/Supplemental (grades 9-12),Student,19
2025,Unassigned,Noble Academy Cleveland,NOBLE ACADEMY CLEVELAND,1,perc,Academic Personalism,Supportive Environment (grades 4-8)/Supplemental (grades 9-12),Student,22
2025,Columbus,Noble Academy Columbus,NOBLE ACADEMY COLUMBUS,1,perc,Academic Personalism,Supportive Environment (grades 4-8)/Supplemental (grades 9-12),Student,57
2024,IN,Indiana Math and Science Academy - North,INDIANA MATH AND SCIENCE ACADEMY NORTH,1,pres,Academic Press,Ambitious Instruction,Student,21
2024,IN,Indiana Math and Science Academy - West,INDIANA MATH AND SCIENCE ACADEMY WEST,1,pres,Academic Press,Ambitious Instruction,Student,52
2024,MI,Michigan Math and Science Academy - Dequindre,MICHIGAN MATH AND SCIENCE ACADEMY DEQUINDRE,1,pres,Academic Press,Ambitious Instruction,Student,22
2024,MI,Michigan Math and Science Academy - Lorraine,MICHIGAN MATH AND SCIENCE ACADEMY LORRAINE,1,pres,Academic Press,Ambitious Instruction,Student,63
2024,MO,Gateway Science Academy - Smiley,GATEWAY SCIENCE ACADEMY SMILEY,8,pres,Academic Press,Ambitious Instruction,Student,60
2024,MO,Gateway Science Academy - South,GATEWAY SCIENCE ACADEMY SOUTH,8,pres,Academic Press,Ambitious Instruction,Student,56
2024,MN,Minnesota Math and Science Academy,MINNESOTA MATH AND SCIENCE ACADEMY,1,pres,Academic Press,Ambitious Instruction,Student,35
2024,DC,Horizon Science Academy - Cincinnati,HORIZON SCIENCE ACADEMY CINCINNATI,1,pres,Academic Press,Ambitious Instruction,Student,47
2024,NO,Horizon Science Academy - Cleveland High,HORIZON SCIENCE ACADEMY CLEVELAND HIGH,2,pres,Academic Press,Ambitious Instruction,Student,40
2024,Unassigned,Horizon Science Academy - Cleveland Middle,HORIZON SCIENCE ACADEMY CLEVELAND MIDDLE,1,pres,Academic Press,Ambitious Instruction,Student,42
2024,Columbus,Horizon Science Academy - Columbus Elementary,HORIZON SCIENCE ACADEMY COLUMBUS ELEMENTARY,8,pres,Academic Press,Ambitious Instruction,Student,69
2024,Unassigned,Horizon Science Academy - Columbus High,HORIZON SCIENCE ACADEMY COLUMBUS HIGH,2,pres,Academic Press,Ambitious Instruction,Student,61
2024,Columbus,Horizon Science Academy - Columbus Middle,HORIZON SCIENCE ACADEMY COLUMBUS MIDDLE,9,pres,Academic Press,Ambitious Instruction,Student,24
2024,DC,Horizon Science Academy - Dayton Downtown,HORIZON SCIENCE ACADEMY DAYTON DOWNTOWN,1,pres,Academic Press,Ambitious Instruction,Student,25
2024,DC,Horizon Science Academy - Dayton Elementary,HORIZON SCIENCE ACADEMY DAYTON ELEMENTARY,8,pres,Academic Press,Ambitious Instruction,Student,99
2024,DC,Horizon Science Academy - Dayton High,HORIZON SCIENCE ACADEMY DAYTON HIGH,2,pres,Academic Press,Ambitious Instruction,Student,41
2024,Unassigned,Horizon Science Academy - Denison Middle,HORIZON SCIENCE ACADEMY DENISON MIDDLE,1,pres,Academic Press,Ambitious Instruction,Student,30
2024,Unassigned,Horizon Science Academy - Lorain,HORIZON SCIENCE ACADEMY LORAIN,1,pres,Academic Press,Ambitious Instruction,Student,25
2024,Unassigned,Horizon Science Academy - Springfield,HORIZON SCIENCE ACADEMY SPRINGFIELD,1,pres,Academic Press,Ambitious Instruction,Student,37
2024,Unassigned,Horizon Science Academy - Toledo,HORIZON SCIENCE ACADEMY TOLEDO,1,pres,Academic Press,Ambitious Instruction,Student,10
2024,Unassigned,Horizon Science Academy - Youngstown,HORIZON SCIENCE ACADEMY YOUNGSTOWN,1,pres,Academic Press,Ambitious Instruction,Student,44
2024,Unassigned,Noble Academy Cleveland,NOBLE ACADEMY CLEVELAND,1,pres,Academic Press,Ambitious Instruction,Student,27
2024,Columbus,Noble Academy Columbus,NOBLE ACADEMY COLUMBUS,1,pres,Academic Press,Ambitious Instruction,Student,47
2024,MO,Gateway Science Academy High - Fyler,GATEWAY SCIENCE ACADEMY HIGH FYLER,2,pres,Academic Press,Ambitious Instruction,Student,45
2024,MO,Gateway Science Academy Middle - Fyler,GATEWAY SCIENCE ACADEMY MIDDLE FYLER,9,pres,Academic Press,Ambitious Instruction,Student,5
2025,MO,Gateway Science Academy - Smiley,GATEWAY SCIENCE ACADEMY SMILEY,8,pres,Academic Press,Ambitious Instruction,Student,25
2025,MO,Gateway Science Academy - South,GATEWAY SCIENCE ACADEMY SOUTH,8,pres,Academic Press,Ambitious Instruction,Student,39
2025,MO,Gateway Science Academy High - Fyler,GATEWAY SCIENCE ACADEMY HIGH FYLER,2,pres,Academic Press,Ambitious Instruction,Student,36
2025,MO,Gateway Science Academy Middle - Fyler,GATEWAY SCIENCE ACADEMY MIDDLE FYLER,9,pres,Academic Press,Ambitious Instruction,Student,33
2025,DC,Horizon Science Academy - Cincinnati,HORIZON SCIENCE ACADEMY CINCINNATI,1,pres,Academic Press,Ambitious Instruction,Student,44
2025,NO,Horizon Science Academy - Cleveland High,HORIZON SCIENCE ACADEMY CLEVELAND HIGH,2,pres,Academic Press,Ambitious Instruction,Student,49
2025,Unassigned,Horizon Science Academy - Cleveland Middle,HORIZON SCIENCE ACADEMY CLEVELAND MIDDLE,1,pres,Academic Press,Ambitious Instruction,Student,32
2025,Columbus,Horizon Science Academy - Columbus Elementary,HORIZON SCIENCE ACADEMY COLUMBUS ELEMENTARY,8,pres,Academic Press,Ambitious Instruction,Student,67
2025,Unassigned,Horizon Science Academy - Columbus High,HORIZON SCIENCE ACADEMY COLUMBUS HIGH,2,pres,Academic Press,Ambitious Instruction,Student,47
2025,Columbus,Horizon Science Academy - Columbus Middle,HORIZON SCIENCE ACADEMY COLUMBUS MIDDLE,9,pres,Academic Press,Ambitious Instruction,Student,44
2025,DC,Horizon Science Academy - Dayton Downtown,HORIZON SCIENCE ACADEMY DAYTON DOWNTOWN,1,pres,Academic Press,Ambitious Instruction,Student,24
2025,DC,Horizon Science Academy - Dayton Elementary,HORIZON SCIENCE ACADEMY DAYTON ELEMENTARY,8,pres,Academic Press,Ambitious Instruction,Student,99
2025,DC,Horizon Science Academy - Dayton High,HORIZON SCIENCE ACADEMY DAYTON HIGH,2,pres,Academic Press,Ambitious Instruction,Student,52
2025,Unassigned,Horizon Science Academy - Denison Middle,HORIZON SCIENCE ACADEMY DENISON MIDDLE,1,pres,Academic Press,Ambitious Instruction,Student,35
2025,IA,Horizon Science Academy - Des Moines,HORIZON SCIENCE ACADEMY DES MOINES,8,pres,Academic Press,Ambitious Instruction,Student,1
2025,Unassigned,Horizon Science Academy - Lorain,HORIZON SCIENCE ACADEMY LORAIN,1,pres,Academic Press,Ambitious Instruction,Student,26
2025,Unassigned,Horizon Science Academy - Springfield,HORIZON SCIENCE ACADEMY SPRINGFIELD,1,pres,Academic Press,Ambitious Instruction,Student,41
2025,Unassigned,Horizon Science Academy - Toledo,HORIZON SCIENCE ACADEMY TOLEDO,1,pres,Academic Press,Ambitious Instruction,Student,24
2025,MN,Horizon Science Academy - Twin Cities,HORIZON SCIENCE ACADEMY TWIN CITIES,1,pres,Academic Press,Ambitious Instruction,Student,87
2025,Unassigned,Horizon Science Academy - Youngstown,HORIZON SCIENCE ACADEMY YOUNGSTOWN,1,pres,Academic Press,Ambitious Instruction,Student,36
2025,IN,Indiana Math and Science Academy - North,INDIANA MATH AND SCIENCE ACADEMY NORTH,1,pres,Academic Press,Ambitious Instruction,Student,21
2025,IN,Indiana Math and Science Academy - West,INDIANA MATH AND SCIENCE ACADEMY WEST,1,pres,Academic Press,Ambitious Instruction,Student,36
2025,MI,Michigan Math and Science Academy - Dequindre,MICHIGAN MATH AND SCIENCE ACADEMY DEQUINDRE,1,pres,Academic Press,Ambitious Instruction,Student,22
2025,MI,Michigan Math and Science Academy - Lorraine,MICHIGAN MATH AND SCIENCE ACADEMY LORRAINE,1,pres,Academic Press,Ambitious Instruction,Student,51
2025,MN,Minnesota Math and Science Academy,MINNESOTA MATH AND SCIENCE ACADEMY,1,pres,Academic Press,Ambitious Instruction,Student,16
2025,Unassigned,Noble Academy Cleveland,NOBLE ACADEMY CLEVELAND,1,pres,Academic Press,Ambitious Instruction,Student,36
2025,Columbus,Noble Academy Columbus,NOBLE ACADEMY COLUMBUS,1,pres,Academic Press,Ambitious Instruction,Student,55
2024,IN,Indiana Math and Science Academy - North,INDIANA MATH AND SCIENCE ACADEMY NORTH,1,prs2,Parent Supportiveness,Supplemental (grades 6-12),Student,1
2024,IN,Indiana Math and Science Academy - West,INDIANA MATH AND SCIENCE ACADEMY WEST,1,prs2,Parent Supportiveness,Supplemental (grades 6-12),Student,1
2024,MI,Michigan Math and Science Academy - Dequindre,MICHIGAN MATH AND SCIENCE ACADEMY DEQUINDRE,1,prs2,Parent Supportiveness,Supplemental (grades 6-12),Student,1
2024,MN,Minnesota Math and Science Academy,MINNESOTA MATH AND SCIENCE ACADEMY,1,prs2,Parent Supportiveness,Supplemental (grades 6-12),Student,34
2024,DC,Horizon Science Academy - Cincinnati,HORIZON SCIENCE ACADEMY CINCINNATI,1,prs2,Parent Supportiveness,Supplemental (grades 6-12),Student,29
2024,NO,Horizon Science Academy - Cleveland High,HORIZON SCIENCE ACADEMY CLEVELAND HIGH,2,prs2,Parent Supportiveness,Supplemental (grades 6-12),Student,10
2024,Unassigned,Horizon Science Academy - Cleveland Middle,HORIZON SCIENCE ACADEMY CLEVELAND MIDDLE,1,prs2,Parent Supportiveness,Supplemental (grades 6-12),Student,2
2024,Unassigned,Horizon Science Academy - Columbus High,HORIZON SCIENCE ACADEMY COLUMBUS HIGH,2,prs2,Parent Supportiveness,Supplemental (grades 6-12),Student,46
2024,Columbus,Horizon Science Academy - Columbus Middle,HORIZON SCIENCE ACADEMY COLUMBUS MIDDLE,9,prs2,Parent Supportiveness,Supplemental (grades 6-12),Student,12
2024,DC,Horizon Science Academy - Dayton Downtown,HORIZON SCIENCE ACADEMY DAYTON DOWNTOWN,1,prs2,Parent Supportiveness,Supplemental (grades 6-12),Student,1
2024,DC,Horizon Science Academy - Dayton High,HORIZON SCIENCE ACADEMY DAYTON HIGH,2,prs2,Parent Supportiveness,Supplemental (grades 6-12),Student,18
2024,Unassigned,Horizon Science Academy - Denison Middle,HORIZON SCIENCE ACADEMY DENISON MIDDLE,1,prs2,Parent Supportiveness,Supplemental (grades 6-12),Student,30
2024,Unassigned,Horizon Science Academy - Lorain,HORIZON SCIENCE ACADEMY LORAIN,1,prs2,Parent Supportiveness,Supplemental (grades 6-12),Student,1
2024,Unassigned,Horizon Science Academy - Springfield,HORIZON SCIENCE ACADEMY SPRINGFIELD,1,prs2,Parent Supportiveness,Supplemental (grades 6-12),Student,13
2024,Unassigned,Horizon Science Academy - Toledo,HORIZON SCIENCE ACADEMY TOLEDO,1,prs2,Parent Supportiveness,Supplemental (grades 6-12),Student,1
2024,Unassigned,Horizon Science Academy - Youngstown,HORIZON SCIENCE ACADEMY YOUNGSTOWN,1,prs2,Parent Supportiveness,Supplemental (grades 6-12),Student,16
2024,Unassigned,Noble Academy Cleveland,NOBLE ACADEMY CLEVELAND,1,prs2,Parent Supportiveness,Supplemental (grades 6-12),Student,1
2024,Columbus,Noble Academy Columbus,NOBLE ACADEMY COLUMBUS,1,prs2,Parent Supportiveness,Supplemental (grades 6-12),Student,47
2024,MO,Gateway Science Academy High - Fyler,GATEWAY SCIENCE ACADEMY HIGH FYLER,2,prs2,Parent Supportiveness,Supplemental (grades 6-12),Student,30
2024,MO,Gateway Science Academy Middle - Fyler,GATEWAY SCIENCE ACADEMY MIDDLE FYLER,9,prs2,Parent Supportiveness,Supplemental (grades 6-12),Student,7
2025,MO,Gateway Science Academy High - Fyler,GATEWAY SCIENCE ACADEMY HIGH FYLER,2,prs2,Parent Supportiveness,Supplemental (grades 6-12),Student,29
2025,MO,Gateway Science Academy Middle - Fyler,GATEWAY SCIENCE ACADEMY MIDDLE FYLER,9,prs2,Parent Supportiveness,Supplemental (grades 6-12),Student,1
2025,DC,Horizon Science Academy - Cincinnati,HORIZON SCIENCE ACADEMY CINCINNATI,1,prs2,Parent Supportiveness,Supplemental (grades 6-12),Student,35
2025,NO,Horizon Science Academy - Cleveland High,HORIZON SCIENCE ACADEMY CLEVELAND HIGH,2,prs2,Parent Supportiveness,Supplemental (grades 6-12),Student,65
2025,Unassigned,Horizon Science Academy - Cleveland Middle,HORIZON SCIENCE ACADEMY CLEVELAND MIDDLE,1,prs2,Parent Supportiveness,Supplemental (grades 6-12),Student,19
2025,Unassigned,Horizon Science Academy - Columbus High,HORIZON SCIENCE ACADEMY COLUMBUS HIGH,2,prs2,Parent Supportiveness,Supplemental (grades 6-12),Student,52
2025,Columbus,Horizon Science Academy - Columbus Middle,HORIZON SCIENCE ACADEMY COLUMBUS MIDDLE,9,prs2,Parent Supportiveness,Supplemental (grades 6-12),Student,8
2025,DC,Horizon Science Academy - Dayton Downtown,HORIZON SCIENCE ACADEMY DAYTON DOWNTOWN,1,prs2,Parent Supportiveness,Supplemental (grades 6-12),Student,11
2025,DC,Horizon Science Academy - Dayton High,HORIZON SCIENCE ACADEMY DAYTON HIGH,2,prs2,Parent Supportiveness,Supplemental (grades 6-12),Student,4
2025,Unassigned,Horizon Science Academy - Denison Middle,HORIZON SCIENCE ACADEMY DENISON MIDDLE,1,prs2,Parent Supportiveness,Supplemental (grades 6-12),Student,24
2025,Unassigned,Horizon Science Academy - Lorain,HORIZON SCIENCE ACADEMY LORAIN,1,prs2,Parent Supportiveness,Supplemental (grades 6-12),Student,1
2025,Unassigned,Horizon Science Academy - Springfield,HORIZON SCIENCE ACADEMY SPRINGFIELD,1,prs2,Parent Supportiveness,Supplemental (grades 6-12),Student,1
2025,Unassigned,Horizon Science Academy - Toledo,HORIZON SCIENCE ACADEMY TOLEDO,1,prs2,Parent Supportiveness,Supplemental (grades 6-12),Student,8
2025,MN,Horizon Science Academy - Twin Cities,HORIZON SCIENCE ACADEMY TWIN CITIES,1,prs2,Parent Supportiveness,Supplemental (grades 6-12),Student,87
2025,Unassigned,Horizon Science Academy - Youngstown,HORIZON SCIENCE ACADEMY YOUNGSTOWN,1,prs2,Parent Supportiveness,Supplemental (grades 6-12),Student,1
2025,IN,Indiana Math and Science Academy - North,INDIANA MATH AND SCIENCE ACADEMY NORTH,1,prs2,Parent Supportiveness,Supplemental (grades 6-12),Student,1
2025,IN,Indiana Math and Science Academy - West,INDIANA MATH AND SCIENCE ACADEMY WEST,1,prs2,Parent Supportiveness,Supplemental (grades 6-12),Student,1
2025,MI,Michigan Math and Science Academy - Dequindre,MICHIGAN MATH AND SCIENCE ACADEMY DEQUINDRE,1,prs2,Parent Supportiveness,Supplemental (grades 6-12),Student,1
2025,MN,Minnesota Math and Science Academy,MINNESOTA MATH AND SCIENCE ACADEMY,1,prs2,Parent Supportiveness,Supplemental (grades 6-12),Student,26
2025,Unassigned,Noble Academy Cleveland,NOBLE ACADEMY CLEVELAND,1,prs2,Parent Supportiveness,Supplemental (grades 6-12),Student,18
2025,Columbus,Noble Academy Columbus,NOBLE ACADEMY COLUMBUS,1,prs2,Parent Supportiveness,Supplemental (grades 6-12),Student,37
2024,IN,Indiana Math and Science Academy - North,INDIANA MATH AND SCIENCE ACADEMY NORTH,1,rigr,Classroom Rigor,Supplemental,Student,1
2024,IN,Indiana Math and Science Academy - West,INDIANA MATH AND SCIENCE ACADEMY WEST,1,rigr,Classroom Rigor,Supplemental,Student,34
2024,MI,Michigan Math and Science Academy - Dequindre,MICHIGAN MATH AND SCIENCE ACADEMY DEQUINDRE,1,rigr,Classroom Rigor,Supplemental,Student,11
2024,MI,Michigan Math and Science Academy - Lorraine,MICHIGAN MATH AND SCIENCE ACADEMY LORRAINE,1,rigr,Classroom Rigor,Supplemental,Student,70
2024,MO,Gateway Science Academy - Smiley,GATEWAY SCIENCE ACADEMY SMILEY,8,rigr,Classroom Rigor,Supplemental,Student,30
2024,MO,Gateway Science Academy - South,GATEWAY SCIENCE ACADEMY SOUTH,8,rigr,Classroom Rigor,Supplemental,Student,32
2024,MN,Minnesota Math and Science Academy,MINNESOTA MATH AND SCIENCE ACADEMY,1,rigr,Classroom Rigor,Supplemental,Student,24
2024,DC,Horizon Science Academy - Cincinnati,HORIZON SCIENCE ACADEMY CINCINNATI,1,rigr,Classroom Rigor,Supplemental,Student,27
2024,NO,Horizon Science Academy - Cleveland High,HORIZON SCIENCE ACADEMY CLEVELAND HIGH,2,rigr,Classroom Rigor,Supplemental,Student,28
2024,Unassigned,Horizon Science Academy - Cleveland Middle,HORIZON SCIENCE ACADEMY CLEVELAND MIDDLE,1,rigr,Classroom Rigor,Supplemental,Student,14
2024,Columbus,Horizon Science Academy - Columbus Elementary,HORIZON SCIENCE ACADEMY COLUMBUS ELEMENTARY,8,rigr,Classroom Rigor,Supplemental,Student,45
2024,Unassigned,Horizon Science Academy - Columbus High,HORIZON SCIENCE ACADEMY COLUMBUS HIGH,2,rigr,Classroom Rigor,Supplemental,Student,54
2024,Columbus,Horizon Science Academy - Columbus Middle,HORIZON SCIENCE ACADEMY COLUMBUS MIDDLE,9,rigr,Classroom Rigor,Supplemental,Student,2
2024,DC,Horizon Science Academy - Dayton Downtown,HORIZON SCIENCE ACADEMY DAYTON DOWNTOWN,1,rigr,Classroom Rigor,Supplemental,Student,1
2024,DC,Horizon Science Academy - Dayton Elementary,HORIZON SCIENCE ACADEMY DAYTON ELEMENTARY,8,rigr,Classroom Rigor,Supplemental,Student,40
2024,DC,Horizon Science Academy - Dayton High,HORIZON SCIENCE ACADEMY DAYTON HIGH,2,rigr,Classroom Rigor,Supplemental,Student,32
2024,Unassigned,Horizon Science Academy - Denison Middle,HORIZON SCIENCE ACADEMY DENISON MIDDLE,1,rigr,Classroom Rigor,Supplemental,Student,17
2024,Unassigned,Horizon Science Academy - Lorain,HORIZON SCIENCE ACADEMY LORAIN,1,rigr,Classroom Rigor,Supplemental,Student,3
2024,Unassigned,Horizon Science Academy - Springfield,HORIZON SCIENCE ACADEMY SPRINGFIELD,1,rigr,Classroom Rigor,Supplemental,Student,22
2024,Unassigned,Horizon Science Academy - Toledo,HORIZON SCIENCE ACADEMY TOLEDO,1,rigr,Classroom Rigor,Supplemental,Student,1
2024,Unassigned,Horizon Science Academy - Youngstown,HORIZON SCIENCE ACADEMY YOUNGSTOWN,1,rigr,Classroom Rigor,Supplemental,Student,35
2024,Unassigned,Noble Academy Cleveland,NOBLE ACADEMY CLEVELAND,1,rigr,Classroom Rigor,Supplemental,Student,1
2024,Columbus,Noble Academy Columbus,NOBLE ACADEMY COLUMBUS,1,rigr,Classroom Rigor,Supplemental,Student,40
2024,MO,Gateway Science Academy High - Fyler,GATEWAY SCIENCE ACADEMY HIGH FYLER,2,rigr,Classroom Rigor,Supplemental,Student,26
2024,MO,Gateway Science Academy Middle - Fyler,GATEWAY SCIENCE ACADEMY MIDDLE FYLER,9,rigr,Classroom Rigor,Supplemental,Student,5
2025,MO,Gateway Science Academy - Smiley,GATEWAY SCIENCE ACADEMY SMILEY,8,rigr,Classroom Rigor,Supplemental,Student,8
2025,MO,Gateway Science Academy - South,GATEWAY SCIENCE ACADEMY SOUTH,8,rigr,Classroom Rigor,Supplemental,Student,42
2025,MO,Gateway Science Academy High - Fyler,GATEWAY SCIENCE ACADEMY HIGH FYLER,2,rigr,Classroom Rigor,Supplemental,Student,24
2025,MO,Gateway Science Academy Middle - Fyler,GATEWAY SCIENCE ACADEMY MIDDLE FYLER,9,rigr,Classroom Rigor,Supplemental,Student,17
2025,DC,Horizon Science Academy - Cincinnati,HORIZON SCIENCE ACADEMY CINCINNATI,1,rigr,Classroom Rigor,Supplemental,Student,24
2025,NO,Horizon Science Academy - Cleveland High,HORIZON SCIENCE ACADEMY CLEVELAND HIGH,2,rigr,Classroom Rigor,Supplemental,Student,44
2025,Unassigned,Horizon Science Academy - Cleveland Middle,HORIZON SCIENCE ACADEMY CLEVELAND MIDDLE,1,rigr,Classroom Rigor,Supplemental,Student,2
2025,Columbus,Horizon Science Academy - Columbus Elementary,HORIZON SCIENCE ACADEMY COLUMBUS ELEMENTARY,8,rigr,Classroom Rigor,Supplemental,Student,48
2025,Unassigned,Horizon Science Academy - Columbus High,HORIZON SCIENCE ACADEMY COLUMBUS HIGH,2,rigr,Classroom Rigor,Supplemental,Student,46
2025,Columbus,Horizon Science Academy - Columbus Middle,HORIZON SCIENCE ACADEMY COLUMBUS MIDDLE,9,rigr,Classroom Rigor,Supplemental,Student,18
2025,DC,Horizon Science Academy - Dayton Downtown,HORIZON SCIENCE ACADEMY DAYTON DOWNTOWN,1,rigr,Classroom Rigor,Supplemental,Student,14
2025,DC,Horizon Science Academy - Dayton Elementary,HORIZON SCIENCE ACADEMY DAYTON ELEMENTARY,8,rigr,Classroom Rigor,Supplemental,Student,87
2025,DC,Horizon Science Academy - Dayton High,HORIZON SCIENCE ACADEMY DAYTON HIGH,2,rigr,Classroom Rigor,Supplemental,Student,40
2025,Unassigned,Horizon Science Academy - Denison Middle,HORIZON SCIENCE ACADEMY DENISON MIDDLE,1,rigr,Classroom Rigor,Supplemental,Student,11
2025,IA,Horizon Science Academy - Des Moines,HORIZON SCIENCE ACADEMY DES MOINES,8,rigr,Classroom Rigor,Supplemental,Student,1
2025,Unassigned,Horizon Science Academy - Lorain,HORIZON SCIENCE ACADEMY LORAIN,1,rigr,Classroom Rigor,Supplemental,Student,6
2025,Unassigned,Horizon Science Academy - Springfield,HORIZON SCIENCE ACADEMY SPRINGFIELD,1,rigr,Classroom Rigor,Supplemental,Student,25
2025,Unassigned,Horizon Science Academy - Toledo,HORIZON SCIENCE ACADEMY TOLEDO,1,rigr,Classroom Rigor,Supplemental,Student,15
2025,MN,Horizon Science Academy - Twin Cities,HORIZON SCIENCE ACADEMY TWIN CITIES,1,rigr,Classroom Rigor,Supplemental,Student,68
2025,Unassigned,Horizon Science Academy - Youngstown,HORIZON SCIENCE ACADEMY YOUNGSTOWN,1,rigr,Classroom Rigor,Supplemental,Student,8
2025,IN,Indiana Math and Science Academy - North,INDIANA MATH AND SCIENCE ACADEMY NORTH,1,rigr,Classroom Rigor,Supplemental,Student,8
2025,IN,Indiana Math and Science Academy - West,INDIANA MATH AND SCIENCE ACADEMY WEST,1,rigr,Classroom Rigor,Supplemental,Student,30
2025,MI,Michigan Math and Science Academy - Dequindre,MICHIGAN MATH AND SCIENCE ACADEMY DEQUINDRE,1,rigr,Classroom Rigor,Supplemental,Student,18
2025,MI,Michigan Math and Science Academy - Lorraine,MICHIGAN MATH AND SCIENCE ACADEMY LORRAINE,1,rigr,Classroom Rigor,Supplemental,Student,61
2025,MN,Minnesota Math and Science Academy,MINNESOTA MATH AND SCIENCE ACADEMY,1,rigr,Classroom Rigor,Supplemental,Student,18
2025,Unassigned,Noble Academy Cleveland,NOBLE ACADEMY CLEVELAND,1,rigr,Classroom Rigor,Supplemental,Student,18
2025,Columbus,Noble Academy Columbus,NOBLE ACADEMY COLUMBUS,1,rigr,Classroom Rigor,Supplemental,Student,42
2024,IN,Indiana Math and Science Academy - North,INDIANA MATH AND SCIENCE ACADEMY NORTH,1,safe1,Safety,Supportive Environment,Student,17
2024,IN,Indiana Math and Science Academy - West,INDIANA MATH AND SCIENCE ACADEMY WEST,1,safe1,Safety,Supportive Environment,Student,15
2024,MI,Michigan Math and Science Academy - Dequindre,MICHIGAN MATH AND SCIENCE ACADEMY DEQUINDRE,1,safe1,Safety,Supportive Environment,Student,12
2024,MI,Michigan Math and Science Academy - Lorraine,MICHIGAN MATH AND SCIENCE ACADEMY LORRAINE,1,safe1,Safety,Supportive Environment,Student,53
2024,MO,Gateway Science Academy - Smiley,GATEWAY SCIENCE ACADEMY SMILEY,8,safe1,Safety,Supportive Environment,Student,40
2024,MO,Gateway Science Academy - South,GATEWAY SCIENCE ACADEMY SOUTH,8,safe1,Safety,Supportive Environment,Student,23
2024,MN,Minnesota Math and Science Academy,MINNESOTA MATH AND SCIENCE ACADEMY,1,safe1,Safety,Supportive Environment,Student,20
2024,DC,Horizon Science Academy - Cincinnati,HORIZON SCIENCE ACADEMY CINCINNATI,1,safe1,Safety,Supportive Environment,Student,22
2024,NO,Horizon Science Academy - Cleveland High,HORIZON SCIENCE ACADEMY CLEVELAND HIGH,2,safe1,Safety,Supportive Environment,Student,26
2024,Unassigned,Horizon Science Academy - Cleveland Middle,HORIZON SCIENCE ACADEMY CLEVELAND MIDDLE,1,safe1,Safety,Supportive Environment,Student,30
2024,Columbus,Horizon Science Academy - Columbus Elementary,HORIZON SCIENCE ACADEMY COLUMBUS ELEMENTARY,8,safe1,Safety,Supportive Environment,Student,13
2024,Unassigned,Horizon Science Academy - Columbus High,HORIZON SCIENCE ACADEMY COLUMBUS HIGH,2,safe1,Safety,Supportive Environment,Student,39
2024,Columbus,Horizon Science Academy - Columbus Middle,HORIZON SCIENCE ACADEMY COLUMBUS MIDDLE,9,safe1,Safety,Supportive Environment,Student,1
2024,DC,Horizon Science Academy - Dayton Downtown,HORIZON SCIENCE ACADEMY DAYTON DOWNTOWN,1,safe1,Safety,Supportive Environment,Student,17
2024,DC,Horizon Science Academy - Dayton Elementary,HORIZON SCIENCE ACADEMY DAYTON ELEMENTARY,8,safe1,Safety,Supportive Environment,Student,5
2024,DC,Horizon Science Academy - Dayton High,HORIZON SCIENCE ACADEMY DAYTON HIGH,2,safe1,Safety,Supportive Environment,Student,17
2024,Unassigned,Horizon Science Academy - Denison Middle,HORIZON SCIENCE ACADEMY DENISON MIDDLE,1,safe1,Safety,Supportive Environment,Student,27
2024,Unassigned,Horizon Science Academy - Lorain,HORIZON SCIENCE ACADEMY LORAIN,1,safe1,Safety,Supportive Environment,Student,24
2024,Unassigned,Horizon Science Academy - Springfield,HORIZON SCIENCE ACADEMY SPRINGFIELD,1,safe1,Safety,Supportive Environment,Student,24
2024,Unassigned,Horizon Science Academy - Toledo,HORIZON SCIENCE ACADEMY TOLEDO,1,safe1,Safety,Supportive Environment,Student,26
2024,Unassigned,Horizon Science Academy - Youngstown,HORIZON SCIENCE ACADEMY YOUNGSTOWN,1,safe1,Safety,Supportive Environment,Student,24
2024,Unassigned,Noble Academy Cleveland,NOBLE ACADEMY CLEVELAND,1,safe1,Safety,Supportive Environment,Student,23
2024,Columbus,Noble Academy Columbus,NOBLE ACADEMY COLUMBUS,1,safe1,Safety,Supportive Environment,Student,39
2024,MO,Gateway Science Academy High - Fyler,GATEWAY SCIENCE ACADEMY HIGH FYLER,2,safe1,Safety,Supportive Environment,Student,25
2024,MO,Gateway Science Academy Middle - Fyler,GATEWAY SCIENCE ACADEMY MIDDLE FYLER,9,safe1,Safety,Supportive Environment,Student,2
2025,MO,Gateway Science Academy - Smiley,GATEWAY SCIENCE ACADEMY SMILEY,8,safe1,Safety,Supportive Environment,Student,8
2025,MO,Gateway Science Academy - South,GATEWAY SCIENCE ACADEMY SOUTH,8,safe1,Safety,Supportive Environment,Student,15
2025,MO,Gateway Science Academy High - Fyler,GATEWAY SCIENCE ACADEMY HIGH FYLER,2,safe1,Safety,Supportive Environment,Student,24
2025,MO,Gateway Science Academy Middle - Fyler,GATEWAY SCIENCE ACADEMY MIDDLE FYLER,9,safe1,Safety,Supportive Environment,Student,5
2025,DC,Horizon Science Academy - Cincinnati,HORIZON SCIENCE ACADEMY CINCINNATI,1,safe1,Safety,Supportive Environment,Student,31
2025,NO,Horizon Science Academy - Cleveland High,HORIZON SCIENCE ACADEMY CLEVELAND HIGH,2,safe1,Safety,Supportive Environment,Student,32
2025,Unassigned,Horizon Science Academy - Cleveland Middle,HORIZON SCIENCE ACADEMY CLEVELAND MIDDLE,1,safe1,Safety,Supportive Environment,Student,9
2025,Columbus,Horizon Science Academy - Columbus Elementary,HORIZON SCIENCE ACADEMY COLUMBUS ELEMENTARY,8,safe1,Safety,Supportive Environment,Student,10
2025,Unassigned,Horizon Science Academy - Columbus High,HORIZON SCIENCE ACADEMY COLUMBUS HIGH,2,safe1,Safety,Supportive Environment,Student,33
2025,Columbus,Horizon Science Academy - Columbus Middle,HORIZON SCIENCE ACADEMY COLUMBUS MIDDLE,9,safe1,Safety,Supportive Environment,Student,1
2025,DC,Horizon Science Academy - Dayton Downtown,HORIZON SCIENCE ACADEMY DAYTON DOWNTOWN,1,safe1,Safety,Supportive Environment,Student,16
2025,DC,Horizon Science Academy - Dayton Elementary,HORIZON SCIENCE ACADEMY DAYTON ELEMENTARY,8,safe1,Safety,Supportive Environment,Student,46
2025,DC,Horizon Science Academy - Dayton High,HORIZON SCIENCE ACADEMY DAYTON HIGH,2,safe1,Safety,Supportive Environment,Student,16
2025,Unassigned,Horizon Science Academy - Denison Middle,HORIZON SCIENCE ACADEMY DENISON MIDDLE,1,safe1,Safety,Supportive Environment,Student,28
2025,IA,Horizon Science Academy - Des Moines,HORIZON SCIENCE ACADEMY DES MOINES,8,safe1,Safety,Supportive Environment,Student,1
2025,Unassigned,Horizon Science Academy - Lorain,HORIZON SCIENCE ACADEMY LORAIN,1,safe1,Safety,Supportive Environment,Student,26
2025,Unassigned,Horizon Science Academy - Springfield,HORIZON SCIENCE ACADEMY SPRINGFIELD,1,safe1,Safety,Supportive Environment,Student,24
2025,Unassigned,Horizon Science Academy - Toledo,HORIZON SCIENCE ACADEMY TOLEDO,1,safe1,Safety,Supportive Environment,Student,26
2025,MN,Horizon Science Academy - Twin Cities,HORIZON SCIENCE ACADEMY TWIN CITIES,1,safe1,Safety,Supportive Environment,Student,45
2025,Unassigned,Horizon Science Academy - Youngstown,HORIZON SCIENCE ACADEMY YOUNGSTOWN,1,safe1,Safety,Supportive Environment,Student,7
2025,IN,Indiana Math and Science Academy - North,INDIANA MATH AND SCIENCE ACADEMY NORTH,1,safe1,Safety,Supportive Environment,Student,18
2025,IN,Indiana Math and Science Academy - West,INDIANA MATH AND SCIENCE ACADEMY WEST,1,safe1,Safety,Supportive Environment,Student,16
2025,MI,Michigan Math and Science Academy - Dequindre,MICHIGAN MATH AND SCIENCE ACADEMY DEQUINDRE,1,safe1,Safety,Supportive Environment,Student,16
2025,MI,Michigan Math and Science Academy - Lorraine,MICHIGAN MATH AND SCIENCE ACADEMY LORRAINE,1,safe1,Safety,Supportive Environment,Student,38
2025,MN,Minnesota Math and Science Academy,MINNESOTA MATH AND SCIENCE ACADEMY,1,safe1,Safety,Supportive Environment,Student,23
2025,Unassigned,Noble Academy Cleveland,NOBLE ACADEMY CLEVELAND,1,safe1,Safety,Supportive Environment,Student,27
2025,Columbus,Noble Academy Columbus,NOBLE ACADEMY COLUMBUS,1,safe1,Safety,Supportive Environment,Student,53
2024,IN,Indiana Math and Science Academy - North,INDIANA MATH AND SCIENCE ACADEMY NORTH,1,scie,Inquiry-Based Science Instruction,Supplemental,Student,38
2024,IN,Indiana Math and Science Academy - West,INDIANA MATH AND SCIENCE ACADEMY WEST,1,scie,Inquiry-Based Science Instruction,Supplemental,Student,73
2024,MI,Michigan Math and Science Academy - Dequindre,MICHIGAN MATH AND SCIENCE ACADEMY DEQUINDRE,1,scie,Inquiry-Based Science Instruction,Supplemental,Student,27
2024,MN,Minnesota Math and Science Academy,MINNESOTA MATH AND SCIENCE ACADEMY,1,scie,Inquiry-Based Science Instruction,Supplemental,Student,50
2024,DC,Horizon Science Academy - Cincinnati,HORIZON SCIENCE ACADEMY CINCINNATI,1,scie,Inquiry-Based Science Instruction,Supplemental,Student,63
2024,NO,Horizon Science Academy - Cleveland High,HORIZON SCIENCE ACADEMY CLEVELAND HIGH,2,scie,Inquiry-Based Science Instruction,Supplemental,Student,54
2024,Unassigned,Horizon Science Academy - Cleveland Middle,HORIZON SCIENCE ACADEMY CLEVELAND MIDDLE,1,scie,Inquiry-Based Science Instruction,Supplemental,Student,60
2024,Unassigned,Horizon Science Academy - Columbus High,HORIZON SCIENCE ACADEMY COLUMBUS HIGH,2,scie,Inquiry-Based Science Instruction,Supplemental,Student,62
2024,Columbus,Horizon Science Academy - Columbus Middle,HORIZON SCIENCE ACADEMY COLUMBUS MIDDLE,9,scie,Inquiry-Based Science Instruction,Supplemental,Student,21
2024,DC,Horizon Science Academy - Dayton Downtown,HORIZON SCIENCE ACADEMY DAYTON DOWNTOWN,1,scie,Inquiry-Based Science Instruction,Supplemental,Student,46
2024,DC,Horizon Science Academy - Dayton High,HORIZON SCIENCE ACADEMY DAYTON HIGH,2,scie,Inquiry-Based Science Instruction,Supplemental,Student,57
2024,Unassigned,Horizon Science Academy - Denison Middle,HORIZON SCIENCE ACADEMY DENISON MIDDLE,1,scie,Inquiry-Based Science Instruction,Supplemental,Student,35
2024,Unassigned,Horizon Science Academy - Lorain,HORIZON SCIENCE ACADEMY LORAIN,1,scie,Inquiry-Based Science Instruction,Supplemental,Student,26
2024,Unassigned,Horizon Science Academy - Springfield,HORIZON SCIENCE ACADEMY SPRINGFIELD,1,scie,Inquiry-Based Science Instruction,Supplemental,Student,63
2024,Unassigned,Horizon Science Academy - Toledo,HORIZON SCIENCE ACADEMY TOLEDO,1,scie,Inquiry-Based Science Instruction,Supplemental,Student,13
2024,Unassigned,Horizon Science Academy - Youngstown,HORIZON SCIENCE ACADEMY YOUNGSTOWN,1,scie,Inquiry-Based Science Instruction,Supplemental,Student,39
2024,Unassigned,Noble Academy Cleveland,NOBLE ACADEMY CLEVELAND,1,scie,Inquiry-Based Science Instruction,Supplemental,Student,44
2024,Columbus,Noble Academy Columbus,NOBLE ACADEMY COLUMBUS,1,scie,Inquiry-Based Science Instruction,Supplemental,Student,74
2024,MO,Gateway Science Academy High - Fyler,GATEWAY SCIENCE ACADEMY HIGH FYLER,2,scie,Inquiry-Based Science Instruction,Supplemental,Student,55
2024,MO,Gateway Science Academy Middle - Fyler,GATEWAY SCIENCE ACADEMY MIDDLE FYLER,9,scie,Inquiry-Based Science Instruction,Supplemental,Student,47
2025,MO,Gateway Science Academy High - Fyler,GATEWAY SCIENCE ACADEMY HIGH FYLER,2,scie,Inquiry-Based Science Instruction,Supplemental,Student,55
2025,MO,Gateway Science Academy Middle - Fyler,GATEWAY SCIENCE ACADEMY MIDDLE FYLER,9,scie,Inquiry-Based Science Instruction,Supplemental,Student,43
2025,DC,Horizon Science Academy - Cincinnati,HORIZON SCIENCE ACADEMY CINCINNATI,1,scie,Inquiry-Based Science Instruction,Supplemental,Student,61
2025,NO,Horizon Science Academy - Cleveland High,HORIZON SCIENCE ACADEMY CLEVELAND HIGH,2,scie,Inquiry-Based Science Instruction,Supplemental,Student,48
2025,Unassigned,Horizon Science Academy - Cleveland Middle,HORIZON SCIENCE ACADEMY CLEVELAND MIDDLE,1,scie,Inquiry-Based Science Instruction,Supplemental,Student,34
2025,Unassigned,Horizon Science Academy - Columbus High,HORIZON SCIENCE ACADEMY COLUMBUS HIGH,2,scie,Inquiry-Based Science Instruction,Supplemental,Student,59
2025,Columbus,Horizon Science Academy - Columbus Middle,HORIZON SCIENCE ACADEMY COLUMBUS MIDDLE,9,scie,Inquiry-Based Science Instruction,Supplemental,Student,27
2025,DC,Horizon Science Academy - Dayton Downtown,HORIZON SCIENCE ACADEMY DAYTON DOWNTOWN,1,scie,Inquiry-Based Science Instruction,Supplemental,Student,37
2025,DC,Horizon Science Academy - Dayton High,HORIZON SCIENCE ACADEMY DAYTON HIGH,2,scie,Inquiry-Based Science Instruction,Supplemental,Student,69
2025,Unassigned,Horizon Science Academy - Denison Middle,HORIZON SCIENCE ACADEMY DENISON MIDDLE,1,scie,Inquiry-Based Science Instruction,Supplemental,Student,51
2025,Unassigned,Horizon Science Academy - Lorain,HORIZON SCIENCE ACADEMY LORAIN,1,scie,Inquiry-Based Science Instruction,Supplemental,Student,28
2025,Unassigned,Horizon Science Academy - Springfield,HORIZON SCIENCE ACADEMY SPRINGFIELD,1,scie,Inquiry-Based Science Instruction,Supplemental,Student,54
2025,Unassigned,Horizon Science Academy - Toledo,HORIZON SCIENCE ACADEMY TOLEDO,1,scie,Inquiry-Based Science Instruction,Supplemental,Student,20
2025,MN,Horizon Science Academy - Twin Cities,HORIZON SCIENCE ACADEMY TWIN CITIES,1,scie,Inquiry-Based Science Instruction,Supplemental,Student,63
2025,Unassigned,Horizon Science Academy - Youngstown,HORIZON SCIENCE ACADEMY YOUNGSTOWN,1,scie,Inquiry-Based Science Instruction,Supplemental,Student,37
2025,IN,Indiana Math and Science Academy - North,INDIANA MATH AND SCIENCE ACADEMY NORTH,1,scie,Inquiry-Based Science Instruction,Supplemental,Student,28
2025,IN,Indiana Math and Science Academy - West,INDIANA MATH AND SCIENCE ACADEMY WEST,1,scie,Inquiry-Based Science Instruction,Supplemental,Student,65
2025,MI,Michigan Math and Science Academy - Dequindre,MICHIGAN MATH AND SCIENCE ACADEMY DEQUINDRE,1,scie,Inquiry-Based Science Instruction,Supplemental,Student,40
2025,MN,Minnesota Math and Science Academy,MINNESOTA MATH AND SCIENCE ACADEMY,1,scie,Inquiry-Based Science Instruction,Supplemental,Student,36
2025,Unassigned,Noble Academy Cleveland,NOBLE ACADEMY CLEVELAND,1,scie,Inquiry-Based Science Instruction,Supplemental,Student,36
2025,Columbus,Noble Academy Columbus,NOBLE ACADEMY COLUMBUS,1,scie,Inquiry-Based Science Instruction,Supplemental,Student,39
2024,NO,Horizon Science Academy - Cleveland High,HORIZON SCIENCE ACADEMY CLEVELAND HIGH,2,slap,School-Wide Future Orientation,Supportive Environment (grades 9-12),Student,49
2024,Unassigned,Horizon Science Academy - Columbus High,HORIZON SCIENCE ACADEMY COLUMBUS HIGH,2,slap,School-Wide Future Orientation,Supportive Environment (grades 9-12),Student,72
2024,DC,Horizon Science Academy - Dayton High,HORIZON SCIENCE ACADEMY DAYTON HIGH,2,slap,School-Wide Future Orientation,Supportive Environment (grades 9-12),Student,48
2024,MO,Gateway Science Academy High - Fyler,GATEWAY SCIENCE ACADEMY HIGH FYLER,2,slap,School-Wide Future Orientation,Supportive Environment (grades 9-12),Student,49
2025,MO,Gateway Science Academy High - Fyler,GATEWAY SCIENCE ACADEMY HIGH FYLER,2,slap,School-Wide Future Orientation,Supportive Environment (grades 9-12),Student,43
2025,NO,Horizon Science Academy - Cleveland High,HORIZON SCIENCE ACADEMY CLEVELAND HIGH,2,slap,School-Wide Future Orientation,Supportive Environment (grades 9-12),Student,68
2025,Unassigned,Horizon Science Academy - Columbus High,HORIZON SCIENCE ACADEMY COLUMBUS HIGH,2,slap,School-Wide Future Orientation,Supportive Environment (grades 9-12),Student,64
2025,DC,Horizon Science Academy - Dayton High,HORIZON SCIENCE ACADEMY DAYTON HIGH,2,slap,School-Wide Future Orientation,Supportive Environment (grades 9-12),Student,46
2024,IN,Indiana Math and Science Academy - North,INDIANA MATH AND SCIENCE ACADEMY NORTH,1,stdy,Rigorous Study Habits,Supplemental,Student,5
2024,IN,Indiana Math and Science Academy - West,INDIANA MATH AND SCIENCE ACADEMY WEST,1,stdy,Rigorous Study Habits,Supplemental,Student,39
2024,MI,Michigan Math and Science Academy - Dequindre,MICHIGAN MATH AND SCIENCE ACADEMY DEQUINDRE,1,stdy,Rigorous Study Habits,Supplemental,Student,22
2024,MI,Michigan Math and Science Academy - Lorraine,MICHIGAN MATH AND SCIENCE ACADEMY LORRAINE,1,stdy,Rigorous Study Habits,Supplemental,Student,61
2024,MO,Gateway Science Academy - Smiley,GATEWAY SCIENCE ACADEMY SMILEY,8,stdy,Rigorous Study Habits,Supplemental,Student,1
2024,MO,Gateway Science Academy - South,GATEWAY SCIENCE ACADEMY SOUTH,8,stdy,Rigorous Study Habits,Supplemental,Student,1
2024,MN,Minnesota Math and Science Academy,MINNESOTA MATH AND SCIENCE ACADEMY,1,stdy,Rigorous Study Habits,Supplemental,Student,48
2024,DC,Horizon Science Academy - Cincinnati,HORIZON SCIENCE ACADEMY CINCINNATI,1,stdy,Rigorous Study Habits,Supplemental,Student,28
2024,NO,Horizon Science Academy - Cleveland High,HORIZON SCIENCE ACADEMY CLEVELAND HIGH,2,stdy,Rigorous Study Habits,Supplemental,Student,59
2024,Unassigned,Horizon Science Academy - Cleveland Middle,HORIZON SCIENCE ACADEMY CLEVELAND MIDDLE,1,stdy,Rigorous Study Habits,Supplemental,Student,26
2024,Columbus,Horizon Science Academy - Columbus Elementary,HORIZON SCIENCE ACADEMY COLUMBUS ELEMENTARY,8,stdy,Rigorous Study Habits,Supplemental,Student,11
2024,Unassigned,Horizon Science Academy - Columbus High,HORIZON SCIENCE ACADEMY COLUMBUS HIGH,2,stdy,Rigorous Study Habits,Supplemental,Student,99
2024,Columbus,Horizon Science Academy - Columbus Middle,HORIZON SCIENCE ACADEMY COLUMBUS MIDDLE,9,stdy,Rigorous Study Habits,Supplemental,Student,18
2024,DC,Horizon Science Academy - Dayton Downtown,HORIZON SCIENCE ACADEMY DAYTON DOWNTOWN,1,stdy,Rigorous Study Habits,Supplemental,Student,16
2024,DC,Horizon Science Academy - Dayton Elementary,HORIZON SCIENCE ACADEMY DAYTON ELEMENTARY,8,stdy,Rigorous Study Habits,Supplemental,Student,1
2024,DC,Horizon Science Academy - Dayton High,HORIZON SCIENCE ACADEMY DAYTON HIGH,2,stdy,Rigorous Study Habits,Supplemental,Student,62
2024,Unassigned,Horizon Science Academy - Denison Middle,HORIZON SCIENCE ACADEMY DENISON MIDDLE,1,stdy,Rigorous Study Habits,Supplemental,Student,36
2024,Unassigned,Horizon Science Academy - Lorain,HORIZON SCIENCE ACADEMY LORAIN,1,stdy,Rigorous Study Habits,Supplemental,Student,19
2024,Unassigned,Horizon Science Academy - Springfield,HORIZON SCIENCE ACADEMY SPRINGFIELD,1,stdy,Rigorous Study Habits,Supplemental,Student,22
2024,Unassigned,Horizon Science Academy - Toledo,HORIZON SCIENCE ACADEMY TOLEDO,1,stdy,Rigorous Study Habits,Supplemental,Student,1
2024,Unassigned,Horizon Science Academy - Youngstown,HORIZON SCIENCE ACADEMY YOUNGSTOWN,1,stdy,Rigorous Study Habits,Supplemental,Student,21
2024,Unassigned,Noble Academy Cleveland,NOBLE ACADEMY CLEVELAND,1,stdy,Rigorous Study Habits,Supplemental,Student,3
2024,Columbus,Noble Academy Columbus,NOBLE ACADEMY COLUMBUS,1,stdy,Rigorous Study Habits,Supplemental,Student,22
2024,MO,Gateway Science Academy High - Fyler,GATEWAY SCIENCE ACADEMY HIGH FYLER,2,stdy,Rigorous Study Habits,Supplemental,Student,53
2024,MO,Gateway Science Academy Middle - Fyler,GATEWAY SCIENCE ACADEMY MIDDLE FYLER,9,stdy,Rigorous Study Habits,Supplemental,Student,11
2025,MO,Gateway Science Academy - Smiley,GATEWAY SCIENCE ACADEMY SMILEY,8,stdy,Rigorous Study Habits,Supplemental,Student,1
2025,MO,Gateway Science Academy - South,GATEWAY SCIENCE ACADEMY SOUTH,8,stdy,Rigorous Study Habits,Supplemental,Student,28
2025,MO,Gateway Science Academy High - Fyler,GATEWAY SCIENCE ACADEMY HIGH FYLER,2,stdy,Rigorous Study Habits,Supplemental,Student,60
2025,MO,Gateway Science Academy Middle - Fyler,GATEWAY SCIENCE ACADEMY MIDDLE FYLER,9,stdy,Rigorous Study Habits,Supplemental,Student,18
2025,DC,Horizon Science Academy - Cincinnati,HORIZON SCIENCE ACADEMY CINCINNATI,1,stdy,Rigorous Study Habits,Supplemental,Student,20
2025,NO,Horizon Science Academy - Cleveland High,HORIZON SCIENCE ACADEMY CLEVELAND HIGH,2,stdy,Rigorous Study Habits,Supplemental,Student,76
2025,Unassigned,Horizon Science Academy - Cleveland Middle,HORIZON SCIENCE ACADEMY CLEVELAND MIDDLE,1,stdy,Rigorous Study Habits,Supplemental,Student,20
2025,Columbus,Horizon Science Academy - Columbus Elementary,HORIZON SCIENCE ACADEMY COLUMBUS ELEMENTARY,8,stdy,Rigorous Study Habits,Supplemental,Student,28
2025,Unassigned,Horizon Science Academy - Columbus High,HORIZON SCIENCE ACADEMY COLUMBUS HIGH,2,stdy,Rigorous Study Habits,Supplemental,Student,99
2025,Columbus,Horizon Science Academy - Columbus Middle,HORIZON SCIENCE ACADEMY COLUMBUS MIDDLE,9,stdy,Rigorous Study Habits,Supplemental,Student,35
2025,DC,Horizon Science Academy - Dayton Downtown,HORIZON SCIENCE ACADEMY DAYTON DOWNTOWN,1,stdy,Rigorous Study Habits,Supplemental,Student,14
2025,DC,Horizon Science Academy - Dayton Elementary,HORIZON SCIENCE ACADEMY DAYTON ELEMENTARY,8,stdy,Rigorous Study Habits,Supplemental,Student,23
2025,DC,Horizon Science Academy - Dayton High,HORIZON SCIENCE ACADEMY DAYTON HIGH,2,stdy,Rigorous Study Habits,Supplemental,Student,66
2025,Unassigned,Horizon Science Academy - Denison Middle,HORIZON SCIENCE ACADEMY DENISON MIDDLE,1,stdy,Rigorous Study Habits,Supplemental,Student,24
2025,IA,Horizon Science Academy - Des Moines,HORIZON SCIENCE ACADEMY DES MOINES,8,stdy,Rigorous Study Habits,Supplemental,Student,5
2025,Unassigned,Horizon Science Academy - Lorain,HORIZON SCIENCE ACADEMY LORAIN,1,stdy,Rigorous Study Habits,Supplemental,Student,14
2025,Unassigned,Horizon Science Academy - Springfield,HORIZON SCIENCE ACADEMY SPRINGFIELD,1,stdy,Rigorous Study Habits,Supplemental,Student,16
2025,Unassigned,Horizon Science Academy - Toledo,HORIZON SCIENCE ACADEMY TOLEDO,1,stdy,Rigorous Study Habits,Supplemental,Student,1
2025,MN,Horizon Science Academy - Twin Cities,HORIZON SCIENCE ACADEMY TWIN CITIES,1,stdy,Rigorous Study Habits,Supplemental,Student,59
2025,Unassigned,Horizon Science Academy - Youngstown,HORIZON SCIENCE ACADEMY YOUNGSTOWN,1,stdy,Rigorous Study Habits,Supplemental,Student,1
2025,IN,Indiana Math and Science Academy - North,INDIANA MATH AND SCIENCE ACADEMY NORTH,1,stdy,Rigorous Study Habits,Supplemental,Student,9
2025,IN,Indiana Math and Science Academy - West,INDIANA MATH AND SCIENCE ACADEMY WEST,1,stdy,Rigorous Study Habits,Supplemental,Student,37
2025,MI,Michigan Math and Science Academy - Dequindre,MICHIGAN MATH AND SCIENCE ACADEMY DEQUINDRE,1,stdy,Rigorous Study Habits,Supplemental,Student,31
2025,MI,Michigan Math and Science Academy - Lorraine,MICHIGAN MATH AND SCIENCE ACADEMY LORRAINE,1,stdy,Rigorous Study Habits,Supplemental,Student,74
2025,MN,Minnesota Math and Science Academy,MINNESOTA MATH AND SCIENCE ACADEMY,1,stdy,Rigorous Study Habits,Supplemental,Student,39
2025,Unassigned,Noble Academy Cleveland,NOBLE ACADEMY CLEVELAND,1,stdy,Rigorous Study Habits,Supplemental,Student,28
2025,Columbus,Noble Academy Columbus,NOBLE ACADEMY COLUMBUS,1,stdy,Rigorous Study Habits,Supplemental,Student,18
2024,IN,Indiana Math and Science Academy - North,INDIANA MATH AND SCIENCE ACADEMY NORTH,1,trts,Student-Teacher Trust,Supportive Environment,Student,14
2024,IN,Indiana Math and Science Academy - West,INDIANA MATH AND SCIENCE ACADEMY WEST,1,trts,Student-Teacher Trust,Supportive Environment,Student,18
2024,MI,Michigan Math and Science Academy - Dequindre,MICHIGAN MATH AND SCIENCE ACADEMY DEQUINDRE,1,trts,Student-Teacher Trust,Supportive Environment,Student,20
2024,MI,Michigan Math and Science Academy - Lorraine,MICHIGAN MATH AND SCIENCE ACADEMY LORRAINE,1,trts,Student-Teacher Trust,Supportive Environment,Student,59
2024,MO,Gateway Science Academy - Smiley,GATEWAY SCIENCE ACADEMY SMILEY,8,trts,Student-Teacher Trust,Supportive Environment,Student,31
2024,MO,Gateway Science Academy - South,GATEWAY SCIENCE ACADEMY SOUTH,8,trts,Student-Teacher Trust,Supportive Environment,Student,31
2024,MN,Minnesota Math and Science Academy,MINNESOTA MATH AND SCIENCE ACADEMY,1,trts,Student-Teacher Trust,Supportive Environment,Student,16
2024,DC,Horizon Science Academy - Cincinnati,HORIZON SCIENCE ACADEMY CINCINNATI,1,trts,Student-Teacher Trust,Supportive Environment,Student,18
2024,NO,Horizon Science Academy - Cleveland High,HORIZON SCIENCE ACADEMY CLEVELAND HIGH,2,trts,Student-Teacher Trust,Supportive Environment,Student,45
2024,Unassigned,Horizon Science Academy - Cleveland Middle,HORIZON SCIENCE ACADEMY CLEVELAND MIDDLE,1,trts,Student-Teacher Trust,Supportive Environment,Student,19
2024,Columbus,Horizon Science Academy - Columbus Elementary,HORIZON SCIENCE ACADEMY COLUMBUS ELEMENTARY,8,trts,Student-Teacher Trust,Supportive Environment,Student,31
2024,Unassigned,Horizon Science Academy - Columbus High,HORIZON SCIENCE ACADEMY COLUMBUS HIGH,2,trts,Student-Teacher Trust,Supportive Environment,Student,83
2024,Columbus,Horizon Science Academy - Columbus Middle,HORIZON SCIENCE ACADEMY COLUMBUS MIDDLE,9,trts,Student-Teacher Trust,Supportive Environment,Student,8
2024,DC,Horizon Science Academy - Dayton Downtown,HORIZON SCIENCE ACADEMY DAYTON DOWNTOWN,1,trts,Student-Teacher Trust,Supportive Environment,Student,16
2024,DC,Horizon Science Academy - Dayton Elementary,HORIZON SCIENCE ACADEMY DAYTON ELEMENTARY,8,trts,Student-Teacher Trust,Supportive Environment,Student,7
2024,DC,Horizon Science Academy - Dayton High,HORIZON SCIENCE ACADEMY DAYTON HIGH,2,trts,Student-Teacher Trust,Supportive Environment,Student,31
2024,Unassigned,Horizon Science Academy - Denison Middle,HORIZON SCIENCE ACADEMY DENISON MIDDLE,1,trts,Student-Teacher Trust,Supportive Environment,Student,24
2024,Unassigned,Horizon Science Academy - Lorain,HORIZON SCIENCE ACADEMY LORAIN,1,trts,Student-Teacher Trust,Supportive Environment,Student,29
2024,Unassigned,Horizon Science Academy - Springfield,HORIZON SCIENCE ACADEMY SPRINGFIELD,1,trts,Student-Teacher Trust,Supportive Environment,Student,19
2024,Unassigned,Horizon Science Academy - Toledo,HORIZON SCIENCE ACADEMY TOLEDO,1,trts,Student-Teacher Trust,Supportive Environment,Student,13
2024,Unassigned,Horizon Science Academy - Youngstown,HORIZON SCIENCE ACADEMY YOUNGSTOWN,1,trts,Student-Teacher Trust,Supportive Environment,Student,19
2024,Unassigned,Noble Academy Cleveland,NOBLE ACADEMY CLEVELAND,1,trts,Student-Teacher Trust,Supportive Environment,Student,1
2024,Columbus,Noble Academy Columbus,NOBLE ACADEMY COLUMBUS,1,trts,Student-Teacher Trust,Supportive Environment,Student,34
2024,MO,Gateway Science Academy High - Fyler,GATEWAY SCIENCE ACADEMY HIGH FYLER,2,trts,Student-Teacher Trust,Supportive Environment,Student,46
2024,MO,Gateway Science Academy Middle - Fyler,GATEWAY SCIENCE ACADEMY MIDDLE FYLER,9,trts,Student-Teacher Trust,Supportive Environment,Student,7
2025,MO,Gateway Science Academy - Smiley,GATEWAY SCIENCE ACADEMY SMILEY,8,trts,Student-Teacher Trust,Supportive Environment,Student,18
2025,MO,Gateway Science Academy - South,GATEWAY SCIENCE ACADEMY SOUTH,8,trts,Student-Teacher Trust,Supportive Environment,Student,41
2025,MO,Gateway Science Academy High - Fyler,GATEWAY SCIENCE ACADEMY HIGH FYLER,2,trts,Student-Teacher Trust,Supportive Environment,Student,47
2025,MO,Gateway Science Academy Middle - Fyler,GATEWAY SCIENCE ACADEMY MIDDLE FYLER,9,trts,Student-Teacher Trust,Supportive Environment,Student,13
2025,DC,Horizon Science Academy - Cincinnati,HORIZON SCIENCE ACADEMY CINCINNATI,1,trts,Student-Teacher Trust,Supportive Environment,Student,17
2025,NO,Horizon Science Academy - Cleveland High,HORIZON SCIENCE ACADEMY CLEVELAND HIGH,2,trts,Student-Teacher Trust,Supportive Environment,Student,78
2025,Unassigned,Horizon Science Academy - Cleveland Middle,HORIZON SCIENCE ACADEMY CLEVELAND MIDDLE,1,trts,Student-Teacher Trust,Supportive Environment,Student,14
2025,Columbus,Horizon Science Academy - Columbus Elementary,HORIZON SCIENCE ACADEMY COLUMBUS ELEMENTARY,8,trts,Student-Teacher Trust,Supportive Environment,Student,33
2025,Unassigned,Horizon Science Academy - Columbus High,HORIZON SCIENCE ACADEMY COLUMBUS HIGH,2,trts,Student-Teacher Trust,Supportive Environment,Student,70
2025,Columbus,Horizon Science Academy - Columbus Middle,HORIZON SCIENCE ACADEMY COLUMBUS MIDDLE,9,trts,Student-Teacher Trust,Supportive Environment,Student,11
2025,DC,Horizon Science Academy - Dayton Downtown,HORIZON SCIENCE ACADEMY DAYTON DOWNTOWN,1,trts,Student-Teacher Trust,Supportive Environment,Student,19
2025,DC,Horizon Science Academy - Dayton Elementary,HORIZON SCIENCE ACADEMY DAYTON ELEMENTARY,8,trts,Student-Teacher Trust,Supportive Environment,Student,45
2025,DC,Horizon Science Academy - Dayton High,HORIZON SCIENCE ACADEMY DAYTON HIGH,2,trts,Student-Teacher Trust,Supportive Environment,Student,34
2025,Unassigned,Horizon Science Academy - Denison Middle,HORIZON SCIENCE ACADEMY DENISON MIDDLE,1,trts,Student-Teacher Trust,Supportive Environment,Student,22
2025,IA,Horizon Science Academy - Des Moines,HORIZON SCIENCE ACADEMY DES MOINES,8,trts,Student-Teacher Trust,Supportive Environment,Student,32
2025,Unassigned,Horizon Science Academy - Lorain,HORIZON SCIENCE ACADEMY LORAIN,1,trts,Student-Teacher Trust,Supportive Environment,Student,31
2025,Unassigned,Horizon Science Academy - Springfield,HORIZON SCIENCE ACADEMY SPRINGFIELD,1,trts,Student-Teacher Trust,Supportive Environment,Student,17
2025,Unassigned,Horizon Science Academy - Toledo,HORIZON SCIENCE ACADEMY TOLEDO,1,trts,Student-Teacher Trust,Supportive Environment,Student,24
2025,MN,Horizon Science Academy - Twin Cities,HORIZON SCIENCE ACADEMY TWIN CITIES,1,trts,Student-Teacher Trust,Supportive Environment,Student,39
2025,Unassigned,Horizon Science Academy - Youngstown,HORIZON SCIENCE ACADEMY YOUNGSTOWN,1,trts,Student-Teacher Trust,Supportive Environment,Student,13
2025,IN,Indiana Math and Science Academy - North,INDIANA MATH AND SCIENCE ACADEMY NORTH,1,trts,Student-Teacher Trust,Supportive Environment,Student,24
2025,IN,Indiana Math and Science Academy - West,INDIANA MATH AND SCIENCE ACADEMY WEST,1,trts,Student-Teacher Trust,Supportive Environment,Student,17
2025,MI,Michigan Math and Science Academy - Dequindre,MICHIGAN MATH AND SCIENCE ACADEMY DEQUINDRE,1,trts,Student-Teacher Trust,Supportive Environment,Student,19
2025,MI,Michigan Math and Science Academy - Lorraine,MICHIGAN MATH AND SCIENCE ACADEMY LORRAINE,1,trts,Student-Teacher Trust,Supportive Environment,Student,51
2025,MN,Minnesota Math and Science Academy,MINNESOTA MATH AND SCIENCE ACADEMY,1,trts,Student-Teacher Trust,Supportive Environment,Student,17
2025,Unassigned,Noble Academy Cleveland,NOBLE ACADEMY CLEVELAND,1,trts,Student-Teacher Trust,Supportive Environment,Student,10
2025,Columbus,Noble Academy Columbus,NOBLE ACADEMY COLUMBUS,1,trts,Student-Teacher Trust,Supportive Environment,Student,43
2025,MO,Gateway Science Academy - Smiley,GATEWAY SCIENCE ACADEMY SMILEY,8,cdis,Classroom Disruptions,Supplemental,Teacher,40
2025,MO,Gateway Science Academy - South,GATEWAY SCIENCE ACADEMY SOUTH,8,cdis,Classroom Disruptions,Supplemental,Teacher,8
2025,MO,Gateway Science Academy High - Fyler,GATEWAY SCIENCE ACADEMY HIGH FYLER,2,cdis,Classroom Disruptions,Supplemental,Teacher,61
2025,MO,Gateway Science Academy Middle - Fyler,GATEWAY SCIENCE ACADEMY MIDDLE FYLER,9,cdis,Classroom Disruptions,Supplemental,Teacher,35
2025,DC,Horizon Science Academy - Cincinnati,HORIZON SCIENCE ACADEMY CINCINNATI,1,cdis,Classroom Disruptions,Supplemental,Teacher,10
2025,NO,Horizon Science Academy - Cleveland High,HORIZON SCIENCE ACADEMY CLEVELAND HIGH,2,cdis,Classroom Disruptions,Supplemental,Teacher,35
2025,Unassigned,Horizon Science Academy - Cleveland Middle,HORIZON SCIENCE ACADEMY CLEVELAND MIDDLE,1,cdis,Classroom Disruptions,Supplemental,Teacher,7
2025,Columbus,Horizon Science Academy - Columbus Elementary,HORIZON SCIENCE ACADEMY COLUMBUS ELEMENTARY,8,cdis,Classroom Disruptions,Supplemental,Teacher,1
2025,Unassigned,Horizon Science Academy - Columbus High,HORIZON SCIENCE ACADEMY COLUMBUS HIGH,2,cdis,Classroom Disruptions,Supplemental,Teacher,49
2025,Columbus,Horizon Science Academy - Columbus Middle,HORIZON SCIENCE ACADEMY COLUMBUS MIDDLE,9,cdis,Classroom Disruptions,Supplemental,Teacher,13
2025,Columbus,Horizon Science Academy - Columbus Primary,HORIZON SCIENCE ACADEMY COLUMBUS PRIMARY,8,cdis,Classroom Disruptions,Supplemental,Teacher,19
2025,DC,Horizon Science Academy - Dayton Downtown,HORIZON SCIENCE ACADEMY DAYTON DOWNTOWN,1,cdis,Classroom Disruptions,Supplemental,Teacher,28
2025,DC,Horizon Science Academy - Dayton Elementary,HORIZON SCIENCE ACADEMY DAYTON ELEMENTARY,8,cdis,Classroom Disruptions,Supplemental,Teacher,51
2025,DC,Horizon Science Academy - Dayton High,HORIZON SCIENCE ACADEMY DAYTON HIGH,2,cdis,Classroom Disruptions,Supplemental,Teacher,35
2025,Unassigned,Horizon Science Academy - Denison Middle,HORIZON SCIENCE ACADEMY DENISON MIDDLE,1,cdis,Classroom Disruptions,Supplemental,Teacher,11
2025,IA,Horizon Science Academy - Des Moines,HORIZON SCIENCE ACADEMY DES MOINES,8,cdis,Classroom Disruptions,Supplemental,Teacher,1
2025,Unassigned,Horizon Science Academy - Lorain,HORIZON SCIENCE ACADEMY LORAIN,1,cdis,Classroom Disruptions,Supplemental,Teacher,32
2025,Unassigned,Horizon Science Academy - Springfield,HORIZON SCIENCE ACADEMY SPRINGFIELD,1,cdis,Classroom Disruptions,Supplemental,Teacher,31
2025,Unassigned,Horizon Science Academy - Toledo,HORIZON SCIENCE ACADEMY TOLEDO,1,cdis,Classroom Disruptions,Supplemental,Teacher,6
2025,MN,Horizon Science Academy - Twin Cities,HORIZON SCIENCE ACADEMY TWIN CITIES,1,cdis,Classroom Disruptions,Supplemental,Teacher,39
2025,Unassigned,Horizon Science Academy - Youngstown,HORIZON SCIENCE ACADEMY YOUNGSTOWN,1,cdis,Classroom Disruptions,Supplemental,Teacher,35
2025,IN,Indiana Math and Science Academy - North,INDIANA MATH AND SCIENCE ACADEMY NORTH,1,cdis,Classroom Disruptions,Supplemental,Teacher,5
2025,IN,Indiana Math and Science Academy - West,INDIANA MATH AND SCIENCE ACADEMY WEST,1,cdis,Classroom Disruptions,Supplemental,Teacher,21
2025,MI,Michigan Math and Science Academy - Dequindre,MICHIGAN MATH AND SCIENCE ACADEMY DEQUINDRE,1,cdis,Classroom Disruptions,Supplemental,Teacher,6
2025,MI,Michigan Math and Science Academy - Lorraine,MICHIGAN MATH AND SCIENCE ACADEMY LORRAINE,1,cdis,Classroom Disruptions,Supplemental,Teacher,8
2025,MN,Minnesota Math and Science Academy,MINNESOTA MATH AND SCIENCE ACADEMY,1,cdis,Classroom Disruptions,Supplemental,Teacher,7
2025,Unassigned,Noble Academy Cleveland,NOBLE ACADEMY CLEVELAND,1,cdis,Classroom Disruptions,Supplemental,Teacher,10
2025,Columbus,Noble Academy Columbus,NOBLE ACADEMY COLUMBUS,1,cdis,Classroom Disruptions,Supplemental,Teacher,56
2026,MO,Gateway Science Academy - Smiley,GATEWAY SCIENCE ACADEMY SMILEY,8,cdis,Classroom Disruptions,Supplemental,Teacher,35
2026,MO,Gateway Science Academy - South,GATEWAY SCIENCE ACADEMY SOUTH,8,cdis,Classroom Disruptions,Supplemental,Teacher,34
2026,MO,Gateway Science Academy High - Fyler,GATEWAY SCIENCE ACADEMY HIGH FYLER,2,cdis,Classroom Disruptions,Supplemental,Teacher,47
2026,MO,Gateway Science Academy Middle - Fyler,GATEWAY SCIENCE ACADEMY MIDDLE FYLER,9,cdis,Classroom Disruptions,Supplemental,Teacher,38
2026,DC,Horizon Science Academy - Cincinnati,HORIZON SCIENCE ACADEMY CINCINNATI,1,cdis,Classroom Disruptions,Supplemental,Teacher,21
2026,NO,Horizon Science Academy - Cleveland High,HORIZON SCIENCE ACADEMY CLEVELAND HIGH,2,cdis,Classroom Disruptions,Supplemental,Teacher,33
2026,Columbus,Horizon Science Academy - Columbus Elementary,HORIZON SCIENCE ACADEMY COLUMBUS ELEMENTARY,8,cdis,Classroom Disruptions,Supplemental,Teacher,23
2026,Columbus,Horizon Science Academy - Columbus High Morse,HORIZON SCIENCE ACADEMY COLUMBUS HIGH MORSE,2,cdis,Classroom Disruptions,Supplemental,Teacher,46
2026,Columbus,Horizon Science Academy - Columbus High Westerville,HORIZON SCIENCE ACADEMY COLUMBUS HIGH WESTERVILLE,2,cdis,Classroom Disruptions,Supplemental,Teacher,51
2026,Columbus,Horizon Science Academy - Columbus Middle,HORIZON SCIENCE ACADEMY COLUMBUS MIDDLE,9,cdis,Classroom Disruptions,Supplemental,Teacher,46
2026,Columbus,Horizon Science Academy - Columbus Primary,HORIZON SCIENCE ACADEMY COLUMBUS PRIMARY,8,cdis,Classroom Disruptions,Supplemental,Teacher,24
2026,IA,Horizon Science Academy - Davenport,HORIZON SCIENCE ACADEMY DAVENPORT,1,cdis,Classroom Disruptions,Supplemental,Teacher,48
2026,DC,Horizon Science Academy - Dayton Downtown,HORIZON SCIENCE ACADEMY DAYTON DOWNTOWN,1,cdis,Classroom Disruptions,Supplemental,Teacher,24
2026,DC,Horizon Science Academy - Dayton Elementary,HORIZON SCIENCE ACADEMY DAYTON ELEMENTARY,8,cdis,Classroom Disruptions,Supplemental,Teacher,31
2026,DC,Horizon Science Academy - Dayton High,HORIZON SCIENCE ACADEMY DAYTON HIGH,2,cdis,Classroom Disruptions,Supplemental,Teacher,40
2026,,Horizon Science Academy - Denison,HORIZON SCIENCE ACADEMY DENISON,1,cdis,Classroom Disruptions,Supplemental,Teacher,29
2026,IA,Horizon Science Academy - Des Moines,HORIZON SCIENCE ACADEMY DES MOINES,8,cdis,Classroom Disruptions,Supplemental,Teacher,31
2026,,Horizon Science Academy - Lorain,HORIZON SCIENCE ACADEMY LORAIN,1,cdis,Classroom Disruptions,Supplemental,Teacher,48
2026,,Horizon Science Academy - Springfield,HORIZON SCIENCE ACADEMY SPRINGFIELD,1,cdis,Classroom Disruptions,Supplemental,Teacher,45
2026,,Horizon Science Academy - Toledo,HORIZON SCIENCE ACADEMY TOLEDO,1,cdis,Classroom Disruptions,Supplemental,Teacher,33
2026,MN,Horizon Science Academy - Twin Cities,HORIZON SCIENCE ACADEMY TWIN CITIES,1,cdis,Classroom Disruptions,Supplemental,Teacher,42
2026,,Horizon Science Academy - Westerville,HORIZON SCIENCE ACADEMY WESTERVILLE,1,cdis,Classroom Disruptions,Supplemental,Teacher,69
2026,,Horizon Science Academy - Youngstown,HORIZON SCIENCE ACADEMY YOUNGSTOWN,1,cdis,Classroom Disruptions,Supplemental,Teacher,50
2026,IN,Indiana Math and Science Academy - North,INDIANA MATH AND SCIENCE ACADEMY NORTH,1,cdis,Classroom Disruptions,Supplemental,Teacher,39
2026,IN,Indiana Math and Science Academy - West,INDIANA MATH AND SCIENCE ACADEMY WEST,1,cdis,Classroom Disruptions,Supplemental,Teacher,46
2026,MI,Michigan Math and Science Academy - Dequindre,MICHIGAN MATH AND SCIENCE ACADEMY DEQUINDRE,1,cdis,Classroom Disruptions,Supplemental,Teacher,37
2026,MI,Michigan Math and Science Academy - Lorraine,MICHIGAN MATH AND SCIENCE ACADEMY LORRAINE,8,cdis,Classroom Disruptions,Supplemental,Teacher,42
2026,MN,Minnesota Math and Science Academy,MINNESOTA MATH AND SCIENCE ACADEMY,1,cdis,Classroom Disruptions,Supplemental,Teacher,36
2026,Columbus,Noble Academy Columbus,NOBLE ACADEMY COLUMBUS,1,cdis,Classroom Disruptions,Supplemental,Teacher,57
2026,NO,Noble Academy Euclid,NOBLE ACADEMY EUCLID,1,cdis,Classroom Disruptions,Supplemental,Teacher,36
2026,MO,Gateway Science Academy - Smiley,GATEWAY SCIENCE ACADEMY SMILEY,8,colb,Collaborative Practices,Collaborative Teachers,Teacher,36
2026,MO,Gateway Science Academy - South,GATEWAY SCIENCE ACADEMY SOUTH,8,colb,Collaborative Practices,Collaborative Teachers,Teacher,36
2026,MO,Gateway Science Academy High - Fyler,GATEWAY SCIENCE ACADEMY HIGH FYLER,2,colb,Collaborative Practices,Collaborative Teachers,Teacher,41
2026,MO,Gateway Science Academy Middle - Fyler,GATEWAY SCIENCE ACADEMY MIDDLE FYLER,9,colb,Collaborative Practices,Collaborative Teachers,Teacher,59
2026,DC,Horizon Science Academy - Cincinnati,HORIZON SCIENCE ACADEMY CINCINNATI,1,colb,Collaborative Practices,Collaborative Teachers,Teacher,14
2026,NO,Horizon Science Academy - Cleveland High,HORIZON SCIENCE ACADEMY CLEVELAND HIGH,2,colb,Collaborative Practices,Collaborative Teachers,Teacher,41
2026,Columbus,Horizon Science Academy - Columbus Elementary,HORIZON SCIENCE ACADEMY COLUMBUS ELEMENTARY,8,colb,Collaborative Practices,Collaborative Teachers,Teacher,46
2026,Columbus,Horizon Science Academy - Columbus High Morse,HORIZON SCIENCE ACADEMY COLUMBUS HIGH MORSE,2,colb,Collaborative Practices,Collaborative Teachers,Teacher,46
2026,Columbus,Horizon Science Academy - Columbus High Westerville,HORIZON SCIENCE ACADEMY COLUMBUS HIGH WESTERVILLE,2,colb,Collaborative Practices,Collaborative Teachers,Teacher,43
2026,Columbus,Horizon Science Academy - Columbus Middle,HORIZON SCIENCE ACADEMY COLUMBUS MIDDLE,9,colb,Collaborative Practices,Collaborative Teachers,Teacher,32
2026,Columbus,Horizon Science Academy - Columbus Primary,HORIZON SCIENCE ACADEMY COLUMBUS PRIMARY,8,colb,Collaborative Practices,Collaborative Teachers,Teacher,41
2026,IA,Horizon Science Academy - Davenport,HORIZON SCIENCE ACADEMY DAVENPORT,1,colb,Collaborative Practices,Collaborative Teachers,Teacher,22
2026,DC,Horizon Science Academy - Dayton Downtown,HORIZON SCIENCE ACADEMY DAYTON DOWNTOWN,1,colb,Collaborative Practices,Collaborative Teachers,Teacher,32
2026,DC,Horizon Science Academy - Dayton Elementary,HORIZON SCIENCE ACADEMY DAYTON ELEMENTARY,8,colb,Collaborative Practices,Collaborative Teachers,Teacher,31
2026,DC,Horizon Science Academy - Dayton High,HORIZON SCIENCE ACADEMY DAYTON HIGH,2,colb,Collaborative Practices,Collaborative Teachers,Teacher,63
2026,,Horizon Science Academy - Denison,HORIZON SCIENCE ACADEMY DENISON,1,colb,Collaborative Practices,Collaborative Teachers,Teacher,43
2026,IA,Horizon Science Academy - Des Moines,HORIZON SCIENCE ACADEMY DES MOINES,8,colb,Collaborative Practices,Collaborative Teachers,Teacher,34
2026,,Horizon Science Academy - Lorain,HORIZON SCIENCE ACADEMY LORAIN,1,colb,Collaborative Practices,Collaborative Teachers,Teacher,43
2026,,Horizon Science Academy - Springfield,HORIZON SCIENCE ACADEMY SPRINGFIELD,1,colb,Collaborative Practices,Collaborative Teachers,Teacher,37
2026,,Horizon Science Academy - Toledo,HORIZON SCIENCE ACADEMY TOLEDO,1,colb,Collaborative Practices,Collaborative Teachers,Teacher,58
2026,MN,Horizon Science Academy - Twin Cities,HORIZON SCIENCE ACADEMY TWIN CITIES,1,colb,Collaborative Practices,Collaborative Teachers,Teacher,25
2026,,Horizon Science Academy - Westerville,HORIZON SCIENCE ACADEMY WESTERVILLE,1,colb,Collaborative Practices,Collaborative Teachers,Teacher,44
2026,,Horizon Science Academy - Youngstown,HORIZON SCIENCE ACADEMY YOUNGSTOWN,1,colb,Collaborative Practices,Collaborative Teachers,Teacher,45
2026,IN,Indiana Math and Science Academy - North,INDIANA MATH AND SCIENCE ACADEMY NORTH,1,colb,Collaborative Practices,Collaborative Teachers,Teacher,43
2026,IN,Indiana Math and Science Academy - West,INDIANA MATH AND SCIENCE ACADEMY WEST,1,colb,Collaborative Practices,Collaborative Teachers,Teacher,48
2026,MI,Michigan Math and Science Academy - Dequindre,MICHIGAN MATH AND SCIENCE ACADEMY DEQUINDRE,1,colb,Collaborative Practices,Collaborative Teachers,Teacher,46
2026,MI,Michigan Math and Science Academy - Lorraine,MICHIGAN MATH AND SCIENCE ACADEMY LORRAINE,8,colb,Collaborative Practices,Collaborative Teachers,Teacher,44
2026,MN,Minnesota Math and Science Academy,MINNESOTA MATH AND SCIENCE ACADEMY,1,colb,Collaborative Practices,Collaborative Teachers,Teacher,37
2026,Columbus,Noble Academy Columbus,NOBLE ACADEMY COLUMBUS,1,colb,Collaborative Practices,Collaborative Teachers,Teacher,44
2026,NO,Noble Academy Euclid,NOBLE ACADEMY EUCLID,1,colb,Collaborative Practices,Collaborative Teachers,Teacher,52
2026,MO,Gateway Science Academy - Smiley,GATEWAY SCIENCE ACADEMY SMILEY,8,colr,Collective Responsibility,Collaborative Teachers,Teacher,36
2026,MO,Gateway Science Academy - South,GATEWAY SCIENCE ACADEMY SOUTH,8,colr,Collective Responsibility,Collaborative Teachers,Teacher,23
2026,MO,Gateway Science Academy High - Fyler,GATEWAY SCIENCE ACADEMY HIGH FYLER,2,colr,Collective Responsibility,Collaborative Teachers,Teacher,45
2026,MO,Gateway Science Academy Middle - Fyler,GATEWAY SCIENCE ACADEMY MIDDLE FYLER,9,colr,Collective Responsibility,Collaborative Teachers,Teacher,47
2026,DC,Horizon Science Academy - Cincinnati,HORIZON SCIENCE ACADEMY CINCINNATI,1,colr,Collective Responsibility,Collaborative Teachers,Teacher,20
2026,NO,Horizon Science Academy - Cleveland High,HORIZON SCIENCE ACADEMY CLEVELAND HIGH,2,colr,Collective Responsibility,Collaborative Teachers,Teacher,43
2026,Columbus,Horizon Science Academy - Columbus Elementary,HORIZON SCIENCE ACADEMY COLUMBUS ELEMENTARY,8,colr,Collective Responsibility,Collaborative Teachers,Teacher,22
2026,Columbus,Horizon Science Academy - Columbus High Morse,HORIZON SCIENCE ACADEMY COLUMBUS HIGH MORSE,2,colr,Collective Responsibility,Collaborative Teachers,Teacher,55
2026,Columbus,Horizon Science Academy - Columbus High Westerville,HORIZON SCIENCE ACADEMY COLUMBUS HIGH WESTERVILLE,2,colr,Collective Responsibility,Collaborative Teachers,Teacher,45
2026,Columbus,Horizon Science Academy - Columbus Middle,HORIZON SCIENCE ACADEMY COLUMBUS MIDDLE,9,colr,Collective Responsibility,Collaborative Teachers,Teacher,35
2026,Columbus,Horizon Science Academy - Columbus Primary,HORIZON SCIENCE ACADEMY COLUMBUS PRIMARY,8,colr,Collective Responsibility,Collaborative Teachers,Teacher,28
2026,IA,Horizon Science Academy - Davenport,HORIZON SCIENCE ACADEMY DAVENPORT,1,colr,Collective Responsibility,Collaborative Teachers,Teacher,34
2026,DC,Horizon Science Academy - Dayton Downtown,HORIZON SCIENCE ACADEMY DAYTON DOWNTOWN,1,colr,Collective Responsibility,Collaborative Teachers,Teacher,15
2026,DC,Horizon Science Academy - Dayton Elementary,HORIZON SCIENCE ACADEMY DAYTON ELEMENTARY,8,colr,Collective Responsibility,Collaborative Teachers,Teacher,23
2026,DC,Horizon Science Academy - Dayton High,HORIZON SCIENCE ACADEMY DAYTON HIGH,2,colr,Collective Responsibility,Collaborative Teachers,Teacher,63
2026,,Horizon Science Academy - Denison,HORIZON SCIENCE ACADEMY DENISON,1,colr,Collective Responsibility,Collaborative Teachers,Teacher,46
2026,IA,Horizon Science Academy - Des Moines,HORIZON SCIENCE ACADEMY DES MOINES,8,colr,Collective Responsibility,Collaborative Teachers,Teacher,28
2026,,Horizon Science Academy - Lorain,HORIZON SCIENCE ACADEMY LORAIN,1,colr,Collective Responsibility,Collaborative Teachers,Teacher,37
2026,,Horizon Science Academy - Springfield,HORIZON SCIENCE ACADEMY SPRINGFIELD,1,colr,Collective Responsibility,Collaborative Teachers,Teacher,43
2026,,Horizon Science Academy - Toledo,HORIZON SCIENCE ACADEMY TOLEDO,1,colr,Collective Responsibility,Collaborative Teachers,Teacher,44
2026,MN,Horizon Science Academy - Twin Cities,HORIZON SCIENCE ACADEMY TWIN CITIES,1,colr,Collective Responsibility,Collaborative Teachers,Teacher,56
2026,,Horizon Science Academy - Westerville,HORIZON SCIENCE ACADEMY WESTERVILLE,1,colr,Collective Responsibility,Collaborative Teachers,Teacher,53
2026,,Horizon Science Academy - Youngstown,HORIZON SCIENCE ACADEMY YOUNGSTOWN,1,colr,Collective Responsibility,Collaborative Teachers,Teacher,43
2026,IN,Indiana Math and Science Academy - North,INDIANA MATH AND SCIENCE ACADEMY NORTH,1,colr,Collective Responsibility,Collaborative Teachers,Teacher,32
2026,IN,Indiana Math and Science Academy - West,INDIANA MATH AND SCIENCE ACADEMY WEST,1,colr,Collective Responsibility,Collaborative Teachers,Teacher,51
2026,MI,Michigan Math and Science Academy - Dequindre,MICHIGAN MATH AND SCIENCE ACADEMY DEQUINDRE,1,colr,Collective Responsibility,Collaborative Teachers,Teacher,32
2026,MI,Michigan Math and Science Academy - Lorraine,MICHIGAN MATH AND SCIENCE ACADEMY LORRAINE,8,colr,Collective Responsibility,Collaborative Teachers,Teacher,32
2026,MN,Minnesota Math and Science Academy,MINNESOTA MATH AND SCIENCE ACADEMY,1,colr,Collective Responsibility,Collaborative Teachers,Teacher,47
2026,Columbus,Noble Academy Columbus,NOBLE ACADEMY COLUMBUS,1,colr,Collective Responsibility,Collaborative Teachers,Teacher,46
2026,NO,Noble Academy Euclid,NOBLE ACADEMY EUCLID,1,colr,Collective Responsibility,Collaborative Teachers,Teacher,26
2026,MO,Gateway Science Academy - Smiley,GATEWAY SCIENCE ACADEMY SMILEY,8,inf3,Teacher Influence,Effective Leaders,Teacher,32
2026,MO,Gateway Science Academy - South,GATEWAY SCIENCE ACADEMY SOUTH,8,inf3,Teacher Influence,Effective Leaders,Teacher,34
2026,MO,Gateway Science Academy High - Fyler,GATEWAY SCIENCE ACADEMY HIGH FYLER,2,inf3,Teacher Influence,Effective Leaders,Teacher,51
2026,MO,Gateway Science Academy Middle - Fyler,GATEWAY SCIENCE ACADEMY MIDDLE FYLER,9,inf3,Teacher Influence,Effective Leaders,Teacher,52
2026,DC,Horizon Science Academy - Cincinnati,HORIZON SCIENCE ACADEMY CINCINNATI,1,inf3,Teacher Influence,Effective Leaders,Teacher,24
2026,NO,Horizon Science Academy - Cleveland High,HORIZON SCIENCE ACADEMY CLEVELAND HIGH,2,inf3,Teacher Influence,Effective Leaders,Teacher,39
2026,Columbus,Horizon Science Academy - Columbus Elementary,HORIZON SCIENCE ACADEMY COLUMBUS ELEMENTARY,8,inf3,Teacher Influence,Effective Leaders,Teacher,33
2026,Columbus,Horizon Science Academy - Columbus High Morse,HORIZON SCIENCE ACADEMY COLUMBUS HIGH MORSE,2,inf3,Teacher Influence,Effective Leaders,Teacher,54
2026,Columbus,Horizon Science Academy - Columbus High Westerville,HORIZON SCIENCE ACADEMY COLUMBUS HIGH WESTERVILLE,2,inf3,Teacher Influence,Effective Leaders,Teacher,53
2026,Columbus,Horizon Science Academy - Columbus Middle,HORIZON SCIENCE ACADEMY COLUMBUS MIDDLE,9,inf3,Teacher Influence,Effective Leaders,Teacher,38
2026,Columbus,Horizon Science Academy - Columbus Primary,HORIZON SCIENCE ACADEMY COLUMBUS PRIMARY,8,inf3,Teacher Influence,Effective Leaders,Teacher,21
2026,IA,Horizon Science Academy - Davenport,HORIZON SCIENCE ACADEMY DAVENPORT,1,inf3,Teacher Influence,Effective Leaders,Teacher,12
2026,DC,Horizon Science Academy - Dayton Downtown,HORIZON SCIENCE ACADEMY DAYTON DOWNTOWN,1,inf3,Teacher Influence,Effective Leaders,Teacher,31
2026,DC,Horizon Science Academy - Dayton Elementary,HORIZON SCIENCE ACADEMY DAYTON ELEMENTARY,8,inf3,Teacher Influence,Effective Leaders,Teacher,30
2026,DC,Horizon Science Academy - Dayton High,HORIZON SCIENCE ACADEMY DAYTON HIGH,2,inf3,Teacher Influence,Effective Leaders,Teacher,45
2026,,Horizon Science Academy - Denison,HORIZON SCIENCE ACADEMY DENISON,1,inf3,Teacher Influence,Effective Leaders,Teacher,39
2026,IA,Horizon Science Academy - Des Moines,HORIZON SCIENCE ACADEMY DES MOINES,8,inf3,Teacher Influence,Effective Leaders,Teacher,12
2026,,Horizon Science Academy - Lorain,HORIZON SCIENCE ACADEMY LORAIN,1,inf3,Teacher Influence,Effective Leaders,Teacher,37
2026,,Horizon Science Academy - Springfield,HORIZON SCIENCE ACADEMY SPRINGFIELD,1,inf3,Teacher Influence,Effective Leaders,Teacher,19
2026,,Horizon Science Academy - Toledo,HORIZON SCIENCE ACADEMY TOLEDO,1,inf3,Teacher Influence,Effective Leaders,Teacher,43
2026,MN,Horizon Science Academy - Twin Cities,HORIZON SCIENCE ACADEMY TWIN CITIES,1,inf3,Teacher Influence,Effective Leaders,Teacher,46
2026,,Horizon Science Academy - Westerville,HORIZON SCIENCE ACADEMY WESTERVILLE,1,inf3,Teacher Influence,Effective Leaders,Teacher,47
2026,,Horizon Science Academy - Youngstown,HORIZON SCIENCE ACADEMY YOUNGSTOWN,1,inf3,Teacher Influence,Effective Leaders,Teacher,35
2026,IN,Indiana Math and Science Academy - North,INDIANA MATH AND SCIENCE ACADEMY NORTH,1,inf3,Teacher Influence,Effective Leaders,Teacher,36
2026,IN,Indiana Math and Science Academy - West,INDIANA MATH AND SCIENCE ACADEMY WEST,1,inf3,Teacher Influence,Effective Leaders,Teacher,50
2026,MI,Michigan Math and Science Academy - Dequindre,MICHIGAN MATH AND SCIENCE ACADEMY DEQUINDRE,1,inf3,Teacher Influence,Effective Leaders,Teacher,49
2026,MI,Michigan Math and Science Academy - Lorraine,MICHIGAN MATH AND SCIENCE ACADEMY LORRAINE,8,inf3,Teacher Influence,Effective Leaders,Teacher,50
2026,MN,Minnesota Math and Science Academy,MINNESOTA MATH AND SCIENCE ACADEMY,1,inf3,Teacher Influence,Effective Leaders,Teacher,42
2026,Columbus,Noble Academy Columbus,NOBLE ACADEMY COLUMBUS,1,inf3,Teacher Influence,Effective Leaders,Teacher,43
2026,NO,Noble Academy Euclid,NOBLE ACADEMY EUCLID,1,inf3,Teacher Influence,Effective Leaders,Teacher,31
2026,MO,Gateway Science Academy - Smiley,GATEWAY SCIENCE ACADEMY SMILEY,8,innv,Innovation,Supplemental,Teacher,38
2026,MO,Gateway Science Academy - South,GATEWAY SCIENCE ACADEMY SOUTH,8,innv,Innovation,Supplemental,Teacher,19
2026,MO,Gateway Science Academy High - Fyler,GATEWAY SCIENCE ACADEMY HIGH FYLER,2,innv,Innovation,Supplemental,Teacher,42
2026,MO,Gateway Science Academy Middle - Fyler,GATEWAY SCIENCE ACADEMY MIDDLE FYLER,9,innv,Innovation,Supplemental,Teacher,47
2026,DC,Horizon Science Academy - Cincinnati,HORIZON SCIENCE ACADEMY CINCINNATI,1,innv,Innovation,Supplemental,Teacher,25
2026,NO,Horizon Science Academy - Cleveland High,HORIZON SCIENCE ACADEMY CLEVELAND HIGH,2,innv,Innovation,Supplemental,Teacher,52
2026,Columbus,Horizon Science Academy - Columbus Elementary,HORIZON SCIENCE ACADEMY COLUMBUS ELEMENTARY,8,innv,Innovation,Supplemental,Teacher,32
2026,Columbus,Horizon Science Academy - Columbus High Morse,HORIZON SCIENCE ACADEMY COLUMBUS HIGH MORSE,2,innv,Innovation,Supplemental,Teacher,65
2026,Columbus,Horizon Science Academy - Columbus High Westerville,HORIZON SCIENCE ACADEMY COLUMBUS HIGH WESTERVILLE,2,innv,Innovation,Supplemental,Teacher,48
2026,Columbus,Horizon Science Academy - Columbus Middle,HORIZON SCIENCE ACADEMY COLUMBUS MIDDLE,9,innv,Innovation,Supplemental,Teacher,41
2026,Columbus,Horizon Science Academy - Columbus Primary,HORIZON SCIENCE ACADEMY COLUMBUS PRIMARY,8,innv,Innovation,Supplemental,Teacher,26
2026,IA,Horizon Science Academy - Davenport,HORIZON SCIENCE ACADEMY DAVENPORT,1,innv,Innovation,Supplemental,Teacher,33
2026,DC,Horizon Science Academy - Dayton Downtown,HORIZON SCIENCE ACADEMY DAYTON DOWNTOWN,1,innv,Innovation,Supplemental,Teacher,18
2026,DC,Horizon Science Academy - Dayton Elementary,HORIZON SCIENCE ACADEMY DAYTON ELEMENTARY,8,innv,Innovation,Supplemental,Teacher,13
2026,DC,Horizon Science Academy - Dayton High,HORIZON SCIENCE ACADEMY DAYTON HIGH,2,innv,Innovation,Supplemental,Teacher,71
2026,,Horizon Science Academy - Denison,HORIZON SCIENCE ACADEMY DENISON,1,innv,Innovation,Supplemental,Teacher,43
2026,IA,Horizon Science Academy - Des Moines,HORIZON SCIENCE ACADEMY DES MOINES,8,innv,Innovation,Supplemental,Teacher,45
2026,,Horizon Science Academy - Lorain,HORIZON SCIENCE ACADEMY LORAIN,1,innv,Innovation,Supplemental,Teacher,33
2026,,Horizon Science Academy - Springfield,HORIZON SCIENCE ACADEMY SPRINGFIELD,1,innv,Innovation,Supplemental,Teacher,33
2026,,Horizon Science Academy - Toledo,HORIZON SCIENCE ACADEMY TOLEDO,1,innv,Innovation,Supplemental,Teacher,37
2026,MN,Horizon Science Academy - Twin Cities,HORIZON SCIENCE ACADEMY TWIN CITIES,1,innv,Innovation,Supplemental,Teacher,65
2026,,Horizon Science Academy - Westerville,HORIZON SCIENCE ACADEMY WESTERVILLE,1,innv,Innovation,Supplemental,Teacher,59
2026,,Horizon Science Academy - Youngstown,HORIZON SCIENCE ACADEMY YOUNGSTOWN,1,innv,Innovation,Supplemental,Teacher,46
2026,IN,Indiana Math and Science Academy - North,INDIANA MATH AND SCIENCE ACADEMY NORTH,1,innv,Innovation,Supplemental,Teacher,36
2026,IN,Indiana Math and Science Academy - West,INDIANA MATH AND SCIENCE ACADEMY WEST,1,innv,Innovation,Supplemental,Teacher,43
2026,MI,Michigan Math and Science Academy - Dequindre,MICHIGAN MATH AND SCIENCE ACADEMY DEQUINDRE,1,innv,Innovation,Supplemental,Teacher,34
2026,MI,Michigan Math and Science Academy - Lorraine,MICHIGAN MATH AND SCIENCE ACADEMY LORRAINE,8,innv,Innovation,Supplemental,Teacher,51
2026,MN,Minnesota Math and Science Academy,MINNESOTA MATH AND SCIENCE ACADEMY,1,innv,Innovation,Supplemental,Teacher,48
2026,Columbus,Noble Academy Columbus,NOBLE ACADEMY COLUMBUS,1,innv,Innovation,Supplemental,Teacher,33
2026,NO,Noble Academy Euclid,NOBLE ACADEMY EUCLID,1,innv,Innovation,Supplemental,Teacher,25
2026,MO,Gateway Science Academy - Smiley,GATEWAY SCIENCE ACADEMY SMILEY,8,ins,Instuctional Leadership,Effective Leaders,Teacher,38
2026,MO,Gateway Science Academy - South,GATEWAY SCIENCE ACADEMY SOUTH,8,ins,Instuctional Leadership,Effective Leaders,Teacher,26
2026,MO,Gateway Science Academy High - Fyler,GATEWAY SCIENCE ACADEMY HIGH FYLER,2,ins,Instuctional Leadership,Effective Leaders,Teacher,40
2026,MO,Gateway Science Academy Middle - Fyler,GATEWAY SCIENCE ACADEMY MIDDLE FYLER,9,ins,Instuctional Leadership,Effective Leaders,Teacher,48
2026,DC,Horizon Science Academy - Cincinnati,HORIZON SCIENCE ACADEMY CINCINNATI,1,ins,Instuctional Leadership,Effective Leaders,Teacher,30
2026,NO,Horizon Science Academy - Cleveland High,HORIZON SCIENCE ACADEMY CLEVELAND HIGH,2,ins,Instuctional Leadership,Effective Leaders,Teacher,71
2026,Columbus,Horizon Science Academy - Columbus Elementary,HORIZON SCIENCE ACADEMY COLUMBUS ELEMENTARY,8,ins,Instuctional Leadership,Effective Leaders,Teacher,47
2026,Columbus,Horizon Science Academy - Columbus High Morse,HORIZON SCIENCE ACADEMY COLUMBUS HIGH MORSE,2,ins,Instuctional Leadership,Effective Leaders,Teacher,67
2026,Columbus,Horizon Science Academy - Columbus High Westerville,HORIZON SCIENCE ACADEMY COLUMBUS HIGH WESTERVILLE,2,ins,Instuctional Leadership,Effective Leaders,Teacher,61
2026,Columbus,Horizon Science Academy - Columbus Middle,HORIZON SCIENCE ACADEMY COLUMBUS MIDDLE,9,ins,Instuctional Leadership,Effective Leaders,Teacher,39
2026,Columbus,Horizon Science Academy - Columbus Primary,HORIZON SCIENCE ACADEMY COLUMBUS PRIMARY,8,ins,Instuctional Leadership,Effective Leaders,Teacher,36
2026,IA,Horizon Science Academy - Davenport,HORIZON SCIENCE ACADEMY DAVENPORT,1,ins,Instuctional Leadership,Effective Leaders,Teacher,39
2026,DC,Horizon Science Academy - Dayton Downtown,HORIZON SCIENCE ACADEMY DAYTON DOWNTOWN,1,ins,Instuctional Leadership,Effective Leaders,Teacher,26
2026,DC,Horizon Science Academy - Dayton Elementary,HORIZON SCIENCE ACADEMY DAYTON ELEMENTARY,8,ins,Instuctional Leadership,Effective Leaders,Teacher,44
2026,DC,Horizon Science Academy - Dayton High,HORIZON SCIENCE ACADEMY DAYTON HIGH,2,ins,Instuctional Leadership,Effective Leaders,Teacher,74
2026,,Horizon Science Academy - Denison,HORIZON SCIENCE ACADEMY DENISON,1,ins,Instuctional Leadership,Effective Leaders,Teacher,73
2026,IA,Horizon Science Academy - Des Moines,HORIZON SCIENCE ACADEMY DES MOINES,8,ins,Instuctional Leadership,Effective Leaders,Teacher,38
2026,,Horizon Science Academy - Lorain,HORIZON SCIENCE ACADEMY LORAIN,1,ins,Instuctional Leadership,Effective Leaders,Teacher,40
2026,,Horizon Science Academy - Springfield,HORIZON SCIENCE ACADEMY SPRINGFIELD,1,ins,Instuctional Leadership,Effective Leaders,Teacher,39
2026,,Horizon Science Academy - Toledo,HORIZON SCIENCE ACADEMY TOLEDO,1,ins,Instuctional Leadership,Effective Leaders,Teacher,63
2026,MN,Horizon Science Academy - Twin Cities,HORIZON SCIENCE ACADEMY TWIN CITIES,1,ins,Instuctional Leadership,Effective Leaders,Teacher,62
2026,,Horizon Science Academy - Westerville,HORIZON SCIENCE ACADEMY WESTERVILLE,1,ins,Instuctional Leadership,Effective Leaders,Teacher,58
2026,,Horizon Science Academy - Youngstown,HORIZON SCIENCE ACADEMY YOUNGSTOWN,1,ins,Instuctional Leadership,Effective Leaders,Teacher,60
2026,IN,Indiana Math and Science Academy - North,INDIANA MATH AND SCIENCE ACADEMY NORTH,1,ins,Instuctional Leadership,Effective Leaders,Teacher,42
2026,IN,Indiana Math and Science Academy - West,INDIANA MATH AND SCIENCE ACADEMY WEST,1,ins,Instuctional Leadership,Effective Leaders,Teacher,56
2026,MI,Michigan Math and Science Academy - Dequindre,MICHIGAN MATH AND SCIENCE ACADEMY DEQUINDRE,1,ins,Instuctional Leadership,Effective Leaders,Teacher,60
2026,MI,Michigan Math and Science Academy - Lorraine,MICHIGAN MATH AND SCIENCE ACADEMY LORRAINE,8,ins,Instuctional Leadership,Effective Leaders,Teacher,61
2026,MN,Minnesota Math and Science Academy,MINNESOTA MATH AND SCIENCE ACADEMY,1,ins,Instuctional Leadership,Effective Leaders,Teacher,46
2026,Columbus,Noble Academy Columbus,NOBLE ACADEMY COLUMBUS,1,ins,Instuctional Leadership,Effective Leaders,Teacher,52
2026,NO,Noble Academy Euclid,NOBLE ACADEMY EUCLID,1,ins,Instuctional Leadership,Effective Leaders,Teacher,34
2026,MO,Gateway Science Academy - Smiley,GATEWAY SCIENCE ACADEMY SMILEY,8,pgmc,Program Coherence,Effective Leaders,Teacher,43
2026,MO,Gateway Science Academy - South,GATEWAY SCIENCE ACADEMY SOUTH,8,pgmc,Program Coherence,Effective Leaders,Teacher,41
2026,MO,Gateway Science Academy High - Fyler,GATEWAY SCIENCE ACADEMY HIGH FYLER,2,pgmc,Program Coherence,Effective Leaders,Teacher,45
2026,MO,Gateway Science Academy Middle - Fyler,GATEWAY SCIENCE ACADEMY MIDDLE FYLER,9,pgmc,Program Coherence,Effective Leaders,Teacher,52
2026,DC,Horizon Science Academy - Cincinnati,HORIZON SCIENCE ACADEMY CINCINNATI,1,pgmc,Program Coherence,Effective Leaders,Teacher,31
2026,NO,Horizon Science Academy - Cleveland High,HORIZON SCIENCE ACADEMY CLEVELAND HIGH,2,pgmc,Program Coherence,Effective Leaders,Teacher,65
2026,Columbus,Horizon Science Academy - Columbus Elementary,HORIZON SCIENCE ACADEMY COLUMBUS ELEMENTARY,8,pgmc,Program Coherence,Effective Leaders,Teacher,48
2026,Columbus,Horizon Science Academy - Columbus High Morse,HORIZON SCIENCE ACADEMY COLUMBUS HIGH MORSE,2,pgmc,Program Coherence,Effective Leaders,Teacher,54
2026,Columbus,Horizon Science Academy - Columbus High Westerville,HORIZON SCIENCE ACADEMY COLUMBUS HIGH WESTERVILLE,2,pgmc,Program Coherence,Effective Leaders,Teacher,54
2026,Columbus,Horizon Science Academy - Columbus Middle,HORIZON SCIENCE ACADEMY COLUMBUS MIDDLE,9,pgmc,Program Coherence,Effective Leaders,Teacher,44
2026,Columbus,Horizon Science Academy - Columbus Primary,HORIZON SCIENCE ACADEMY COLUMBUS PRIMARY,8,pgmc,Program Coherence,Effective Leaders,Teacher,47
2026,IA,Horizon Science Academy - Davenport,HORIZON SCIENCE ACADEMY DAVENPORT,1,pgmc,Program Coherence,Effective Leaders,Teacher,52
2026,DC,Horizon Science Academy - Dayton Downtown,HORIZON SCIENCE ACADEMY DAYTON DOWNTOWN,1,pgmc,Program Coherence,Effective Leaders,Teacher,28
2026,DC,Horizon Science Academy - Dayton Elementary,HORIZON SCIENCE ACADEMY DAYTON ELEMENTARY,8,pgmc,Program Coherence,Effective Leaders,Teacher,65
2026,DC,Horizon Science Academy - Dayton High,HORIZON SCIENCE ACADEMY DAYTON HIGH,2,pgmc,Program Coherence,Effective Leaders,Teacher,61
2026,,Horizon Science Academy - Denison,HORIZON SCIENCE ACADEMY DENISON,1,pgmc,Program Coherence,Effective Leaders,Teacher,50
2026,IA,Horizon Science Academy - Des Moines,HORIZON SCIENCE ACADEMY DES MOINES,8,pgmc,Program Coherence,Effective Leaders,Teacher,62
2026,,Horizon Science Academy - Lorain,HORIZON SCIENCE ACADEMY LORAIN,1,pgmc,Program Coherence,Effective Leaders,Teacher,34
2026,,Horizon Science Academy - Springfield,HORIZON SCIENCE ACADEMY SPRINGFIELD,1,pgmc,Program Coherence,Effective Leaders,Teacher,52
2026,,Horizon Science Academy - Toledo,HORIZON SCIENCE ACADEMY TOLEDO,1,pgmc,Program Coherence,Effective Leaders,Teacher,53
2026,MN,Horizon Science Academy - Twin Cities,HORIZON SCIENCE ACADEMY TWIN CITIES,1,pgmc,Program Coherence,Effective Leaders,Teacher,59
2026,,Horizon Science Academy - Westerville,HORIZON SCIENCE ACADEMY WESTERVILLE,1,pgmc,Program Coherence,Effective Leaders,Teacher,68
2026,,Horizon Science Academy - Youngstown,HORIZON SCIENCE ACADEMY YOUNGSTOWN,1,pgmc,Program Coherence,Effective Leaders,Teacher,52
2026,IN,Indiana Math and Science Academy - North,INDIANA MATH AND SCIENCE ACADEMY NORTH,1,pgmc,Program Coherence,Effective Leaders,Teacher,38
2026,IN,Indiana Math and Science Academy - West,INDIANA MATH AND SCIENCE ACADEMY WEST,1,pgmc,Program Coherence,Effective Leaders,Teacher,47
2026,MI,Michigan Math and Science Academy - Dequindre,MICHIGAN MATH AND SCIENCE ACADEMY DEQUINDRE,1,pgmc,Program Coherence,Effective Leaders,Teacher,50
2026,MI,Michigan Math and Science Academy - Lorraine,MICHIGAN MATH AND SCIENCE ACADEMY LORRAINE,8,pgmc,Program Coherence,Effective Leaders,Teacher,55
2026,MN,Minnesota Math and Science Academy,MINNESOTA MATH AND SCIENCE ACADEMY,1,pgmc,Program Coherence,Effective Leaders,Teacher,38
2026,Columbus,Noble Academy Columbus,NOBLE ACADEMY COLUMBUS,1,pgmc,Program Coherence,Effective Leaders,Teacher,45
2026,NO,Noble Academy Euclid,NOBLE ACADEMY EUCLID,1,pgmc,Program Coherence,Effective Leaders,Teacher,29
2026,MO,Gateway Science Academy - Smiley,GATEWAY SCIENCE ACADEMY SMILEY,8,pnfl,Parental Influence on Decision Making in Schools,Involved Families,Teacher,41
2026,MO,Gateway Science Academy - South,GATEWAY SCIENCE ACADEMY SOUTH,8,pnfl,Parental Influence on Decision Making in Schools,Involved Families,Teacher,31
2026,MO,Gateway Science Academy High - Fyler,GATEWAY SCIENCE ACADEMY HIGH FYLER,2,pnfl,Parental Influence on Decision Making in Schools,Involved Families,Teacher,59
2026,MO,Gateway Science Academy Middle - Fyler,GATEWAY SCIENCE ACADEMY MIDDLE FYLER,9,pnfl,Parental Influence on Decision Making in Schools,Involved Families,Teacher,50
2026,DC,Horizon Science Academy - Cincinnati,HORIZON SCIENCE ACADEMY CINCINNATI,1,pnfl,Parental Influence on Decision Making in Schools,Involved Families,Teacher,28
2026,NO,Horizon Science Academy - Cleveland High,HORIZON SCIENCE ACADEMY CLEVELAND HIGH,2,pnfl,Parental Influence on Decision Making in Schools,Involved Families,Teacher,43
2026,Columbus,Horizon Science Academy - Columbus Elementary,HORIZON SCIENCE ACADEMY COLUMBUS ELEMENTARY,8,pnfl,Parental Influence on Decision Making in Schools,Involved Families,Teacher,41
2026,Columbus,Horizon Science Academy - Columbus High Morse,HORIZON SCIENCE ACADEMY COLUMBUS HIGH MORSE,2,pnfl,Parental Influence on Decision Making in Schools,Involved Families,Teacher,64
2026,Columbus,Horizon Science Academy - Columbus High Westerville,HORIZON SCIENCE ACADEMY COLUMBUS HIGH WESTERVILLE,2,pnfl,Parental Influence on Decision Making in Schools,Involved Families,Teacher,46
2026,Columbus,Horizon Science Academy - Columbus Middle,HORIZON SCIENCE ACADEMY COLUMBUS MIDDLE,9,pnfl,Parental Influence on Decision Making in Schools,Involved Families,Teacher,60
2026,Columbus,Horizon Science Academy - Columbus Primary,HORIZON SCIENCE ACADEMY COLUMBUS PRIMARY,8,pnfl,Parental Influence on Decision Making in Schools,Involved Families,Teacher,33
2026,IA,Horizon Science Academy - Davenport,HORIZON SCIENCE ACADEMY DAVENPORT,1,pnfl,Parental Influence on Decision Making in Schools,Involved Families,Teacher,52
2026,DC,Horizon Science Academy - Dayton Downtown,HORIZON SCIENCE ACADEMY DAYTON DOWNTOWN,1,pnfl,Parental Influence on Decision Making in Schools,Involved Families,Teacher,42
2026,DC,Horizon Science Academy - Dayton Elementary,HORIZON SCIENCE ACADEMY DAYTON ELEMENTARY,8,pnfl,Parental Influence on Decision Making in Schools,Involved Families,Teacher,31
2026,DC,Horizon Science Academy - Dayton High,HORIZON SCIENCE ACADEMY DAYTON HIGH,2,pnfl,Parental Influence on Decision Making in Schools,Involved Families,Teacher,63
2026,,Horizon Science Academy - Denison,HORIZON SCIENCE ACADEMY DENISON,1,pnfl,Parental Influence on Decision Making in Schools,Involved Families,Teacher,56
2026,IA,Horizon Science Academy - Des Moines,HORIZON SCIENCE ACADEMY DES MOINES,8,pnfl,Parental Influence on Decision Making in Schools,Involved Families,Teacher,43
2026,,Horizon Science Academy - Lorain,HORIZON SCIENCE ACADEMY LORAIN,1,pnfl,Parental Influence on Decision Making in Schools,Involved Families,Teacher,40
2026,,Horizon Science Academy - Springfield,HORIZON SCIENCE ACADEMY SPRINGFIELD,1,pnfl,Parental Influence on Decision Making in Schools,Involved Families,Teacher,27
2026,,Horizon Science Academy - Toledo,HORIZON SCIENCE ACADEMY TOLEDO,1,pnfl,Parental Influence on Decision Making in Schools,Involved Families,Teacher,49
2026,MN,Horizon Science Academy - Twin Cities,HORIZON SCIENCE ACADEMY TWIN CITIES,1,pnfl,Parental Influence on Decision Making in Schools,Involved Families,Teacher,72
2026,,Horizon Science Academy - Westerville,HORIZON SCIENCE ACADEMY WESTERVILLE,1,pnfl,Parental Influence on Decision Making in Schools,Involved Families,Teacher,45
2026,,Horizon Science Academy - Youngstown,HORIZON SCIENCE ACADEMY YOUNGSTOWN,1,pnfl,Parental Influence on Decision Making in Schools,Involved Families,Teacher,47
2026,IN,Indiana Math and Science Academy - North,INDIANA MATH AND SCIENCE ACADEMY NORTH,1,pnfl,Parental Influence on Decision Making in Schools,Involved Families,Teacher,46
2026,IN,Indiana Math and Science Academy - West,INDIANA MATH AND SCIENCE ACADEMY WEST,1,pnfl,Parental Influence on Decision Making in Schools,Involved Families,Teacher,49
2026,MI,Michigan Math and Science Academy - Dequindre,MICHIGAN MATH AND SCIENCE ACADEMY DEQUINDRE,1,pnfl,Parental Influence on Decision Making in Schools,Involved Families,Teacher,55
2026,MI,Michigan Math and Science Academy - Lorraine,MICHIGAN MATH AND SCIENCE ACADEMY LORRAINE,8,pnfl,Parental Influence on Decision Making in Schools,Involved Families,Teacher,71
2026,MN,Minnesota Math and Science Academy,MINNESOTA MATH AND SCIENCE ACADEMY,1,pnfl,Parental Influence on Decision Making in Schools,Involved Families,Teacher,59
2026,Columbus,Noble Academy Columbus,NOBLE ACADEMY COLUMBUS,1,pnfl,Parental Influence on Decision Making in Schools,Involved Families,Teacher,32
2026,NO,Noble Academy Euclid,NOBLE ACADEMY EUCLID,1,pnfl,Parental Influence on Decision Making in Schools,Involved Families,Teacher,31
2026,MO,Gateway Science Academy - Smiley,GATEWAY SCIENCE ACADEMY SMILEY,8,prt4,Parent Involvement in School,Involved Families,Teacher,35
2026,MO,Gateway Science Academy - South,GATEWAY SCIENCE ACADEMY SOUTH,8,prt4,Parent Involvement in School,Involved Families,Teacher,30
2026,MO,Gateway Science Academy High - Fyler,GATEWAY SCIENCE ACADEMY HIGH FYLER,2,prt4,Parent Involvement in School,Involved Families,Teacher,63
2026,MO,Gateway Science Academy Middle - Fyler,GATEWAY SCIENCE ACADEMY MIDDLE FYLER,9,prt4,Parent Involvement in School,Involved Families,Teacher,66
2026,DC,Horizon Science Academy - Cincinnati,HORIZON SCIENCE ACADEMY CINCINNATI,1,prt4,Parent Involvement in School,Involved Families,Teacher,10
2026,NO,Horizon Science Academy - Cleveland High,HORIZON SCIENCE ACADEMY CLEVELAND HIGH,2,prt4,Parent Involvement in School,Involved Families,Teacher,45
2026,Columbus,Horizon Science Academy - Columbus Elementary,HORIZON SCIENCE ACADEMY COLUMBUS ELEMENTARY,8,prt4,Parent Involvement in School,Involved Families,Teacher,24
2026,Columbus,Horizon Science Academy - Columbus High Morse,HORIZON SCIENCE ACADEMY COLUMBUS HIGH MORSE,2,prt4,Parent Involvement in School,Involved Families,Teacher,37
2026,Columbus,Horizon Science Academy - Columbus High Westerville,HORIZON SCIENCE ACADEMY COLUMBUS HIGH WESTERVILLE,2,prt4,Parent Involvement in School,Involved Families,Teacher,37
2026,Columbus,Horizon Science Academy - Columbus Middle,HORIZON SCIENCE ACADEMY COLUMBUS MIDDLE,9,prt4,Parent Involvement in School,Involved Families,Teacher,46
2026,Columbus,Horizon Science Academy - Columbus Primary,HORIZON SCIENCE ACADEMY COLUMBUS PRIMARY,8,prt4,Parent Involvement in School,Involved Families,Teacher,22
2026,IA,Horizon Science Academy - Davenport,HORIZON SCIENCE ACADEMY DAVENPORT,1,prt4,Parent Involvement in School,Involved Families,Teacher,37
2026,DC,Horizon Science Academy - Dayton Downtown,HORIZON SCIENCE ACADEMY DAYTON DOWNTOWN,1,prt4,Parent Involvement in School,Involved Families,Teacher,24
2026,DC,Horizon Science Academy - Dayton Elementary,HORIZON SCIENCE ACADEMY DAYTON ELEMENTARY,8,prt4,Parent Involvement in School,Involved Families,Teacher,1
2026,DC,Horizon Science Academy - Dayton High,HORIZON SCIENCE ACADEMY DAYTON HIGH,2,prt4,Parent Involvement in School,Involved Families,Teacher,47
2026,,Horizon Science Academy - Denison,HORIZON SCIENCE ACADEMY DENISON,1,prt4,Parent Involvement in School,Involved Families,Teacher,33
2026,IA,Horizon Science Academy - Des Moines,HORIZON SCIENCE ACADEMY DES MOINES,8,prt4,Parent Involvement in School,Involved Families,Teacher,51
2026,,Horizon Science Academy - Lorain,HORIZON SCIENCE ACADEMY LORAIN,1,prt4,Parent Involvement in School,Involved Families,Teacher,31
2026,,Horizon Science Academy - Springfield,HORIZON SCIENCE ACADEMY SPRINGFIELD,1,prt4,Parent Involvement in School,Involved Families,Teacher,18
2026,,Horizon Science Academy - Toledo,HORIZON SCIENCE ACADEMY TOLEDO,1,prt4,Parent Involvement in School,Involved Families,Teacher,45
2026,MN,Horizon Science Academy - Twin Cities,HORIZON SCIENCE ACADEMY TWIN CITIES,1,prt4,Parent Involvement in School,Involved Families,Teacher,38
2026,,Horizon Science Academy - Westerville,HORIZON SCIENCE ACADEMY WESTERVILLE,1,prt4,Parent Involvement in School,Involved Families,Teacher,55
2026,,Horizon Science Academy - Youngstown,HORIZON SCIENCE ACADEMY YOUNGSTOWN,1,prt4,Parent Involvement in School,Involved Families,Teacher,24
2026,IN,Indiana Math and Science Academy - North,INDIANA MATH AND SCIENCE ACADEMY NORTH,1,prt4,Parent Involvement in School,Involved Families,Teacher,27
2026,IN,Indiana Math and Science Academy - West,INDIANA MATH AND SCIENCE ACADEMY WEST,1,prt4,Parent Involvement in School,Involved Families,Teacher,46
2026,MI,Michigan Math and Science Academy - Dequindre,MICHIGAN MATH AND SCIENCE ACADEMY DEQUINDRE,1,prt4,Parent Involvement in School,Involved Families,Teacher,27
2026,MI,Michigan Math and Science Academy - Lorraine,MICHIGAN MATH AND SCIENCE ACADEMY LORRAINE,8,prt4,Parent Involvement in School,Involved Families,Teacher,19
2026,MN,Minnesota Math and Science Academy,MINNESOTA MATH AND SCIENCE ACADEMY,1,prt4,Parent Involvement in School,Involved Families,Teacher,36
2026,Columbus,Noble Academy Columbus,NOBLE ACADEMY COLUMBUS,1,prt4,Parent Involvement in School,Involved Families,Teacher,42
2026,NO,Noble Academy Euclid,NOBLE ACADEMY EUCLID,1,prt4,Parent Involvement in School,Involved Families,Teacher,28
2026,MO,Gateway Science Academy - Smiley,GATEWAY SCIENCE ACADEMY SMILEY,8,prti,Student Responsibility,Supplemental,Teacher,28
2026,MO,Gateway Science Academy - South,GATEWAY SCIENCE ACADEMY SOUTH,8,prti,Student Responsibility,Supplemental,Teacher,22
2026,MO,Gateway Science Academy High - Fyler,GATEWAY SCIENCE ACADEMY HIGH FYLER,2,prti,Student Responsibility,Supplemental,Teacher,49
2026,MO,Gateway Science Academy Middle - Fyler,GATEWAY SCIENCE ACADEMY MIDDLE FYLER,9,prti,Student Responsibility,Supplemental,Teacher,32
2026,DC,Horizon Science Academy - Cincinnati,HORIZON SCIENCE ACADEMY CINCINNATI,1,prti,Student Responsibility,Supplemental,Teacher,23
2026,NO,Horizon Science Academy - Cleveland High,HORIZON SCIENCE ACADEMY CLEVELAND HIGH,2,prti,Student Responsibility,Supplemental,Teacher,36
2026,Columbus,Horizon Science Academy - Columbus Elementary,HORIZON SCIENCE ACADEMY COLUMBUS ELEMENTARY,8,prti,Student Responsibility,Supplemental,Teacher,41
2026,Columbus,Horizon Science Academy - Columbus High Morse,HORIZON SCIENCE ACADEMY COLUMBUS HIGH MORSE,2,prti,Student Responsibility,Supplemental,Teacher,40
2026,Columbus,Horizon Science Academy - Columbus High Westerville,HORIZON SCIENCE ACADEMY COLUMBUS HIGH WESTERVILLE,2,prti,Student Responsibility,Supplemental,Teacher,48
2026,Columbus,Horizon Science Academy - Columbus Middle,HORIZON SCIENCE ACADEMY COLUMBUS MIDDLE,9,prti,Student Responsibility,Supplemental,Teacher,44
2026,Columbus,Horizon Science Academy - Columbus Primary,HORIZON SCIENCE ACADEMY COLUMBUS PRIMARY,8,prti,Student Responsibility,Supplemental,Teacher,28
2026,IA,Horizon Science Academy - Davenport,HORIZON SCIENCE ACADEMY DAVENPORT,1,prti,Student Responsibility,Supplemental,Teacher,32
2026,DC,Horizon Science Academy - Dayton Downtown,HORIZON SCIENCE ACADEMY DAYTON DOWNTOWN,1,prti,Student Responsibility,Supplemental,Teacher,35
2026,DC,Horizon Science Academy - Dayton Elementary,HORIZON SCIENCE ACADEMY DAYTON ELEMENTARY,8,prti,Student Responsibility,Supplemental,Teacher,14
2026,DC,Horizon Science Academy - Dayton High,HORIZON SCIENCE ACADEMY DAYTON HIGH,2,prti,Student Responsibility,Supplemental,Teacher,43
2026,,Horizon Science Academy - Denison,HORIZON SCIENCE ACADEMY DENISON,1,prti,Student Responsibility,Supplemental,Teacher,28
2026,IA,Horizon Science Academy - Des Moines,HORIZON SCIENCE ACADEMY DES MOINES,8,prti,Student Responsibility,Supplemental,Teacher,25
2026,,Horizon Science Academy - Lorain,HORIZON SCIENCE ACADEMY LORAIN,1,prti,Student Responsibility,Supplemental,Teacher,37
2026,,Horizon Science Academy - Springfield,HORIZON SCIENCE ACADEMY SPRINGFIELD,1,prti,Student Responsibility,Supplemental,Teacher,38
2026,,Horizon Science Academy - Toledo,HORIZON SCIENCE ACADEMY TOLEDO,1,prti,Student Responsibility,Supplemental,Teacher,41
2026,MN,Horizon Science Academy - Twin Cities,HORIZON SCIENCE ACADEMY TWIN CITIES,1,prti,Student Responsibility,Supplemental,Teacher,50
2026,,Horizon Science Academy - Westerville,HORIZON SCIENCE ACADEMY WESTERVILLE,1,prti,Student Responsibility,Supplemental,Teacher,69
2026,,Horizon Science Academy - Youngstown,HORIZON SCIENCE ACADEMY YOUNGSTOWN,1,prti,Student Responsibility,Supplemental,Teacher,42
2026,IN,Indiana Math and Science Academy - North,INDIANA MATH AND SCIENCE ACADEMY NORTH,1,prti,Student Responsibility,Supplemental,Teacher,37
2026,IN,Indiana Math and Science Academy - West,INDIANA MATH AND SCIENCE ACADEMY WEST,1,prti,Student Responsibility,Supplemental,Teacher,48
2026,MI,Michigan Math and Science Academy - Dequindre,MICHIGAN MATH AND SCIENCE ACADEMY DEQUINDRE,1,prti,Student Responsibility,Supplemental,Teacher,34
2026,MI,Michigan Math and Science Academy - Lorraine,MICHIGAN MATH AND SCIENCE ACADEMY LORRAINE,8,prti,Student Responsibility,Supplemental,Teacher,35
2026,MN,Minnesota Math and Science Academy,MINNESOTA MATH AND SCIENCE ACADEMY,1,prti,Student Responsibility,Supplemental,Teacher,46
2026,Columbus,Noble Academy Columbus,NOBLE ACADEMY COLUMBUS,1,prti,Student Responsibility,Supplemental,Teacher,48
2026,NO,Noble Academy Euclid,NOBLE ACADEMY EUCLID,1,prti,Student Responsibility,Supplemental,Teacher,32
2026,MO,Gateway Science Academy - Smiley,GATEWAY SCIENCE ACADEMY SMILEY,8,qpd,Quality Professional Development,Collaborative Teachers,Teacher,40
2026,MO,Gateway Science Academy - South,GATEWAY SCIENCE ACADEMY SOUTH,8,qpd,Quality Professional Development,Collaborative Teachers,Teacher,23
2026,MO,Gateway Science Academy High - Fyler,GATEWAY SCIENCE ACADEMY HIGH FYLER,2,qpd,Quality Professional Development,Collaborative Teachers,Teacher,49
2026,MO,Gateway Science Academy Middle - Fyler,GATEWAY SCIENCE ACADEMY MIDDLE FYLER,9,qpd,Quality Professional Development,Collaborative Teachers,Teacher,55
2026,DC,Horizon Science Academy - Cincinnati,HORIZON SCIENCE ACADEMY CINCINNATI,1,qpd,Quality Professional Development,Collaborative Teachers,Teacher,30
2026,NO,Horizon Science Academy - Cleveland High,HORIZON SCIENCE ACADEMY CLEVELAND HIGH,2,qpd,Quality Professional Development,Collaborative Teachers,Teacher,57
2026,Columbus,Horizon Science Academy - Columbus Elementary,HORIZON SCIENCE ACADEMY COLUMBUS ELEMENTARY,8,qpd,Quality Professional Development,Collaborative Teachers,Teacher,45
2026,Columbus,Horizon Science Academy - Columbus High Morse,HORIZON SCIENCE ACADEMY COLUMBUS HIGH MORSE,2,qpd,Quality Professional Development,Collaborative Teachers,Teacher,57
2026,Columbus,Horizon Science Academy - Columbus High Westerville,HORIZON SCIENCE ACADEMY COLUMBUS HIGH WESTERVILLE,2,qpd,Quality Professional Development,Collaborative Teachers,Teacher,48
2026,Columbus,Horizon Science Academy - Columbus Middle,HORIZON SCIENCE ACADEMY COLUMBUS MIDDLE,9,qpd,Quality Professional Development,Collaborative Teachers,Teacher,40
2026,Columbus,Horizon Science Academy - Columbus Primary,HORIZON SCIENCE ACADEMY COLUMBUS PRIMARY,8,qpd,Quality Professional Development,Collaborative Teachers,Teacher,37
2026,IA,Horizon Science Academy - Davenport,HORIZON SCIENCE ACADEMY DAVENPORT,1,qpd,Quality Professional Development,Collaborative Teachers,Teacher,30
2026,DC,Horizon Science Academy - Dayton Downtown,HORIZON SCIENCE ACADEMY DAYTON DOWNTOWN,1,qpd,Quality Professional Development,Collaborative Teachers,Teacher,30
2026,DC,Horizon Science Academy - Dayton Elementary,HORIZON SCIENCE ACADEMY DAYTON ELEMENTARY,8,qpd,Quality Professional Development,Collaborative Teachers,Teacher,27
2026,DC,Horizon Science Academy - Dayton High,HORIZON SCIENCE ACADEMY DAYTON HIGH,2,qpd,Quality Professional Development,Collaborative Teachers,Teacher,72
2026,,Horizon Science Academy - Denison,HORIZON SCIENCE ACADEMY DENISON,1,qpd,Quality Professional Development,Collaborative Teachers,Teacher,46
2026,IA,Horizon Science Academy - Des Moines,HORIZON SCIENCE ACADEMY DES MOINES,8,qpd,Quality Professional Development,Collaborative Teachers,Teacher,29
2026,,Horizon Science Academy - Lorain,HORIZON SCIENCE ACADEMY LORAIN,1,qpd,Quality Professional Development,Collaborative Teachers,Teacher,35
2026,,Horizon Science Academy - Springfield,HORIZON SCIENCE ACADEMY SPRINGFIELD,1,qpd,Quality Professional Development,Collaborative Teachers,Teacher,33
2026,,Horizon Science Academy - Toledo,HORIZON SCIENCE ACADEMY TOLEDO,1,qpd,Quality Professional Development,Collaborative Teachers,Teacher,51
2026,MN,Horizon Science Academy - Twin Cities,HORIZON SCIENCE ACADEMY TWIN CITIES,1,qpd,Quality Professional Development,Collaborative Teachers,Teacher,64
2026,,Horizon Science Academy - Westerville,HORIZON SCIENCE ACADEMY WESTERVILLE,1,qpd,Quality Professional Development,Collaborative Teachers,Teacher,59
2026,,Horizon Science Academy - Youngstown,HORIZON SCIENCE ACADEMY YOUNGSTOWN,1,qpd,Quality Professional Development,Collaborative Teachers,Teacher,55
2026,IN,Indiana Math and Science Academy - North,INDIANA MATH AND SCIENCE ACADEMY NORTH,1,qpd,Quality Professional Development,Collaborative Teachers,Teacher,37
2026,IN,Indiana Math and Science Academy - West,INDIANA MATH AND SCIENCE ACADEMY WEST,1,qpd,Quality Professional Development,Collaborative Teachers,Teacher,55
2026,MI,Michigan Math and Science Academy - Dequindre,MICHIGAN MATH AND SCIENCE ACADEMY DEQUINDRE,1,qpd,Quality Professional Development,Collaborative Teachers,Teacher,49
2026,MI,Michigan Math and Science Academy - Lorraine,MICHIGAN MATH AND SCIENCE ACADEMY LORRAINE,8,qpd,Quality Professional Development,Collaborative Teachers,Teacher,61
2026,MN,Minnesota Math and Science Academy,MINNESOTA MATH AND SCIENCE ACADEMY,1,qpd,Quality Professional Development,Collaborative Teachers,Teacher,43
2026,Columbus,Noble Academy Columbus,NOBLE ACADEMY COLUMBUS,1,qpd,Quality Professional Development,Collaborative Teachers,Teacher,48
2026,NO,Noble Academy Euclid,NOBLE ACADEMY EUCLID,1,qpd,Quality Professional Development,Collaborative Teachers,Teacher,25
2026,MO,Gateway Science Academy - Smiley,GATEWAY SCIENCE ACADEMY SMILEY,8,refd,Relective Dialogue,Supplemental,Teacher,16
2026,MO,Gateway Science Academy - South,GATEWAY SCIENCE ACADEMY SOUTH,8,refd,Relective Dialogue,Supplemental,Teacher,30
2026,MO,Gateway Science Academy High - Fyler,GATEWAY SCIENCE ACADEMY HIGH FYLER,2,refd,Relective Dialogue,Supplemental,Teacher,40
2026,MO,Gateway Science Academy Middle - Fyler,GATEWAY SCIENCE ACADEMY MIDDLE FYLER,9,refd,Relective Dialogue,Supplemental,Teacher,44
2026,DC,Horizon Science Academy - Cincinnati,HORIZON SCIENCE ACADEMY CINCINNATI,1,refd,Relective Dialogue,Supplemental,Teacher,24
2026,NO,Horizon Science Academy - Cleveland High,HORIZON SCIENCE ACADEMY CLEVELAND HIGH,2,refd,Relective Dialogue,Supplemental,Teacher,48
2026,Columbus,Horizon Science Academy - Columbus Elementary,HORIZON SCIENCE ACADEMY COLUMBUS ELEMENTARY,8,refd,Relective Dialogue,Supplemental,Teacher,33
2026,Columbus,Horizon Science Academy - Columbus High Morse,HORIZON SCIENCE ACADEMY COLUMBUS HIGH MORSE,2,refd,Relective Dialogue,Supplemental,Teacher,54
2026,Columbus,Horizon Science Academy - Columbus High Westerville,HORIZON SCIENCE ACADEMY COLUMBUS HIGH WESTERVILLE,2,refd,Relective Dialogue,Supplemental,Teacher,40
2026,Columbus,Horizon Science Academy - Columbus Middle,HORIZON SCIENCE ACADEMY COLUMBUS MIDDLE,9,refd,Relective Dialogue,Supplemental,Teacher,26
2026,Columbus,Horizon Science Academy - Columbus Primary,HORIZON SCIENCE ACADEMY COLUMBUS PRIMARY,8,refd,Relective Dialogue,Supplemental,Teacher,35
2026,IA,Horizon Science Academy - Davenport,HORIZON SCIENCE ACADEMY DAVENPORT,1,refd,Relective Dialogue,Supplemental,Teacher,28
2026,DC,Horizon Science Academy - Dayton Downtown,HORIZON SCIENCE ACADEMY DAYTON DOWNTOWN,1,refd,Relective Dialogue,Supplemental,Teacher,20
2026,DC,Horizon Science Academy - Dayton Elementary,HORIZON SCIENCE ACADEMY DAYTON ELEMENTARY,8,refd,Relective Dialogue,Supplemental,Teacher,34
2026,DC,Horizon Science Academy - Dayton High,HORIZON SCIENCE ACADEMY DAYTON HIGH,2,refd,Relective Dialogue,Supplemental,Teacher,71
2026,,Horizon Science Academy - Denison,HORIZON SCIENCE ACADEMY DENISON,1,refd,Relective Dialogue,Supplemental,Teacher,55
2026,IA,Horizon Science Academy - Des Moines,HORIZON SCIENCE ACADEMY DES MOINES,8,refd,Relective Dialogue,Supplemental,Teacher,32
2026,,Horizon Science Academy - Lorain,HORIZON SCIENCE ACADEMY LORAIN,1,refd,Relective Dialogue,Supplemental,Teacher,39
2026,,Horizon Science Academy - Springfield,HORIZON SCIENCE ACADEMY SPRINGFIELD,1,refd,Relective Dialogue,Supplemental,Teacher,20
2026,,Horizon Science Academy - Toledo,HORIZON SCIENCE ACADEMY TOLEDO,1,refd,Relective Dialogue,Supplemental,Teacher,32
2026,MN,Horizon Science Academy - Twin Cities,HORIZON SCIENCE ACADEMY TWIN CITIES,1,refd,Relective Dialogue,Supplemental,Teacher,37
2026,,Horizon Science Academy - Westerville,HORIZON SCIENCE ACADEMY WESTERVILLE,1,refd,Relective Dialogue,Supplemental,Teacher,47
2026,,Horizon Science Academy - Youngstown,HORIZON SCIENCE ACADEMY YOUNGSTOWN,1,refd,Relective Dialogue,Supplemental,Teacher,51
2026,IN,Indiana Math and Science Academy - North,INDIANA MATH AND SCIENCE ACADEMY NORTH,1,refd,Relective Dialogue,Supplemental,Teacher,35
2026,IN,Indiana Math and Science Academy - West,INDIANA MATH AND SCIENCE ACADEMY WEST,1,refd,Relective Dialogue,Supplemental,Teacher,49
2026,MI,Michigan Math and Science Academy - Dequindre,MICHIGAN MATH AND SCIENCE ACADEMY DEQUINDRE,1,refd,Relective Dialogue,Supplemental,Teacher,44
2026,MI,Michigan Math and Science Academy - Lorraine,MICHIGAN MATH AND SCIENCE ACADEMY LORRAINE,8,refd,Relective Dialogue,Supplemental,Teacher,29
2026,MN,Minnesota Math and Science Academy,MINNESOTA MATH AND SCIENCE ACADEMY,1,refd,Relective Dialogue,Supplemental,Teacher,40
2026,Columbus,Noble Academy Columbus,NOBLE ACADEMY COLUMBUS,1,refd,Relective Dialogue,Supplemental,Teacher,43
2026,NO,Noble Academy Euclid,NOBLE ACADEMY EUCLID,1,refd,Relective Dialogue,Supplemental,Teacher,29
2026,MO,Gateway Science Academy - Smiley,GATEWAY SCIENCE ACADEMY SMILEY,8,scmt,School Commitment,Collaborative Teachers,Teacher,36
2026,MO,Gateway Science Academy - South,GATEWAY SCIENCE ACADEMY SOUTH,8,scmt,School Commitment,Collaborative Teachers,Teacher,21
2026,MO,Gateway Science Academy High - Fyler,GATEWAY SCIENCE ACADEMY HIGH FYLER,2,scmt,School Commitment,Collaborative Teachers,Teacher,58
2026,MO,Gateway Science Academy Middle - Fyler,GATEWAY SCIENCE ACADEMY MIDDLE FYLER,9,scmt,School Commitment,Collaborative Teachers,Teacher,46
2026,DC,Horizon Science Academy - Cincinnati,HORIZON SCIENCE ACADEMY CINCINNATI,1,scmt,School Commitment,Collaborative Teachers,Teacher,19
2026,NO,Horizon Science Academy - Cleveland High,HORIZON SCIENCE ACADEMY CLEVELAND HIGH,2,scmt,School Commitment,Collaborative Teachers,Teacher,40
2026,Columbus,Horizon Science Academy - Columbus Elementary,HORIZON SCIENCE ACADEMY COLUMBUS ELEMENTARY,8,scmt,School Commitment,Collaborative Teachers,Teacher,33
2026,Columbus,Horizon Science Academy - Columbus High Morse,HORIZON SCIENCE ACADEMY COLUMBUS HIGH MORSE,2,scmt,School Commitment,Collaborative Teachers,Teacher,47
2026,Columbus,Horizon Science Academy - Columbus High Westerville,HORIZON SCIENCE ACADEMY COLUMBUS HIGH WESTERVILLE,2,scmt,School Commitment,Collaborative Teachers,Teacher,41
2026,Columbus,Horizon Science Academy - Columbus Middle,HORIZON SCIENCE ACADEMY COLUMBUS MIDDLE,9,scmt,School Commitment,Collaborative Teachers,Teacher,42
2026,Columbus,Horizon Science Academy - Columbus Primary,HORIZON SCIENCE ACADEMY COLUMBUS PRIMARY,8,scmt,School Commitment,Collaborative Teachers,Teacher,30
2026,IA,Horizon Science Academy - Davenport,HORIZON SCIENCE ACADEMY DAVENPORT,1,scmt,School Commitment,Collaborative Teachers,Teacher,30
2026,DC,Horizon Science Academy - Dayton Downtown,HORIZON SCIENCE ACADEMY DAYTON DOWNTOWN,1,scmt,School Commitment,Collaborative Teachers,Teacher,16
2026,DC,Horizon Science Academy - Dayton Elementary,HORIZON SCIENCE ACADEMY DAYTON ELEMENTARY,8,scmt,School Commitment,Collaborative Teachers,Teacher,23
2026,DC,Horizon Science Academy - Dayton High,HORIZON SCIENCE ACADEMY DAYTON HIGH,2,scmt,School Commitment,Collaborative Teachers,Teacher,44
2026,,Horizon Science Academy - Denison,HORIZON SCIENCE ACADEMY DENISON,1,scmt,School Commitment,Collaborative Teachers,Teacher,51
2026,IA,Horizon Science Academy - Des Moines,HORIZON SCIENCE ACADEMY DES MOINES,8,scmt,School Commitment,Collaborative Teachers,Teacher,26
2026,,Horizon Science Academy - Lorain,HORIZON SCIENCE ACADEMY LORAIN,1,scmt,School Commitment,Collaborative Teachers,Teacher,46
2026,,Horizon Science Academy - Springfield,HORIZON SCIENCE ACADEMY SPRINGFIELD,1,scmt,School Commitment,Collaborative Teachers,Teacher,50
2026,,Horizon Science Academy - Toledo,HORIZON SCIENCE ACADEMY TOLEDO,1,scmt,School Commitment,Collaborative Teachers,Teacher,51
2026,MN,Horizon Science Academy - Twin Cities,HORIZON SCIENCE ACADEMY TWIN CITIES,1,scmt,School Commitment,Collaborative Teachers,Teacher,39
2026,,Horizon Science Academy - Westerville,HORIZON SCIENCE ACADEMY WESTERVILLE,1,scmt,School Commitment,Collaborative Teachers,Teacher,56
2026,,Horizon Science Academy - Youngstown,HORIZON SCIENCE ACADEMY YOUNGSTOWN,1,scmt,School Commitment,Collaborative Teachers,Teacher,53
2026,IN,Indiana Math and Science Academy - North,INDIANA MATH AND SCIENCE ACADEMY NORTH,1,scmt,School Commitment,Collaborative Teachers,Teacher,37
2026,IN,Indiana Math and Science Academy - West,INDIANA MATH AND SCIENCE ACADEMY WEST,1,scmt,School Commitment,Collaborative Teachers,Teacher,61
2026,MI,Michigan Math and Science Academy - Dequindre,MICHIGAN MATH AND SCIENCE ACADEMY DEQUINDRE,1,scmt,School Commitment,Collaborative Teachers,Teacher,30
2026,MI,Michigan Math and Science Academy - Lorraine,MICHIGAN MATH AND SCIENCE ACADEMY LORRAINE,8,scmt,School Commitment,Collaborative Teachers,Teacher,36
2026,MN,Minnesota Math and Science Academy,MINNESOTA MATH AND SCIENCE ACADEMY,1,scmt,School Commitment,Collaborative Teachers,Teacher,45
2026,Columbus,Noble Academy Columbus,NOBLE ACADEMY COLUMBUS,1,scmt,School Commitment,Collaborative Teachers,Teacher,44
2026,NO,Noble Academy Euclid,NOBLE ACADEMY EUCLID,1,scmt,School Commitment,Collaborative Teachers,Teacher,33
2026,MO,Gateway Science Academy - Smiley,GATEWAY SCIENCE ACADEMY SMILEY,8,sdis,Quality of Student Discussion,Ambitious Instruction,Teacher,28
2026,MO,Gateway Science Academy - South,GATEWAY SCIENCE ACADEMY SOUTH,8,sdis,Quality of Student Discussion,Ambitious Instruction,Teacher,42
2026,MO,Gateway Science Academy High - Fyler,GATEWAY SCIENCE ACADEMY HIGH FYLER,2,sdis,Quality of Student Discussion,Ambitious Instruction,Teacher,51
2026,MO,Gateway Science Academy Middle - Fyler,GATEWAY SCIENCE ACADEMY MIDDLE FYLER,9,sdis,Quality of Student Discussion,Ambitious Instruction,Teacher,45
2026,DC,Horizon Science Academy - Cincinnati,HORIZON SCIENCE ACADEMY CINCINNATI,1,sdis,Quality of Student Discussion,Ambitious Instruction,Teacher,16
2026,NO,Horizon Science Academy - Cleveland High,HORIZON SCIENCE ACADEMY CLEVELAND HIGH,2,sdis,Quality of Student Discussion,Ambitious Instruction,Teacher,33
2026,Columbus,Horizon Science Academy - Columbus Elementary,HORIZON SCIENCE ACADEMY COLUMBUS ELEMENTARY,8,sdis,Quality of Student Discussion,Ambitious Instruction,Teacher,21
2026,Columbus,Horizon Science Academy - Columbus High Morse,HORIZON SCIENCE ACADEMY COLUMBUS HIGH MORSE,2,sdis,Quality of Student Discussion,Ambitious Instruction,Teacher,49
2026,Columbus,Horizon Science Academy - Columbus High Westerville,HORIZON SCIENCE ACADEMY COLUMBUS HIGH WESTERVILLE,2,sdis,Quality of Student Discussion,Ambitious Instruction,Teacher,60
2026,Columbus,Horizon Science Academy - Columbus Middle,HORIZON SCIENCE ACADEMY COLUMBUS MIDDLE,9,sdis,Quality of Student Discussion,Ambitious Instruction,Teacher,40
2026,Columbus,Horizon Science Academy - Columbus Primary,HORIZON SCIENCE ACADEMY COLUMBUS PRIMARY,8,sdis,Quality of Student Discussion,Ambitious Instruction,Teacher,23
2026,IA,Horizon Science Academy - Davenport,HORIZON SCIENCE ACADEMY DAVENPORT,1,sdis,Quality of Student Discussion,Ambitious Instruction,Teacher,43
2026,DC,Horizon Science Academy - Dayton Downtown,HORIZON SCIENCE ACADEMY DAYTON DOWNTOWN,1,sdis,Quality of Student Discussion,Ambitious Instruction,Teacher,12
2026,DC,Horizon Science Academy - Dayton Elementary,HORIZON SCIENCE ACADEMY DAYTON ELEMENTARY,8,sdis,Quality of Student Discussion,Ambitious Instruction,Teacher,21
2026,DC,Horizon Science Academy - Dayton High,HORIZON SCIENCE ACADEMY DAYTON HIGH,2,sdis,Quality of Student Discussion,Ambitious Instruction,Teacher,47
2026,,Horizon Science Academy - Denison,HORIZON SCIENCE ACADEMY DENISON,1,sdis,Quality of Student Discussion,Ambitious Instruction,Teacher,43
2026,IA,Horizon Science Academy - Des Moines,HORIZON SCIENCE ACADEMY DES MOINES,8,sdis,Quality of Student Discussion,Ambitious Instruction,Teacher,37
2026,,Horizon Science Academy - Lorain,HORIZON SCIENCE ACADEMY LORAIN,1,sdis,Quality of Student Discussion,Ambitious Instruction,Teacher,41
2026,,Horizon Science Academy - Springfield,HORIZON SCIENCE ACADEMY SPRINGFIELD,1,sdis,Quality of Student Discussion,Ambitious Instruction,Teacher,44
2026,,Horizon Science Academy - Toledo,HORIZON SCIENCE ACADEMY TOLEDO,1,sdis,Quality of Student Discussion,Ambitious Instruction,Teacher,46
2026,MN,Horizon Science Academy - Twin Cities,HORIZON SCIENCE ACADEMY TWIN CITIES,1,sdis,Quality of Student Discussion,Ambitious Instruction,Teacher,53
2026,,Horizon Science Academy - Westerville,HORIZON SCIENCE ACADEMY WESTERVILLE,1,sdis,Quality of Student Discussion,Ambitious Instruction,Teacher,64
2026,,Horizon Science Academy - Youngstown,HORIZON SCIENCE ACADEMY YOUNGSTOWN,1,sdis,Quality of Student Discussion,Ambitious Instruction,Teacher,54
2026,IN,Indiana Math and Science Academy - North,INDIANA MATH AND SCIENCE ACADEMY NORTH,1,sdis,Quality of Student Discussion,Ambitious Instruction,Teacher,39
2026,IN,Indiana Math and Science Academy - West,INDIANA MATH AND SCIENCE ACADEMY WEST,1,sdis,Quality of Student Discussion,Ambitious Instruction,Teacher,55
2026,MI,Michigan Math and Science Academy - Dequindre,MICHIGAN MATH AND SCIENCE ACADEMY DEQUINDRE,1,sdis,Quality of Student Discussion,Ambitious Instruction,Teacher,44
2026,MI,Michigan Math and Science Academy - Lorraine,MICHIGAN MATH AND SCIENCE ACADEMY LORRAINE,8,sdis,Quality of Student Discussion,Ambitious Instruction,Teacher,32
2026,MN,Minnesota Math and Science Academy,MINNESOTA MATH AND SCIENCE ACADEMY,1,sdis,Quality of Student Discussion,Ambitious Instruction,Teacher,39
2026,Columbus,Noble Academy Columbus,NOBLE ACADEMY COLUMBUS,1,sdis,Quality of Student Discussion,Ambitious Instruction,Teacher,55
2026,NO,Noble Academy Euclid,NOBLE ACADEMY EUCLID,1,sdis,Quality of Student Discussion,Ambitious Instruction,Teacher,30
2026,MO,Gateway Science Academy - Smiley,GATEWAY SCIENCE ACADEMY SMILEY,8,socz,Socialization of New Teachers,Supplemental,Teacher,37
2026,MO,Gateway Science Academy - South,GATEWAY SCIENCE ACADEMY SOUTH,8,socz,Socialization of New Teachers,Supplemental,Teacher,34
2026,MO,Gateway Science Academy High - Fyler,GATEWAY SCIENCE ACADEMY HIGH FYLER,2,socz,Socialization of New Teachers,Supplemental,Teacher,45
2026,MO,Gateway Science Academy Middle - Fyler,GATEWAY SCIENCE ACADEMY MIDDLE FYLER,9,socz,Socialization of New Teachers,Supplemental,Teacher,41
2026,DC,Horizon Science Academy - Cincinnati,HORIZON SCIENCE ACADEMY CINCINNATI,1,socz,Socialization of New Teachers,Supplemental,Teacher,15
2026,NO,Horizon Science Academy - Cleveland High,HORIZON SCIENCE ACADEMY CLEVELAND HIGH,2,socz,Socialization of New Teachers,Supplemental,Teacher,40
2026,Columbus,Horizon Science Academy - Columbus Elementary,HORIZON SCIENCE ACADEMY COLUMBUS ELEMENTARY,8,socz,Socialization of New Teachers,Supplemental,Teacher,21
2026,Columbus,Horizon Science Academy - Columbus High Morse,HORIZON SCIENCE ACADEMY COLUMBUS HIGH MORSE,2,socz,Socialization of New Teachers,Supplemental,Teacher,35
2026,Columbus,Horizon Science Academy - Columbus High Westerville,HORIZON SCIENCE ACADEMY COLUMBUS HIGH WESTERVILLE,2,socz,Socialization of New Teachers,Supplemental,Teacher,30
2026,Columbus,Horizon Science Academy - Columbus Middle,HORIZON SCIENCE ACADEMY COLUMBUS MIDDLE,9,socz,Socialization of New Teachers,Supplemental,Teacher,22
2026,Columbus,Horizon Science Academy - Columbus Primary,HORIZON SCIENCE ACADEMY COLUMBUS PRIMARY,8,socz,Socialization of New Teachers,Supplemental,Teacher,25
2026,IA,Horizon Science Academy - Davenport,HORIZON SCIENCE ACADEMY DAVENPORT,1,socz,Socialization of New Teachers,Supplemental,Teacher,19
2026,DC,Horizon Science Academy - Dayton Downtown,HORIZON SCIENCE ACADEMY DAYTON DOWNTOWN,1,socz,Socialization of New Teachers,Supplemental,Teacher,18
2026,DC,Horizon Science Academy - Dayton Elementary,HORIZON SCIENCE ACADEMY DAYTON ELEMENTARY,8,socz,Socialization of New Teachers,Supplemental,Teacher,1
2026,DC,Horizon Science Academy - Dayton High,HORIZON SCIENCE ACADEMY DAYTON HIGH,2,socz,Socialization of New Teachers,Supplemental,Teacher,63
2026,,Horizon Science Academy - Denison,HORIZON SCIENCE ACADEMY DENISON,1,socz,Socialization of New Teachers,Supplemental,Teacher,39
2026,IA,Horizon Science Academy - Des Moines,HORIZON SCIENCE ACADEMY DES MOINES,8,socz,Socialization of New Teachers,Supplemental,Teacher,7
2026,,Horizon Science Academy - Lorain,HORIZON SCIENCE ACADEMY LORAIN,1,socz,Socialization of New Teachers,Supplemental,Teacher,36
2026,,Horizon Science Academy - Springfield,HORIZON SCIENCE ACADEMY SPRINGFIELD,1,socz,Socialization of New Teachers,Supplemental,Teacher,31
2026,,Horizon Science Academy - Toledo,HORIZON SCIENCE ACADEMY TOLEDO,1,socz,Socialization of New Teachers,Supplemental,Teacher,56
2026,MN,Horizon Science Academy - Twin Cities,HORIZON SCIENCE ACADEMY TWIN CITIES,1,socz,Socialization of New Teachers,Supplemental,Teacher,59
2026,,Horizon Science Academy - Westerville,HORIZON SCIENCE ACADEMY WESTERVILLE,1,socz,Socialization of New Teachers,Supplemental,Teacher,42
2026,,Horizon Science Academy - Youngstown,HORIZON SCIENCE ACADEMY YOUNGSTOWN,1,socz,Socialization of New Teachers,Supplemental,Teacher,38
2026,IN,Indiana Math and Science Academy - North,INDIANA MATH AND SCIENCE ACADEMY NORTH,1,socz,Socialization of New Teachers,Supplemental,Teacher,43
2026,IN,Indiana Math and Science Academy - West,INDIANA MATH AND SCIENCE ACADEMY WEST,1,socz,Socialization of New Teachers,Supplemental,Teacher,36
2026,MI,Michigan Math and Science Academy - Dequindre,MICHIGAN MATH AND SCIENCE ACADEMY DEQUINDRE,1,socz,Socialization of New Teachers,Supplemental,Teacher,66
2026,MI,Michigan Math and Science Academy - Lorraine,MICHIGAN MATH AND SCIENCE ACADEMY LORRAINE,8,socz,Socialization of New Teachers,Supplemental,Teacher,44
2026,MN,Minnesota Math and Science Academy,MINNESOTA MATH AND SCIENCE ACADEMY,1,socz,Socialization of New Teachers,Supplemental,Teacher,52
2026,Columbus,Noble Academy Columbus,NOBLE ACADEMY COLUMBUS,1,socz,Socialization of New Teachers,Supplemental,Teacher,36
2026,NO,Noble Academy Euclid,NOBLE ACADEMY EUCLID,1,socz,Socialization of New Teachers,Supplemental,Teacher,28
2026,MO,Gateway Science Academy - Smiley,GATEWAY SCIENCE ACADEMY SMILEY,8,trpa,Teacher-Parent Trust,Involved Families,Teacher,35
2026,MO,Gateway Science Academy - South,GATEWAY SCIENCE ACADEMY SOUTH,8,trpa,Teacher-Parent Trust,Involved Families,Teacher,41
2026,MO,Gateway Science Academy High - Fyler,GATEWAY SCIENCE ACADEMY HIGH FYLER,2,trpa,Teacher-Parent Trust,Involved Families,Teacher,63
2026,MO,Gateway Science Academy Middle - Fyler,GATEWAY SCIENCE ACADEMY MIDDLE FYLER,9,trpa,Teacher-Parent Trust,Involved Families,Teacher,58
2026,DC,Horizon Science Academy - Cincinnati,HORIZON SCIENCE ACADEMY CINCINNATI,1,trpa,Teacher-Parent Trust,Involved Families,Teacher,19
2026,NO,Horizon Science Academy - Cleveland High,HORIZON SCIENCE ACADEMY CLEVELAND HIGH,2,trpa,Teacher-Parent Trust,Involved Families,Teacher,51
2026,Columbus,Horizon Science Academy - Columbus Elementary,HORIZON SCIENCE ACADEMY COLUMBUS ELEMENTARY,8,trpa,Teacher-Parent Trust,Involved Families,Teacher,37
2026,Columbus,Horizon Science Academy - Columbus High Morse,HORIZON SCIENCE ACADEMY COLUMBUS HIGH MORSE,2,trpa,Teacher-Parent Trust,Involved Families,Teacher,35
2026,Columbus,Horizon Science Academy - Columbus High Westerville,HORIZON SCIENCE ACADEMY COLUMBUS HIGH WESTERVILLE,2,trpa,Teacher-Parent Trust,Involved Families,Teacher,43
2026,Columbus,Horizon Science Academy - Columbus Middle,HORIZON SCIENCE ACADEMY COLUMBUS MIDDLE,9,trpa,Teacher-Parent Trust,Involved Families,Teacher,53
2026,Columbus,Horizon Science Academy - Columbus Primary,HORIZON SCIENCE ACADEMY COLUMBUS PRIMARY,8,trpa,Teacher-Parent Trust,Involved Families,Teacher,33
2026,IA,Horizon Science Academy - Davenport,HORIZON SCIENCE ACADEMY DAVENPORT,1,trpa,Teacher-Parent Trust,Involved Families,Teacher,29
2026,DC,Horizon Science Academy - Dayton Downtown,HORIZON SCIENCE ACADEMY DAYTON DOWNTOWN,1,trpa,Teacher-Parent Trust,Involved Families,Teacher,19
2026,DC,Horizon Science Academy - Dayton Elementary,HORIZON SCIENCE ACADEMY DAYTON ELEMENTARY,8,trpa,Teacher-Parent Trust,Involved Families,Teacher,18
2026,DC,Horizon Science Academy - Dayton High,HORIZON SCIENCE ACADEMY DAYTON HIGH,2,trpa,Teacher-Parent Trust,Involved Families,Teacher,55
2026,,Horizon Science Academy - Denison,HORIZON SCIENCE ACADEMY DENISON,1,trpa,Teacher-Parent Trust,Involved Families,Teacher,40
2026,IA,Horizon Science Academy - Des Moines,HORIZON SCIENCE ACADEMY DES MOINES,8,trpa,Teacher-Parent Trust,Involved Families,Teacher,47
2026,,Horizon Science Academy - Lorain,HORIZON SCIENCE ACADEMY LORAIN,1,trpa,Teacher-Parent Trust,Involved Families,Teacher,36
2026,,Horizon Science Academy - Springfield,HORIZON SCIENCE ACADEMY SPRINGFIELD,1,trpa,Teacher-Parent Trust,Involved Families,Teacher,29
2026,,Horizon Science Academy - Toledo,HORIZON SCIENCE ACADEMY TOLEDO,1,trpa,Teacher-Parent Trust,Involved Families,Teacher,43
2026,MN,Horizon Science Academy - Twin Cities,HORIZON SCIENCE ACADEMY TWIN CITIES,1,trpa,Teacher-Parent Trust,Involved Families,Teacher,56
2026,,Horizon Science Academy - Westerville,HORIZON SCIENCE ACADEMY WESTERVILLE,1,trpa,Teacher-Parent Trust,Involved Families,Teacher,75
2026,,Horizon Science Academy - Youngstown,HORIZON SCIENCE ACADEMY YOUNGSTOWN,1,trpa,Teacher-Parent Trust,Involved Families,Teacher,33
2026,IN,Indiana Math and Science Academy - North,INDIANA MATH AND SCIENCE ACADEMY NORTH,1,trpa,Teacher-Parent Trust,Involved Families,Teacher,39
2026,IN,Indiana Math and Science Academy - West,INDIANA MATH AND SCIENCE ACADEMY WEST,1,trpa,Teacher-Parent Trust,Involved Families,Teacher,52
2026,MI,Michigan Math and Science Academy - Dequindre,MICHIGAN MATH AND SCIENCE ACADEMY DEQUINDRE,1,trpa,Teacher-Parent Trust,Involved Families,Teacher,36
2026,MI,Michigan Math and Science Academy - Lorraine,MICHIGAN MATH AND SCIENCE ACADEMY LORRAINE,8,trpa,Teacher-Parent Trust,Involved Families,Teacher,34
2026,MN,Minnesota Math and Science Academy,MINNESOTA MATH AND SCIENCE ACADEMY,1,trpa,Teacher-Parent Trust,Involved Families,Teacher,39
2026,Columbus,Noble Academy Columbus,NOBLE ACADEMY COLUMBUS,1,trpa,Teacher-Parent Trust,Involved Families,Teacher,55
2026,NO,Noble Academy Euclid,NOBLE ACADEMY EUCLID,1,trpa,Teacher-Parent Trust,Involved Families,Teacher,34
2026,MO,Gateway Science Academy - Smiley,GATEWAY SCIENCE ACADEMY SMILEY,8,trpr,Teacher-Principal Trust,Effective Leaders,Teacher,33
2026,MO,Gateway Science Academy - South,GATEWAY SCIENCE ACADEMY SOUTH,8,trpr,Teacher-Principal Trust,Effective Leaders,Teacher,35
2026,MO,Gateway Science Academy High - Fyler,GATEWAY SCIENCE ACADEMY HIGH FYLER,2,trpr,Teacher-Principal Trust,Effective Leaders,Teacher,49
2026,MO,Gateway Science Academy Middle - Fyler,GATEWAY SCIENCE ACADEMY MIDDLE FYLER,9,trpr,Teacher-Principal Trust,Effective Leaders,Teacher,37
2026,DC,Horizon Science Academy - Cincinnati,HORIZON SCIENCE ACADEMY CINCINNATI,1,trpr,Teacher-Principal Trust,Effective Leaders,Teacher,29
2026,NO,Horizon Science Academy - Cleveland High,HORIZON SCIENCE ACADEMY CLEVELAND HIGH,2,trpr,Teacher-Principal Trust,Effective Leaders,Teacher,61
2026,Columbus,Horizon Science Academy - Columbus Elementary,HORIZON SCIENCE ACADEMY COLUMBUS ELEMENTARY,8,trpr,Teacher-Principal Trust,Effective Leaders,Teacher,41
2026,Columbus,Horizon Science Academy - Columbus High Morse,HORIZON SCIENCE ACADEMY COLUMBUS HIGH MORSE,2,trpr,Teacher-Principal Trust,Effective Leaders,Teacher,66
2026,Columbus,Horizon Science Academy - Columbus High Westerville,HORIZON SCIENCE ACADEMY COLUMBUS HIGH WESTERVILLE,2,trpr,Teacher-Principal Trust,Effective Leaders,Teacher,37
2026,Columbus,Horizon Science Academy - Columbus Middle,HORIZON SCIENCE ACADEMY COLUMBUS MIDDLE,9,trpr,Teacher-Principal Trust,Effective Leaders,Teacher,33
2026,Columbus,Horizon Science Academy - Columbus Primary,HORIZON SCIENCE ACADEMY COLUMBUS PRIMARY,8,trpr,Teacher-Principal Trust,Effective Leaders,Teacher,46
2026,IA,Horizon Science Academy - Davenport,HORIZON SCIENCE ACADEMY DAVENPORT,1,trpr,Teacher-Principal Trust,Effective Leaders,Teacher,40
2026,DC,Horizon Science Academy - Dayton Downtown,HORIZON SCIENCE ACADEMY DAYTON DOWNTOWN,1,trpr,Teacher-Principal Trust,Effective Leaders,Teacher,36
2026,DC,Horizon Science Academy - Dayton Elementary,HORIZON SCIENCE ACADEMY DAYTON ELEMENTARY,8,trpr,Teacher-Principal Trust,Effective Leaders,Teacher,47
2026,DC,Horizon Science Academy - Dayton High,HORIZON SCIENCE ACADEMY DAYTON HIGH,2,trpr,Teacher-Principal Trust,Effective Leaders,Teacher,49
2026,,Horizon Science Academy - Denison,HORIZON SCIENCE ACADEMY DENISON,1,trpr,Teacher-Principal Trust,Effective Leaders,Teacher,63
2026,IA,Horizon Science Academy - Des Moines,HORIZON SCIENCE ACADEMY DES MOINES,8,trpr,Teacher-Principal Trust,Effective Leaders,Teacher,47
2026,,Horizon Science Academy - Lorain,HORIZON SCIENCE ACADEMY LORAIN,1,trpr,Teacher-Principal Trust,Effective Leaders,Teacher,48
2026,,Horizon Science Academy - Springfield,HORIZON SCIENCE ACADEMY SPRINGFIELD,1,trpr,Teacher-Principal Trust,Effective Leaders,Teacher,45
2026,,Horizon Science Academy - Toledo,HORIZON SCIENCE ACADEMY TOLEDO,1,trpr,Teacher-Principal Trust,Effective Leaders,Teacher,64
2026,MN,Horizon Science Academy - Twin Cities,HORIZON SCIENCE ACADEMY TWIN CITIES,1,trpr,Teacher-Principal Trust,Effective Leaders,Teacher,49
2026,,Horizon Science Academy - Westerville,HORIZON SCIENCE ACADEMY WESTERVILLE,1,trpr,Teacher-Principal Trust,Effective Leaders,Teacher,61
2026,,Horizon Science Academy - Youngstown,HORIZON SCIENCE ACADEMY YOUNGSTOWN,1,trpr,Teacher-Principal Trust,Effective Leaders,Teacher,52
2026,IN,Indiana Math and Science Academy - North,INDIANA MATH AND SCIENCE ACADEMY NORTH,1,trpr,Teacher-Principal Trust,Effective Leaders,Teacher,45
2026,IN,Indiana Math and Science Academy - West,INDIANA MATH AND SCIENCE ACADEMY WEST,1,trpr,Teacher-Principal Trust,Effective Leaders,Teacher,54
2026,MI,Michigan Math and Science Academy - Dequindre,MICHIGAN MATH AND SCIENCE ACADEMY DEQUINDRE,1,trpr,Teacher-Principal Trust,Effective Leaders,Teacher,50
2026,MI,Michigan Math and Science Academy - Lorraine,MICHIGAN MATH AND SCIENCE ACADEMY LORRAINE,8,trpr,Teacher-Principal Trust,Effective Leaders,Teacher,57
2026,MN,Minnesota Math and Science Academy,MINNESOTA MATH AND SCIENCE ACADEMY,1,trpr,Teacher-Principal Trust,Effective Leaders,Teacher,59
2026,Columbus,Noble Academy Columbus,NOBLE ACADEMY COLUMBUS,1,trpr,Teacher-Principal Trust,Effective Leaders,Teacher,48
2026,NO,Noble Academy Euclid,NOBLE ACADEMY EUCLID,1,trpr,Teacher-Principal Trust,Effective Leaders,Teacher,34
2026,MO,Gateway Science Academy - Smiley,GATEWAY SCIENCE ACADEMY SMILEY,8,trte,Teacher-Teacher Trust,Collaborative Teachers,Teacher,50
2026,MO,Gateway Science Academy - South,GATEWAY SCIENCE ACADEMY SOUTH,8,trte,Teacher-Teacher Trust,Collaborative Teachers,Teacher,39
2026,MO,Gateway Science Academy High - Fyler,GATEWAY SCIENCE ACADEMY HIGH FYLER,2,trte,Teacher-Teacher Trust,Collaborative Teachers,Teacher,64
2026,MO,Gateway Science Academy Middle - Fyler,GATEWAY SCIENCE ACADEMY MIDDLE FYLER,9,trte,Teacher-Teacher Trust,Collaborative Teachers,Teacher,43
2026,DC,Horizon Science Academy - Cincinnati,HORIZON SCIENCE ACADEMY CINCINNATI,1,trte,Teacher-Teacher Trust,Collaborative Teachers,Teacher,38
2026,NO,Horizon Science Academy - Cleveland High,HORIZON SCIENCE ACADEMY CLEVELAND HIGH,2,trte,Teacher-Teacher Trust,Collaborative Teachers,Teacher,46
2026,Columbus,Horizon Science Academy - Columbus Elementary,HORIZON SCIENCE ACADEMY COLUMBUS ELEMENTARY,8,trte,Teacher-Teacher Trust,Collaborative Teachers,Teacher,41
2026,Columbus,Horizon Science Academy - Columbus High Morse,HORIZON SCIENCE ACADEMY COLUMBUS HIGH MORSE,2,trte,Teacher-Teacher Trust,Collaborative Teachers,Teacher,56
2026,Columbus,Horizon Science Academy - Columbus High Westerville,HORIZON SCIENCE ACADEMY COLUMBUS HIGH WESTERVILLE,2,trte,Teacher-Teacher Trust,Collaborative Teachers,Teacher,58
2026,Columbus,Horizon Science Academy - Columbus Middle,HORIZON SCIENCE ACADEMY COLUMBUS MIDDLE,9,trte,Teacher-Teacher Trust,Collaborative Teachers,Teacher,26
2026,Columbus,Horizon Science Academy - Columbus Primary,HORIZON SCIENCE ACADEMY COLUMBUS PRIMARY,8,trte,Teacher-Teacher Trust,Collaborative Teachers,Teacher,27
2026,IA,Horizon Science Academy - Davenport,HORIZON SCIENCE ACADEMY DAVENPORT,1,trte,Teacher-Teacher Trust,Collaborative Teachers,Teacher,30
2026,DC,Horizon Science Academy - Dayton Downtown,HORIZON SCIENCE ACADEMY DAYTON DOWNTOWN,1,trte,Teacher-Teacher Trust,Collaborative Teachers,Teacher,21
2026,DC,Horizon Science Academy - Dayton Elementary,HORIZON SCIENCE ACADEMY DAYTON ELEMENTARY,8,trte,Teacher-Teacher Trust,Collaborative Teachers,Teacher,31
2026,DC,Horizon Science Academy - Dayton High,HORIZON SCIENCE ACADEMY DAYTON HIGH,2,trte,Teacher-Teacher Trust,Collaborative Teachers,Teacher,70
2026,,Horizon Science Academy - Denison,HORIZON SCIENCE ACADEMY DENISON,1,trte,Teacher-Teacher Trust,Collaborative Teachers,Teacher,40
2026,IA,Horizon Science Academy - Des Moines,HORIZON SCIENCE ACADEMY DES MOINES,8,trte,Teacher-Teacher Trust,Collaborative Teachers,Teacher,31
2026,,Horizon Science Academy - Lorain,HORIZON SCIENCE ACADEMY LORAIN,1,trte,Teacher-Teacher Trust,Collaborative Teachers,Teacher,42
2026,,Horizon Science Academy - Springfield,HORIZON SCIENCE ACADEMY SPRINGFIELD,1,trte,Teacher-Teacher Trust,Collaborative Teachers,Teacher,34
2026,,Horizon Science Academy - Toledo,HORIZON SCIENCE ACADEMY TOLEDO,1,trte,Teacher-Teacher Trust,Collaborative Teachers,Teacher,37
2026,MN,Horizon Science Academy - Twin Cities,HORIZON SCIENCE ACADEMY TWIN CITIES,1,trte,Teacher-Teacher Trust,Collaborative Teachers,Teacher,60
2026,,Horizon Science Academy - Westerville,HORIZON SCIENCE ACADEMY WESTERVILLE,1,trte,Teacher-Teacher Trust,Collaborative Teachers,Teacher,54
2026,,Horizon Science Academy - Youngstown,HORIZON SCIENCE ACADEMY YOUNGSTOWN,1,trte,Teacher-Teacher Trust,Collaborative Teachers,Teacher,37
2026,IN,Indiana Math and Science Academy - North,INDIANA MATH AND SCIENCE ACADEMY NORTH,1,trte,Teacher-Teacher Trust,Collaborative Teachers,Teacher,40
2026,IN,Indiana Math and Science Academy - West,INDIANA MATH AND SCIENCE ACADEMY WEST,1,trte,Teacher-Teacher Trust,Collaborative Teachers,Teacher,40
2026,MI,Michigan Math and Science Academy - Dequindre,MICHIGAN MATH AND SCIENCE ACADEMY DEQUINDRE,1,trte,Teacher-Teacher Trust,Collaborative Teachers,Teacher,45
2026,MI,Michigan Math and Science Academy - Lorraine,MICHIGAN MATH AND SCIENCE ACADEMY LORRAINE,8,trte,Teacher-Teacher Trust,Collaborative Teachers,Teacher,59
2026,MN,Minnesota Math and Science Academy,MINNESOTA MATH AND SCIENCE ACADEMY,1,trte,Teacher-Teacher Trust,Collaborative Teachers,Teacher,56
2026,Columbus,Noble Academy Columbus,NOBLE ACADEMY COLUMBUS,1,trte,Teacher-Teacher Trust,Collaborative Teachers,Teacher,44
2026,NO,Noble Academy Euclid,NOBLE ACADEMY EUCLID,1,trte,Teacher-Teacher Trust,Collaborative Teachers,Teacher,47
2026,MO,Gateway Science Academy High - Fyler,GATEWAY SCIENCE ACADEMY HIGH FYLER,2,uexp,Expectations for Post Secondary Education,Supportive Environment (grades 9-12),Teacher,67
2026,NO,Horizon Science Academy - Cleveland High,HORIZON SCIENCE ACADEMY CLEVELAND HIGH,2,uexp,Expectations for Post Secondary Education,Supportive Environment (grades 9-12),Teacher,53
2026,Columbus,Horizon Science Academy - Columbus High Morse,HORIZON SCIENCE ACADEMY COLUMBUS HIGH MORSE,2,uexp,Expectations for Post Secondary Education,Supportive Environment (grades 9-12),Teacher,54
2026,Columbus,Horizon Science Academy - Columbus High Westerville,HORIZON SCIENCE ACADEMY COLUMBUS HIGH WESTERVILLE,2,uexp,Expectations for Post Secondary Education,Supportive Environment (grades 9-12),Teacher,64
2026,DC,Horizon Science Academy - Dayton High,HORIZON SCIENCE ACADEMY DAYTON HIGH,2,uexp,Expectations for Post Secondary Education,Supportive Environment (grades 9-12),Teacher,56
2026,,Horizon Science Academy - Lorain,HORIZON SCIENCE ACADEMY LORAIN,1,uexp,Expectations for Post Secondary Education,Supportive Environment (grades 9-12),Teacher,50
2026,,Horizon Science Academy - Toledo,HORIZON SCIENCE ACADEMY TOLEDO,1,uexp,Expectations for Post Secondary Education,Supportive Environment (grades 9-12),Teacher,48
2026,IN,Indiana Math and Science Academy - North,INDIANA MATH AND SCIENCE ACADEMY NORTH,1,uexp,Expectations for Post Secondary Education,Supportive Environment (grades 9-12),Teacher,56
2026,MI,Michigan Math and Science Academy - Dequindre,MICHIGAN MATH AND SCIENCE ACADEMY DEQUINDRE,1,uexp,Expectations for Post Secondary Education,Supportive Environment (grades 9-12),Teacher,57
2026,MN,Minnesota Math and Science Academy,MINNESOTA MATH AND SCIENCE ACADEMY,1,uexp,Expectations for Post Secondary Education,Supportive Environment (grades 9-12),Teacher,48
2026,MO,Gateway Science Academy - Smiley,GATEWAY SCIENCE ACADEMY SMILEY,8,acno,Peer Support for Academic Work,Supportive Environment (grades 4-8),Student,31
2026,MO,Gateway Science Academy - South,GATEWAY SCIENCE ACADEMY SOUTH,8,acno,Peer Support for Academic Work,Supportive Environment (grades 4-8),Student,32
2026,MO,Gateway Science Academy High - Fyler,GATEWAY SCIENCE ACADEMY HIGH FYLER,2,acno,Peer Support for Academic Work,Supportive Environment (grades 4-8),Student,42
2026,MO,Gateway Science Academy Middle - Fyler,GATEWAY SCIENCE ACADEMY MIDDLE FYLER,9,acno,Peer Support for Academic Work,Supportive Environment (grades 4-8),Student,36
2026,DC,Horizon Science Academy - Cincinnati,HORIZON SCIENCE ACADEMY CINCINNATI,1,acno,Peer Support for Academic Work,Supportive Environment (grades 4-8),Student,48
2026,NO,Horizon Science Academy - Cleveland Elementary,HORIZON SCIENCE ACADEMY CLEVELAND ELEMENTARY,1,acno,Peer Support for Academic Work,Supportive Environment (grades 4-8),Student,24
2026,NO,Horizon Science Academy - Cleveland High,HORIZON SCIENCE ACADEMY CLEVELAND HIGH,2,acno,Peer Support for Academic Work,Supportive Environment (grades 4-8),Student,32
2026,Columbus,Horizon Science Academy - Columbus Elementary,HORIZON SCIENCE ACADEMY COLUMBUS ELEMENTARY,8,acno,Peer Support for Academic Work,Supportive Environment (grades 4-8),Student,26
2026,Columbus,Horizon Science Academy - Columbus High Morse,HORIZON SCIENCE ACADEMY COLUMBUS HIGH MORSE,2,acno,Peer Support for Academic Work,Supportive Environment (grades 4-8),Student,53
2026,Columbus,Horizon Science Academy - Columbus High Westerville,HORIZON SCIENCE ACADEMY COLUMBUS HIGH WESTERVILLE,2,acno,Peer Support for Academic Work,Supportive Environment (grades 4-8),Student,81
2026,Columbus,Horizon Science Academy - Columbus Middle,HORIZON SCIENCE ACADEMY COLUMBUS MIDDLE,9,acno,Peer Support for Academic Work,Supportive Environment (grades 4-8),Student,42
2026,DC,Horizon Science Academy - Dayton Downtown,HORIZON SCIENCE ACADEMY DAYTON DOWNTOWN,1,acno,Peer Support for Academic Work,Supportive Environment (grades 4-8),Student,19
2026,DC,Horizon Science Academy - Dayton Elementary,HORIZON SCIENCE ACADEMY DAYTON ELEMENTARY,8,acno,Peer Support for Academic Work,Supportive Environment (grades 4-8),Student,39
2026,DC,Horizon Science Academy - Dayton High,HORIZON SCIENCE ACADEMY DAYTON HIGH,2,acno,Peer Support for Academic Work,Supportive Environment (grades 4-8),Student,46
2026,,Horizon Science Academy - Denison,HORIZON SCIENCE ACADEMY DENISON,1,acno,Peer Support for Academic Work,Supportive Environment (grades 4-8),Student,28
2026,IA,Horizon Science Academy - Des Moines,HORIZON SCIENCE ACADEMY DES MOINES,8,acno,Peer Support for Academic Work,Supportive Environment (grades 4-8),Student,1
2026,,Horizon Science Academy - Lorain,HORIZON SCIENCE ACADEMY LORAIN,1,acno,Peer Support for Academic Work,Supportive Environment (grades 4-8),Student,24
2026,,Horizon Science Academy - New Bedford,HORIZON SCIENCE ACADEMY NEW BEDFORD,1,acno,Peer Support for Academic Work,Supportive Environment (grades 4-8),Student,38
2026,,Horizon Science Academy - Springfield,HORIZON SCIENCE ACADEMY SPRINGFIELD,1,acno,Peer Support for Academic Work,Supportive Environment (grades 4-8),Student,33
2026,,Horizon Science Academy - Toledo,HORIZON SCIENCE ACADEMY TOLEDO,1,acno,Peer Support for Academic Work,Supportive Environment (grades 4-8),Student,17
2026,MN,Horizon Science Academy - Twin Cities,HORIZON SCIENCE ACADEMY TWIN CITIES,1,acno,Peer Support for Academic Work,Supportive Environment (grades 4-8),Student,49
2026,,Horizon Science Academy - Westerville,HORIZON SCIENCE ACADEMY WESTERVILLE,1,acno,Peer Support for Academic Work,Supportive Environment (grades 4-8),Student,76
2026,,Horizon Science Academy - Youngstown,HORIZON SCIENCE ACADEMY YOUNGSTOWN,1,acno,Peer Support for Academic Work,Supportive Environment (grades 4-8),Student,29
2026,IN,Indiana Math and Science Academy - North,INDIANA MATH AND SCIENCE ACADEMY NORTH,1,acno,Peer Support for Academic Work,Supportive Environment (grades 4-8),Student,31
2026,IN,Indiana Math and Science Academy - West,INDIANA MATH AND SCIENCE ACADEMY WEST,1,acno,Peer Support for Academic Work,Supportive Environment (grades 4-8),Student,46
2026,MI,Michigan Math and Science Academy - Dequindre,MICHIGAN MATH AND SCIENCE ACADEMY DEQUINDRE,1,acno,Peer Support for Academic Work,Supportive Environment (grades 4-8),Student,27
2026,MI,Michigan Math and Science Academy - Lorraine,MICHIGAN MATH AND SCIENCE ACADEMY LORRAINE,8,acno,Peer Support for Academic Work,Supportive Environment (grades 4-8),Student,43
2026,MN,Minnesota Math and Science Academy,MINNESOTA MATH AND SCIENCE ACADEMY,1,acno,Peer Support for Academic Work,Supportive Environment (grades 4-8),Student,46
2026,Columbus,Noble Academy Columbus,NOBLE ACADEMY COLUMBUS,1,acno,Peer Support for Academic Work,Supportive Environment (grades 4-8),Student,43
2026,NO,Noble Academy Euclid,NOBLE ACADEMY EUCLID,1,acno,Peer Support for Academic Work,Supportive Environment (grades 4-8),Student,44
2026,MO,Gateway Science Academy High - Fyler,GATEWAY SCIENCE ACADEMY HIGH FYLER,2,clar,Course Clarity,Supplemental (grades 6-12),Student,31
2026,MO,Gateway Science Academy Middle - Fyler,GATEWAY SCIENCE ACADEMY MIDDLE FYLER,9,clar,Course Clarity,Supplemental (grades 6-12),Student,27
2026,DC,Horizon Science Academy - Cincinnati,HORIZON SCIENCE ACADEMY CINCINNATI,1,clar,Course Clarity,Supplemental (grades 6-12),Student,39
2026,NO,Horizon Science Academy - Cleveland Elementary,HORIZON SCIENCE ACADEMY CLEVELAND ELEMENTARY,1,clar,Course Clarity,Supplemental (grades 6-12),Student,26
2026,NO,Horizon Science Academy - Cleveland High,HORIZON SCIENCE ACADEMY CLEVELAND HIGH,2,clar,Course Clarity,Supplemental (grades 6-12),Student,59
2026,Columbus,Horizon Science Academy - Columbus High Morse,HORIZON SCIENCE ACADEMY COLUMBUS HIGH MORSE,2,clar,Course Clarity,Supplemental (grades 6-12),Student,47
2026,Columbus,Horizon Science Academy - Columbus High Westerville,HORIZON SCIENCE ACADEMY COLUMBUS HIGH WESTERVILLE,2,clar,Course Clarity,Supplemental (grades 6-12),Student,72
2026,Columbus,Horizon Science Academy - Columbus Middle,HORIZON SCIENCE ACADEMY COLUMBUS MIDDLE,9,clar,Course Clarity,Supplemental (grades 6-12),Student,43
2026,DC,Horizon Science Academy - Dayton Downtown,HORIZON SCIENCE ACADEMY DAYTON DOWNTOWN,1,clar,Course Clarity,Supplemental (grades 6-12),Student,2
2026,DC,Horizon Science Academy - Dayton High,HORIZON SCIENCE ACADEMY DAYTON HIGH,2,clar,Course Clarity,Supplemental (grades 6-12),Student,62
2026,,Horizon Science Academy - Denison,HORIZON SCIENCE ACADEMY DENISON,1,clar,Course Clarity,Supplemental (grades 6-12),Student,31
2026,,Horizon Science Academy - Lorain,HORIZON SCIENCE ACADEMY LORAIN,1,clar,Course Clarity,Supplemental (grades 6-12),Student,28
2026,,Horizon Science Academy - New Bedford,HORIZON SCIENCE ACADEMY NEW BEDFORD,1,clar,Course Clarity,Supplemental (grades 6-12),Student,60
2026,,Horizon Science Academy - Springfield,HORIZON SCIENCE ACADEMY SPRINGFIELD,1,clar,Course Clarity,Supplemental (grades 6-12),Student,39
2026,,Horizon Science Academy - Toledo,HORIZON SCIENCE ACADEMY TOLEDO,1,clar,Course Clarity,Supplemental (grades 6-12),Student,28
2026,MN,Horizon Science Academy - Twin Cities,HORIZON SCIENCE ACADEMY TWIN CITIES,1,clar,Course Clarity,Supplemental (grades 6-12),Student,36
2026,,Horizon Science Academy - Youngstown,HORIZON SCIENCE ACADEMY YOUNGSTOWN,1,clar,Course Clarity,Supplemental (grades 6-12),Student,26
2026,IN,Indiana Math and Science Academy - North,INDIANA MATH AND SCIENCE ACADEMY NORTH,1,clar,Course Clarity,Supplemental (grades 6-12),Student,30
2026,IN,Indiana Math and Science Academy - West,INDIANA MATH AND SCIENCE ACADEMY WEST,1,clar,Course Clarity,Supplemental (grades 6-12),Student,38
2026,MI,Michigan Math and Science Academy - Dequindre,MICHIGAN MATH AND SCIENCE ACADEMY DEQUINDRE,1,clar,Course Clarity,Supplemental (grades 6-12),Student,41
2026,MN,Minnesota Math and Science Academy,MINNESOTA MATH AND SCIENCE ACADEMY,1,clar,Course Clarity,Supplemental (grades 6-12),Student,41
2026,Columbus,Noble Academy Columbus,NOBLE ACADEMY COLUMBUS,1,clar,Course Clarity,Supplemental (grades 6-12),Student,58
2026,NO,Noble Academy Euclid,NOBLE ACADEMY EUCLID,1,clar,Course Clarity,Supplemental (grades 6-12),Student,28
2026,MO,Gateway Science Academy - Smiley,GATEWAY SCIENCE ACADEMY SMILEY,8,engg,Academic Engagement,Supplemental,Student,36
2026,MO,Gateway Science Academy - South,GATEWAY SCIENCE ACADEMY SOUTH,8,engg,Academic Engagement,Supplemental,Student,30
2026,MO,Gateway Science Academy High - Fyler,GATEWAY SCIENCE ACADEMY HIGH FYLER,2,engg,Academic Engagement,Supplemental,Student,49
2026,MO,Gateway Science Academy Middle - Fyler,GATEWAY SCIENCE ACADEMY MIDDLE FYLER,9,engg,Academic Engagement,Supplemental,Student,47
2026,DC,Horizon Science Academy - Cincinnati,HORIZON SCIENCE ACADEMY CINCINNATI,1,engg,Academic Engagement,Supplemental,Student,41
2026,NO,Horizon Science Academy - Cleveland Elementary,HORIZON SCIENCE ACADEMY CLEVELAND ELEMENTARY,1,engg,Academic Engagement,Supplemental,Student,30
2026,NO,Horizon Science Academy - Cleveland High,HORIZON SCIENCE ACADEMY CLEVELAND HIGH,2,engg,Academic Engagement,Supplemental,Student,62
2026,Columbus,Horizon Science Academy - Columbus Elementary,HORIZON SCIENCE ACADEMY COLUMBUS ELEMENTARY,8,engg,Academic Engagement,Supplemental,Student,47
2026,Columbus,Horizon Science Academy - Columbus High Morse,HORIZON SCIENCE ACADEMY COLUMBUS HIGH MORSE,2,engg,Academic Engagement,Supplemental,Student,61
2026,Columbus,Horizon Science Academy - Columbus High Westerville,HORIZON SCIENCE ACADEMY COLUMBUS HIGH WESTERVILLE,2,engg,Academic Engagement,Supplemental,Student,89
2026,Columbus,Horizon Science Academy - Columbus Middle,HORIZON SCIENCE ACADEMY COLUMBUS MIDDLE,9,engg,Academic Engagement,Supplemental,Student,60
2026,DC,Horizon Science Academy - Dayton Downtown,HORIZON SCIENCE ACADEMY DAYTON DOWNTOWN,1,engg,Academic Engagement,Supplemental,Student,26
2026,DC,Horizon Science Academy - Dayton Elementary,HORIZON SCIENCE ACADEMY DAYTON ELEMENTARY,8,engg,Academic Engagement,Supplemental,Student,39
2026,DC,Horizon Science Academy - Dayton High,HORIZON SCIENCE ACADEMY DAYTON HIGH,2,engg,Academic Engagement,Supplemental,Student,70
2026,,Horizon Science Academy - Denison,HORIZON SCIENCE ACADEMY DENISON,1,engg,Academic Engagement,Supplemental,Student,38
2026,IA,Horizon Science Academy - Des Moines,HORIZON SCIENCE ACADEMY DES MOINES,8,engg,Academic Engagement,Supplemental,Student,33
2026,,Horizon Science Academy - Lorain,HORIZON SCIENCE ACADEMY LORAIN,1,engg,Academic Engagement,Supplemental,Student,30
2026,,Horizon Science Academy - New Bedford,HORIZON SCIENCE ACADEMY NEW BEDFORD,1,engg,Academic Engagement,Supplemental,Student,42
2026,,Horizon Science Academy - Springfield,HORIZON SCIENCE ACADEMY SPRINGFIELD,1,engg,Academic Engagement,Supplemental,Student,44
2026,,Horizon Science Academy - Toledo,HORIZON SCIENCE ACADEMY TOLEDO,1,engg,Academic Engagement,Supplemental,Student,34
2026,MN,Horizon Science Academy - Twin Cities,HORIZON SCIENCE ACADEMY TWIN CITIES,1,engg,Academic Engagement,Supplemental,Student,61
2026,,Horizon Science Academy - Westerville,HORIZON SCIENCE ACADEMY WESTERVILLE,1,engg,Academic Engagement,Supplemental,Student,68
2026,,Horizon Science Academy - Youngstown,HORIZON SCIENCE ACADEMY YOUNGSTOWN,1,engg,Academic Engagement,Supplemental,Student,39
2026,IN,Indiana Math and Science Academy - North,INDIANA MATH AND SCIENCE ACADEMY NORTH,1,engg,Academic Engagement,Supplemental,Student,38
2026,IN,Indiana Math and Science Academy - West,INDIANA MATH AND SCIENCE ACADEMY WEST,1,engg,Academic Engagement,Supplemental,Student,53
2026,MI,Michigan Math and Science Academy - Dequindre,MICHIGAN MATH AND SCIENCE ACADEMY DEQUINDRE,1,engg,Academic Engagement,Supplemental,Student,32
2026,MI,Michigan Math and Science Academy - Lorraine,MICHIGAN MATH AND SCIENCE ACADEMY LORRAINE,8,engg,Academic Engagement,Supplemental,Student,55
2026,MN,Minnesota Math and Science Academy,MINNESOTA MATH AND SCIENCE ACADEMY,1,engg,Academic Engagement,Supplemental,Student,52
2026,Columbus,Noble Academy Columbus,NOBLE ACADEMY COLUMBUS,1,engg,Academic Engagement,Supplemental,Student,52
2026,NO,Noble Academy Euclid,NOBLE ACADEMY EUCLID,1,engg,Academic Engagement,Supplemental,Student,41
2026,MO,Gateway Science Academy - Smiley,GATEWAY SCIENCE ACADEMY SMILEY,8,engl,English Instruction,Ambitious Instruction,Student,39
2026,MO,Gateway Science Academy - South,GATEWAY SCIENCE ACADEMY SOUTH,8,engl,English Instruction,Ambitious Instruction,Student,50
2026,MO,Gateway Science Academy High - Fyler,GATEWAY SCIENCE ACADEMY HIGH FYLER,2,engl,English Instruction,Ambitious Instruction,Student,49
2026,MO,Gateway Science Academy Middle - Fyler,GATEWAY SCIENCE ACADEMY MIDDLE FYLER,9,engl,English Instruction,Ambitious Instruction,Student,46
2026,DC,Horizon Science Academy - Cincinnati,HORIZON SCIENCE ACADEMY CINCINNATI,1,engl,English Instruction,Ambitious Instruction,Student,46
2026,NO,Horizon Science Academy - Cleveland Elementary,HORIZON SCIENCE ACADEMY CLEVELAND ELEMENTARY,1,engl,English Instruction,Ambitious Instruction,Student,40
2026,NO,Horizon Science Academy - Cleveland High,HORIZON SCIENCE ACADEMY CLEVELAND HIGH,2,engl,English Instruction,Ambitious Instruction,Student,42
2026,Columbus,Horizon Science Academy - Columbus Elementary,HORIZON SCIENCE ACADEMY COLUMBUS ELEMENTARY,8,engl,English Instruction,Ambitious Instruction,Student,53
2026,Columbus,Horizon Science Academy - Columbus High Morse,HORIZON SCIENCE ACADEMY COLUMBUS HIGH MORSE,2,engl,English Instruction,Ambitious Instruction,Student,48
2026,Columbus,Horizon Science Academy - Columbus High Westerville,HORIZON SCIENCE ACADEMY COLUMBUS HIGH WESTERVILLE,2,engl,English Instruction,Ambitious Instruction,Student,60
2026,Columbus,Horizon Science Academy - Columbus Middle,HORIZON SCIENCE ACADEMY COLUMBUS MIDDLE,9,engl,English Instruction,Ambitious Instruction,Student,53
2026,DC,Horizon Science Academy - Dayton Downtown,HORIZON SCIENCE ACADEMY DAYTON DOWNTOWN,1,engl,English Instruction,Ambitious Instruction,Student,37
2026,DC,Horizon Science Academy - Dayton Elementary,HORIZON SCIENCE ACADEMY DAYTON ELEMENTARY,8,engl,English Instruction,Ambitious Instruction,Student,50
2026,DC,Horizon Science Academy - Dayton High,HORIZON SCIENCE ACADEMY DAYTON HIGH,2,engl,English Instruction,Ambitious Instruction,Student,58
2026,,Horizon Science Academy - Denison,HORIZON SCIENCE ACADEMY DENISON,1,engl,English Instruction,Ambitious Instruction,Student,43
2026,IA,Horizon Science Academy - Des Moines,HORIZON SCIENCE ACADEMY DES MOINES,8,engl,English Instruction,Ambitious Instruction,Student,56
2026,,Horizon Science Academy - Lorain,HORIZON SCIENCE ACADEMY LORAIN,1,engl,English Instruction,Ambitious Instruction,Student,32
2026,,Horizon Science Academy - New Bedford,HORIZON SCIENCE ACADEMY NEW BEDFORD,1,engl,English Instruction,Ambitious Instruction,Student,49
2026,,Horizon Science Academy - Springfield,HORIZON SCIENCE ACADEMY SPRINGFIELD,1,engl,English Instruction,Ambitious Instruction,Student,32
2026,,Horizon Science Academy - Toledo,HORIZON SCIENCE ACADEMY TOLEDO,1,engl,English Instruction,Ambitious Instruction,Student,36
2026,MN,Horizon Science Academy - Twin Cities,HORIZON SCIENCE ACADEMY TWIN CITIES,1,engl,English Instruction,Ambitious Instruction,Student,54
2026,,Horizon Science Academy - Westerville,HORIZON SCIENCE ACADEMY WESTERVILLE,1,engl,English Instruction,Ambitious Instruction,Student,53
2026,,Horizon Science Academy - Youngstown,HORIZON SCIENCE ACADEMY YOUNGSTOWN,1,engl,English Instruction,Ambitious Instruction,Student,36
2026,IN,Indiana Math and Science Academy - North,INDIANA MATH AND SCIENCE ACADEMY NORTH,1,engl,English Instruction,Ambitious Instruction,Student,46
2026,IN,Indiana Math and Science Academy - West,INDIANA MATH AND SCIENCE ACADEMY WEST,1,engl,English Instruction,Ambitious Instruction,Student,37
2026,MI,Michigan Math and Science Academy - Dequindre,MICHIGAN MATH AND SCIENCE ACADEMY DEQUINDRE,1,engl,English Instruction,Ambitious Instruction,Student,57
2026,MI,Michigan Math and Science Academy - Lorraine,MICHIGAN MATH AND SCIENCE ACADEMY LORRAINE,8,engl,English Instruction,Ambitious Instruction,Student,50
2026,MN,Minnesota Math and Science Academy,MINNESOTA MATH AND SCIENCE ACADEMY,1,engl,English Instruction,Ambitious Instruction,Student,42
2026,Columbus,Noble Academy Columbus,NOBLE ACADEMY COLUMBUS,1,engl,English Instruction,Ambitious Instruction,Student,47
2026,NO,Noble Academy Euclid,NOBLE ACADEMY EUCLID,1,engl,English Instruction,Ambitious Instruction,Student,46
2026,MO,Gateway Science Academy High - Fyler,GATEWAY SCIENCE ACADEMY HIGH FYLER,2,futr,Importance of High School for the Future,Supplemental (grades 9-12),Student,46
2026,NO,Horizon Science Academy - Cleveland High,HORIZON SCIENCE ACADEMY CLEVELAND HIGH,2,futr,Importance of High School for the Future,Supplemental (grades 9-12),Student,55
2026,Columbus,Horizon Science Academy - Columbus High Morse,HORIZON SCIENCE ACADEMY COLUMBUS HIGH MORSE,2,futr,Importance of High School for the Future,Supplemental (grades 9-12),Student,67
2026,Columbus,Horizon Science Academy - Columbus High Westerville,HORIZON SCIENCE ACADEMY COLUMBUS HIGH WESTERVILLE,2,futr,Importance of High School for the Future,Supplemental (grades 9-12),Student,87
2026,DC,Horizon Science Academy - Dayton High,HORIZON SCIENCE ACADEMY DAYTON HIGH,2,futr,Importance of High School for the Future,Supplemental (grades 9-12),Student,67
2026,MO,Gateway Science Academy High - Fyler,GATEWAY SCIENCE ACADEMY HIGH FYLER,2,humr,Human & Social Resources in the Community,Supplemental (grades 6-12),Student,31
2026,MO,Gateway Science Academy Middle - Fyler,GATEWAY SCIENCE ACADEMY MIDDLE FYLER,9,humr,Human & Social Resources in the Community,Supplemental (grades 6-12),Student,30
2026,DC,Horizon Science Academy - Cincinnati,HORIZON SCIENCE ACADEMY CINCINNATI,1,humr,Human & Social Resources in the Community,Supplemental (grades 6-12),Student,37
2026,NO,Horizon Science Academy - Cleveland Elementary,HORIZON SCIENCE ACADEMY CLEVELAND ELEMENTARY,1,humr,Human & Social Resources in the Community,Supplemental (grades 6-12),Student,19
2026,NO,Horizon Science Academy - Cleveland High,HORIZON SCIENCE ACADEMY CLEVELAND HIGH,2,humr,Human & Social Resources in the Community,Supplemental (grades 6-12),Student,25
2026,Columbus,Horizon Science Academy - Columbus High Morse,HORIZON SCIENCE ACADEMY COLUMBUS HIGH MORSE,2,humr,Human & Social Resources in the Community,Supplemental (grades 6-12),Student,43
2026,Columbus,Horizon Science Academy - Columbus High Westerville,HORIZON SCIENCE ACADEMY COLUMBUS HIGH WESTERVILLE,2,humr,Human & Social Resources in the Community,Supplemental (grades 6-12),Student,55
2026,Columbus,Horizon Science Academy - Columbus Middle,HORIZON SCIENCE ACADEMY COLUMBUS MIDDLE,9,humr,Human & Social Resources in the Community,Supplemental (grades 6-12),Student,40
2026,DC,Horizon Science Academy - Dayton Downtown,HORIZON SCIENCE ACADEMY DAYTON DOWNTOWN,1,humr,Human & Social Resources in the Community,Supplemental (grades 6-12),Student,18
2026,DC,Horizon Science Academy - Dayton High,HORIZON SCIENCE ACADEMY DAYTON HIGH,2,humr,Human & Social Resources in the Community,Supplemental (grades 6-12),Student,35
2026,,Horizon Science Academy - Denison,HORIZON SCIENCE ACADEMY DENISON,1,humr,Human & Social Resources in the Community,Supplemental (grades 6-12),Student,32
2026,,Horizon Science Academy - Lorain,HORIZON SCIENCE ACADEMY LORAIN,1,humr,Human & Social Resources in the Community,Supplemental (grades 6-12),Student,33
2026,,Horizon Science Academy - New Bedford,HORIZON SCIENCE ACADEMY NEW BEDFORD,1,humr,Human & Social Resources in the Community,Supplemental (grades 6-12),Student,62
2026,,Horizon Science Academy - Springfield,HORIZON SCIENCE ACADEMY SPRINGFIELD,1,humr,Human & Social Resources in the Community,Supplemental (grades 6-12),Student,31
2026,,Horizon Science Academy - Toledo,HORIZON SCIENCE ACADEMY TOLEDO,1,humr,Human & Social Resources in the Community,Supplemental (grades 6-12),Student,32
2026,MN,Horizon Science Academy - Twin Cities,HORIZON SCIENCE ACADEMY TWIN CITIES,1,humr,Human & Social Resources in the Community,Supplemental (grades 6-12),Student,49
2026,,Horizon Science Academy - Youngstown,HORIZON SCIENCE ACADEMY YOUNGSTOWN,1,humr,Human & Social Resources in the Community,Supplemental (grades 6-12),Student,23
2026,IN,Indiana Math and Science Academy - North,INDIANA MATH AND SCIENCE ACADEMY NORTH,1,humr,Human & Social Resources in the Community,Supplemental (grades 6-12),Student,37
2026,IN,Indiana Math and Science Academy - West,INDIANA MATH AND SCIENCE ACADEMY WEST,1,humr,Human & Social Resources in the Community,Supplemental (grades 6-12),Student,28
2026,MI,Michigan Math and Science Academy - Dequindre,MICHIGAN MATH AND SCIENCE ACADEMY DEQUINDRE,1,humr,Human & Social Resources in the Community,Supplemental (grades 6-12),Student,31
2026,MN,Minnesota Math and Science Academy,MINNESOTA MATH AND SCIENCE ACADEMY,1,humr,Human & Social Resources in the Community,Supplemental (grades 6-12),Student,51
2026,Columbus,Noble Academy Columbus,NOBLE ACADEMY COLUMBUS,1,humr,Human & Social Resources in the Community,Supplemental (grades 6-12),Student,49
2026,NO,Noble Academy Euclid,NOBLE ACADEMY EUCLID,1,humr,Human & Social Resources in the Community,Supplemental (grades 6-12),Student,35
2026,MO,Gateway Science Academy - Smiley,GATEWAY SCIENCE ACADEMY SMILEY,8,math,Math Instruction,Ambitious Instruction,Student,26
2026,MO,Gateway Science Academy - South,GATEWAY SCIENCE ACADEMY SOUTH,8,math,Math Instruction,Ambitious Instruction,Student,35
2026,MO,Gateway Science Academy High - Fyler,GATEWAY SCIENCE ACADEMY HIGH FYLER,2,math,Math Instruction,Ambitious Instruction,Student,42
2026,MO,Gateway Science Academy Middle - Fyler,GATEWAY SCIENCE ACADEMY MIDDLE FYLER,9,math,Math Instruction,Ambitious Instruction,Student,34
2026,DC,Horizon Science Academy - Cincinnati,HORIZON SCIENCE ACADEMY CINCINNATI,1,math,Math Instruction,Ambitious Instruction,Student,36
2026,NO,Horizon Science Academy - Cleveland Elementary,HORIZON SCIENCE ACADEMY CLEVELAND ELEMENTARY,1,math,Math Instruction,Ambitious Instruction,Student,16
2026,NO,Horizon Science Academy - Cleveland High,HORIZON SCIENCE ACADEMY CLEVELAND HIGH,2,math,Math Instruction,Ambitious Instruction,Student,52
2026,Columbus,Horizon Science Academy - Columbus Elementary,HORIZON SCIENCE ACADEMY COLUMBUS ELEMENTARY,8,math,Math Instruction,Ambitious Instruction,Student,38
2026,Columbus,Horizon Science Academy - Columbus High Morse,HORIZON SCIENCE ACADEMY COLUMBUS HIGH MORSE,2,math,Math Instruction,Ambitious Instruction,Student,62
2026,Columbus,Horizon Science Academy - Columbus High Westerville,HORIZON SCIENCE ACADEMY COLUMBUS HIGH WESTERVILLE,2,math,Math Instruction,Ambitious Instruction,Student,69
2026,Columbus,Horizon Science Academy - Columbus Middle,HORIZON SCIENCE ACADEMY COLUMBUS MIDDLE,9,math,Math Instruction,Ambitious Instruction,Student,48
2026,DC,Horizon Science Academy - Dayton Downtown,HORIZON SCIENCE ACADEMY DAYTON DOWNTOWN,1,math,Math Instruction,Ambitious Instruction,Student,25
2026,DC,Horizon Science Academy - Dayton Elementary,HORIZON SCIENCE ACADEMY DAYTON ELEMENTARY,8,math,Math Instruction,Ambitious Instruction,Student,55
2026,DC,Horizon Science Academy - Dayton High,HORIZON SCIENCE ACADEMY DAYTON HIGH,2,math,Math Instruction,Ambitious Instruction,Student,73
2026,,Horizon Science Academy - Denison,HORIZON SCIENCE ACADEMY DENISON,1,math,Math Instruction,Ambitious Instruction,Student,31
2026,IA,Horizon Science Academy - Des Moines,HORIZON SCIENCE ACADEMY DES MOINES,8,math,Math Instruction,Ambitious Instruction,Student,45
2026,,Horizon Science Academy - Lorain,HORIZON SCIENCE ACADEMY LORAIN,1,math,Math Instruction,Ambitious Instruction,Student,28
2026,,Horizon Science Academy - New Bedford,HORIZON SCIENCE ACADEMY NEW BEDFORD,1,math,Math Instruction,Ambitious Instruction,Student,44
2026,,Horizon Science Academy - Springfield,HORIZON SCIENCE ACADEMY SPRINGFIELD,1,math,Math Instruction,Ambitious Instruction,Student,38
2026,,Horizon Science Academy - Toledo,HORIZON SCIENCE ACADEMY TOLEDO,1,math,Math Instruction,Ambitious Instruction,Student,29
2026,MN,Horizon Science Academy - Twin Cities,HORIZON SCIENCE ACADEMY TWIN CITIES,1,math,Math Instruction,Ambitious Instruction,Student,50
2026,,Horizon Science Academy - Westerville,HORIZON SCIENCE ACADEMY WESTERVILLE,1,math,Math Instruction,Ambitious Instruction,Student,53
2026,,Horizon Science Academy - Youngstown,HORIZON SCIENCE ACADEMY YOUNGSTOWN,1,math,Math Instruction,Ambitious Instruction,Student,31
2026,IN,Indiana Math and Science Academy - North,INDIANA MATH AND SCIENCE ACADEMY NORTH,1,math,Math Instruction,Ambitious Instruction,Student,36
2026,IN,Indiana Math and Science Academy - West,INDIANA MATH AND SCIENCE ACADEMY WEST,1,math,Math Instruction,Ambitious Instruction,Student,52
2026,MI,Michigan Math and Science Academy - Dequindre,MICHIGAN MATH AND SCIENCE ACADEMY DEQUINDRE,1,math,Math Instruction,Ambitious Instruction,Student,36
2026,MI,Michigan Math and Science Academy - Lorraine,MICHIGAN MATH AND SCIENCE ACADEMY LORRAINE,8,math,Math Instruction,Ambitious Instruction,Student,40
2026,MN,Minnesota Math and Science Academy,MINNESOTA MATH AND SCIENCE ACADEMY,1,math,Math Instruction,Ambitious Instruction,Student,48
2026,Columbus,Noble Academy Columbus,NOBLE ACADEMY COLUMBUS,1,math,Math Instruction,Ambitious Instruction,Student,49
2026,NO,Noble Academy Euclid,NOBLE ACADEMY EUCLID,1,math,Math Instruction,Ambitious Instruction,Student,35
2026,MO,Gateway Science Academy - Smiley,GATEWAY SCIENCE ACADEMY SMILEY,8,peer,Student Peer Relationships,Supplemental (grades 6-12),Student,43
2026,MO,Gateway Science Academy - South,GATEWAY SCIENCE ACADEMY SOUTH,8,peer,Student Peer Relationships,Supplemental (grades 6-12),Student,19
2026,MO,Gateway Science Academy High - Fyler,GATEWAY SCIENCE ACADEMY HIGH FYLER,2,peer,Student Peer Relationships,Supplemental (grades 6-12),Student,35
2026,MO,Gateway Science Academy Middle - Fyler,GATEWAY SCIENCE ACADEMY MIDDLE FYLER,9,peer,Student Peer Relationships,Supplemental (grades 6-12),Student,35
2026,DC,Horizon Science Academy - Cincinnati,HORIZON SCIENCE ACADEMY CINCINNATI,1,peer,Student Peer Relationships,Supplemental (grades 6-12),Student,36
2026,NO,Horizon Science Academy - Cleveland Elementary,HORIZON SCIENCE ACADEMY CLEVELAND ELEMENTARY,1,peer,Student Peer Relationships,Supplemental (grades 6-12),Student,19
2026,NO,Horizon Science Academy - Cleveland High,HORIZON SCIENCE ACADEMY CLEVELAND HIGH,2,peer,Student Peer Relationships,Supplemental (grades 6-12),Student,40
2026,Columbus,Horizon Science Academy - Columbus Elementary,HORIZON SCIENCE ACADEMY COLUMBUS ELEMENTARY,8,peer,Student Peer Relationships,Supplemental (grades 6-12),Student,24
2026,Columbus,Horizon Science Academy - Columbus High Morse,HORIZON SCIENCE ACADEMY COLUMBUS HIGH MORSE,2,peer,Student Peer Relationships,Supplemental (grades 6-12),Student,51
2026,Columbus,Horizon Science Academy - Columbus High Westerville,HORIZON SCIENCE ACADEMY COLUMBUS HIGH WESTERVILLE,2,peer,Student Peer Relationships,Supplemental (grades 6-12),Student,72
2026,Columbus,Horizon Science Academy - Columbus Middle,HORIZON SCIENCE ACADEMY COLUMBUS MIDDLE,9,peer,Student Peer Relationships,Supplemental (grades 6-12),Student,50
2026,DC,Horizon Science Academy - Dayton Downtown,HORIZON SCIENCE ACADEMY DAYTON DOWNTOWN,1,peer,Student Peer Relationships,Supplemental (grades 6-12),Student,25
2026,DC,Horizon Science Academy - Dayton Elementary,HORIZON SCIENCE ACADEMY DAYTON ELEMENTARY,8,peer,Student Peer Relationships,Supplemental (grades 6-12),Student,18
2026,DC,Horizon Science Academy - Dayton High,HORIZON SCIENCE ACADEMY DAYTON HIGH,2,peer,Student Peer Relationships,Supplemental (grades 6-12),Student,37
2026,,Horizon Science Academy - Denison,HORIZON SCIENCE ACADEMY DENISON,1,peer,Student Peer Relationships,Supplemental (grades 6-12),Student,28
2026,IA,Horizon Science Academy - Des Moines,HORIZON SCIENCE ACADEMY DES MOINES,8,peer,Student Peer Relationships,Supplemental (grades 6-12),Student,12
2026,,Horizon Science Academy - Lorain,HORIZON SCIENCE ACADEMY LORAIN,1,peer,Student Peer Relationships,Supplemental (grades 6-12),Student,33
2026,,Horizon Science Academy - New Bedford,HORIZON SCIENCE ACADEMY NEW BEDFORD,1,peer,Student Peer Relationships,Supplemental (grades 6-12),Student,62
2026,,Horizon Science Academy - Springfield,HORIZON SCIENCE ACADEMY SPRINGFIELD,1,peer,Student Peer Relationships,Supplemental (grades 6-12),Student,45
2026,,Horizon Science Academy - Toledo,HORIZON SCIENCE ACADEMY TOLEDO,1,peer,Student Peer Relationships,Supplemental (grades 6-12),Student,34
2026,MN,Horizon Science Academy - Twin Cities,HORIZON SCIENCE ACADEMY TWIN CITIES,1,peer,Student Peer Relationships,Supplemental (grades 6-12),Student,47
2026,,Horizon Science Academy - Westerville,HORIZON SCIENCE ACADEMY WESTERVILLE,1,peer,Student Peer Relationships,Supplemental (grades 6-12),Student,70
2026,,Horizon Science Academy - Youngstown,HORIZON SCIENCE ACADEMY YOUNGSTOWN,1,peer,Student Peer Relationships,Supplemental (grades 6-12),Student,31
2026,IN,Indiana Math and Science Academy - North,INDIANA MATH AND SCIENCE ACADEMY NORTH,1,peer,Student Peer Relationships,Supplemental (grades 6-12),Student,29
2026,IN,Indiana Math and Science Academy - West,INDIANA MATH AND SCIENCE ACADEMY WEST,1,peer,Student Peer Relationships,Supplemental (grades 6-12),Student,41
2026,MI,Michigan Math and Science Academy - Dequindre,MICHIGAN MATH AND SCIENCE ACADEMY DEQUINDRE,1,peer,Student Peer Relationships,Supplemental (grades 6-12),Student,22
2026,MI,Michigan Math and Science Academy - Lorraine,MICHIGAN MATH AND SCIENCE ACADEMY LORRAINE,8,peer,Student Peer Relationships,Supplemental (grades 6-12),Student,30
2026,MN,Minnesota Math and Science Academy,MINNESOTA MATH AND SCIENCE ACADEMY,1,peer,Student Peer Relationships,Supplemental (grades 6-12),Student,46
2026,Columbus,Noble Academy Columbus,NOBLE ACADEMY COLUMBUS,1,peer,Student Peer Relationships,Supplemental (grades 6-12),Student,56
2026,NO,Noble Academy Euclid,NOBLE ACADEMY EUCLID,1,peer,Student Peer Relationships,Supplemental (grades 6-12),Student,39
2026,MO,Gateway Science Academy - Smiley,GATEWAY SCIENCE ACADEMY SMILEY,8,perc,Academic Personalism,Supportive Environment (grades 4-8)/Supplemental (grades 9-12),Student,27
2026,MO,Gateway Science Academy - South,GATEWAY SCIENCE ACADEMY SOUTH,8,perc,Academic Personalism,Supportive Environment (grades 4-8)/Supplemental (grades 9-12),Student,35
2026,MO,Gateway Science Academy High - Fyler,GATEWAY SCIENCE ACADEMY HIGH FYLER,2,perc,Academic Personalism,Supportive Environment (grades 4-8)/Supplemental (grades 9-12),Student,32
2026,MO,Gateway Science Academy Middle - Fyler,GATEWAY SCIENCE ACADEMY MIDDLE FYLER,9,perc,Academic Personalism,Supportive Environment (grades 4-8)/Supplemental (grades 9-12),Student,30
2026,DC,Horizon Science Academy - Cincinnati,HORIZON SCIENCE ACADEMY CINCINNATI,1,perc,Academic Personalism,Supportive Environment (grades 4-8)/Supplemental (grades 9-12),Student,35
2026,NO,Horizon Science Academy - Cleveland Elementary,HORIZON SCIENCE ACADEMY CLEVELAND ELEMENTARY,1,perc,Academic Personalism,Supportive Environment (grades 4-8)/Supplemental (grades 9-12),Student,18
2026,NO,Horizon Science Academy - Cleveland High,HORIZON SCIENCE ACADEMY CLEVELAND HIGH,2,perc,Academic Personalism,Supportive Environment (grades 4-8)/Supplemental (grades 9-12),Student,54
2026,Columbus,Horizon Science Academy - Columbus Elementary,HORIZON SCIENCE ACADEMY COLUMBUS ELEMENTARY,8,perc,Academic Personalism,Supportive Environment (grades 4-8)/Supplemental (grades 9-12),Student,42
2026,Columbus,Horizon Science Academy - Columbus High Morse,HORIZON SCIENCE ACADEMY COLUMBUS HIGH MORSE,2,perc,Academic Personalism,Supportive Environment (grades 4-8)/Supplemental (grades 9-12),Student,48
2026,Columbus,Horizon Science Academy - Columbus High Westerville,HORIZON SCIENCE ACADEMY COLUMBUS HIGH WESTERVILLE,2,perc,Academic Personalism,Supportive Environment (grades 4-8)/Supplemental (grades 9-12),Student,69
2026,Columbus,Horizon Science Academy - Columbus Middle,HORIZON SCIENCE ACADEMY COLUMBUS MIDDLE,9,perc,Academic Personalism,Supportive Environment (grades 4-8)/Supplemental (grades 9-12),Student,41
2026,DC,Horizon Science Academy - Dayton Downtown,HORIZON SCIENCE ACADEMY DAYTON DOWNTOWN,1,perc,Academic Personalism,Supportive Environment (grades 4-8)/Supplemental (grades 9-12),Student,8
2026,DC,Horizon Science Academy - Dayton Elementary,HORIZON SCIENCE ACADEMY DAYTON ELEMENTARY,8,perc,Academic Personalism,Supportive Environment (grades 4-8)/Supplemental (grades 9-12),Student,17
2026,DC,Horizon Science Academy - Dayton High,HORIZON SCIENCE ACADEMY DAYTON HIGH,2,perc,Academic Personalism,Supportive Environment (grades 4-8)/Supplemental (grades 9-12),Student,58
2026,,Horizon Science Academy - Denison,HORIZON SCIENCE ACADEMY DENISON,1,perc,Academic Personalism,Supportive Environment (grades 4-8)/Supplemental (grades 9-12),Student,40
2026,IA,Horizon Science Academy - Des Moines,HORIZON SCIENCE ACADEMY DES MOINES,8,perc,Academic Personalism,Supportive Environment (grades 4-8)/Supplemental (grades 9-12),Student,32
2026,,Horizon Science Academy - Lorain,HORIZON SCIENCE ACADEMY LORAIN,1,perc,Academic Personalism,Supportive Environment (grades 4-8)/Supplemental (grades 9-12),Student,20
2026,,Horizon Science Academy - New Bedford,HORIZON SCIENCE ACADEMY NEW BEDFORD,1,perc,Academic Personalism,Supportive Environment (grades 4-8)/Supplemental (grades 9-12),Student,60
2026,,Horizon Science Academy - Springfield,HORIZON SCIENCE ACADEMY SPRINGFIELD,1,perc,Academic Personalism,Supportive Environment (grades 4-8)/Supplemental (grades 9-12),Student,39
2026,,Horizon Science Academy - Toledo,HORIZON SCIENCE ACADEMY TOLEDO,1,perc,Academic Personalism,Supportive Environment (grades 4-8)/Supplemental (grades 9-12),Student,27
2026,MN,Horizon Science Academy - Twin Cities,HORIZON SCIENCE ACADEMY TWIN CITIES,1,perc,Academic Personalism,Supportive Environment (grades 4-8)/Supplemental (grades 9-12),Student,41
2026,,Horizon Science Academy - Westerville,HORIZON SCIENCE ACADEMY WESTERVILLE,1,perc,Academic Personalism,Supportive Environment (grades 4-8)/Supplemental (grades 9-12),Student,82
2026,,Horizon Science Academy - Youngstown,HORIZON SCIENCE ACADEMY YOUNGSTOWN,1,perc,Academic Personalism,Supportive Environment (grades 4-8)/Supplemental (grades 9-12),Student,16
2026,IN,Indiana Math and Science Academy - North,INDIANA MATH AND SCIENCE ACADEMY NORTH,1,perc,Academic Personalism,Supportive Environment (grades 4-8)/Supplemental (grades 9-12),Student,28
2026,IN,Indiana Math and Science Academy - West,INDIANA MATH AND SCIENCE ACADEMY WEST,1,perc,Academic Personalism,Supportive Environment (grades 4-8)/Supplemental (grades 9-12),Student,42
2026,MI,Michigan Math and Science Academy - Dequindre,MICHIGAN MATH AND SCIENCE ACADEMY DEQUINDRE,1,perc,Academic Personalism,Supportive Environment (grades 4-8)/Supplemental (grades 9-12),Student,28
2026,MI,Michigan Math and Science Academy - Lorraine,MICHIGAN MATH AND SCIENCE ACADEMY LORRAINE,8,perc,Academic Personalism,Supportive Environment (grades 4-8)/Supplemental (grades 9-12),Student,35
2026,MN,Minnesota Math and Science Academy,MINNESOTA MATH AND SCIENCE ACADEMY,1,perc,Academic Personalism,Supportive Environment (grades 4-8)/Supplemental (grades 9-12),Student,40
2026,Columbus,Noble Academy Columbus,NOBLE ACADEMY COLUMBUS,1,perc,Academic Personalism,Supportive Environment (grades 4-8)/Supplemental (grades 9-12),Student,48
2026,NO,Noble Academy Euclid,NOBLE ACADEMY EUCLID,1,perc,Academic Personalism,Supportive Environment (grades 4-8)/Supplemental (grades 9-12),Student,37
2026,MO,Gateway Science Academy - Smiley,GATEWAY SCIENCE ACADEMY SMILEY,8,pres,Academic Press,Ambitious Instruction,Student,28
2026,MO,Gateway Science Academy - South,GATEWAY SCIENCE ACADEMY SOUTH,8,pres,Academic Press,Ambitious Instruction,Student,25
2026,MO,Gateway Science Academy High - Fyler,GATEWAY SCIENCE ACADEMY HIGH FYLER,2,pres,Academic Press,Ambitious Instruction,Student,35
2026,MO,Gateway Science Academy Middle - Fyler,GATEWAY SCIENCE ACADEMY MIDDLE FYLER,9,pres,Academic Press,Ambitious Instruction,Student,28
2026,DC,Horizon Science Academy - Cincinnati,HORIZON SCIENCE ACADEMY CINCINNATI,1,pres,Academic Press,Ambitious Instruction,Student,34
2026,NO,Horizon Science Academy - Cleveland Elementary,HORIZON SCIENCE ACADEMY CLEVELAND ELEMENTARY,1,pres,Academic Press,Ambitious Instruction,Student,28
2026,NO,Horizon Science Academy - Cleveland High,HORIZON SCIENCE ACADEMY CLEVELAND HIGH,2,pres,Academic Press,Ambitious Instruction,Student,47
2026,Columbus,Horizon Science Academy - Columbus Elementary,HORIZON SCIENCE ACADEMY COLUMBUS ELEMENTARY,8,pres,Academic Press,Ambitious Instruction,Student,43
2026,Columbus,Horizon Science Academy - Columbus High Morse,HORIZON SCIENCE ACADEMY COLUMBUS HIGH MORSE,2,pres,Academic Press,Ambitious Instruction,Student,45
2026,Columbus,Horizon Science Academy - Columbus High Westerville,HORIZON SCIENCE ACADEMY COLUMBUS HIGH WESTERVILLE,2,pres,Academic Press,Ambitious Instruction,Student,63
2026,Columbus,Horizon Science Academy - Columbus Middle,HORIZON SCIENCE ACADEMY COLUMBUS MIDDLE,9,pres,Academic Press,Ambitious Instruction,Student,34
2026,DC,Horizon Science Academy - Dayton Downtown,HORIZON SCIENCE ACADEMY DAYTON DOWNTOWN,1,pres,Academic Press,Ambitious Instruction,Student,15
2026,DC,Horizon Science Academy - Dayton Elementary,HORIZON SCIENCE ACADEMY DAYTON ELEMENTARY,8,pres,Academic Press,Ambitious Instruction,Student,57
2026,DC,Horizon Science Academy - Dayton High,HORIZON SCIENCE ACADEMY DAYTON HIGH,2,pres,Academic Press,Ambitious Instruction,Student,60
2026,,Horizon Science Academy - Denison,HORIZON SCIENCE ACADEMY DENISON,1,pres,Academic Press,Ambitious Instruction,Student,36
2026,IA,Horizon Science Academy - Des Moines,HORIZON SCIENCE ACADEMY DES MOINES,8,pres,Academic Press,Ambitious Instruction,Student,41
2026,,Horizon Science Academy - Lorain,HORIZON SCIENCE ACADEMY LORAIN,1,pres,Academic Press,Ambitious Instruction,Student,26
2026,,Horizon Science Academy - New Bedford,HORIZON SCIENCE ACADEMY NEW BEDFORD,1,pres,Academic Press,Ambitious Instruction,Student,38
2026,,Horizon Science Academy - Springfield,HORIZON SCIENCE ACADEMY SPRINGFIELD,1,pres,Academic Press,Ambitious Instruction,Student,37
2026,,Horizon Science Academy - Toledo,HORIZON SCIENCE ACADEMY TOLEDO,1,pres,Academic Press,Ambitious Instruction,Student,27
2026,MN,Horizon Science Academy - Twin Cities,HORIZON SCIENCE ACADEMY TWIN CITIES,1,pres,Academic Press,Ambitious Instruction,Student,45
2026,,Horizon Science Academy - Westerville,HORIZON SCIENCE ACADEMY WESTERVILLE,1,pres,Academic Press,Ambitious Instruction,Student,57
2026,,Horizon Science Academy - Youngstown,HORIZON SCIENCE ACADEMY YOUNGSTOWN,1,pres,Academic Press,Ambitious Instruction,Student,38
2026,IN,Indiana Math and Science Academy - North,INDIANA MATH AND SCIENCE ACADEMY NORTH,1,pres,Academic Press,Ambitious Instruction,Student,36
2026,IN,Indiana Math and Science Academy - West,INDIANA MATH AND SCIENCE ACADEMY WEST,1,pres,Academic Press,Ambitious Instruction,Student,38
2026,MI,Michigan Math and Science Academy - Dequindre,MICHIGAN MATH AND SCIENCE ACADEMY DEQUINDRE,1,pres,Academic Press,Ambitious Instruction,Student,34
2026,MI,Michigan Math and Science Academy - Lorraine,MICHIGAN MATH AND SCIENCE ACADEMY LORRAINE,8,pres,Academic Press,Ambitious Instruction,Student,62
2026,MN,Minnesota Math and Science Academy,MINNESOTA MATH AND SCIENCE ACADEMY,1,pres,Academic Press,Ambitious Instruction,Student,32
2026,Columbus,Noble Academy Columbus,NOBLE ACADEMY COLUMBUS,1,pres,Academic Press,Ambitious Instruction,Student,49
2026,NO,Noble Academy Euclid,NOBLE ACADEMY EUCLID,1,pres,Academic Press,Ambitious Instruction,Student,35
2026,MO,Gateway Science Academy High - Fyler,GATEWAY SCIENCE ACADEMY HIGH FYLER,2,prs2,Parent Supportiveness,Supplemental (grades 6-12),Student,26
2026,MO,Gateway Science Academy Middle - Fyler,GATEWAY SCIENCE ACADEMY MIDDLE FYLER,9,prs2,Parent Supportiveness,Supplemental (grades 6-12),Student,27
2026,DC,Horizon Science Academy - Cincinnati,HORIZON SCIENCE ACADEMY CINCINNATI,1,prs2,Parent Supportiveness,Supplemental (grades 6-12),Student,52
2026,NO,Horizon Science Academy - Cleveland Elementary,HORIZON SCIENCE ACADEMY CLEVELAND ELEMENTARY,1,prs2,Parent Supportiveness,Supplemental (grades 6-12),Student,17
2026,NO,Horizon Science Academy - Cleveland High,HORIZON SCIENCE ACADEMY CLEVELAND HIGH,2,prs2,Parent Supportiveness,Supplemental (grades 6-12),Student,47
2026,Columbus,Horizon Science Academy - Columbus High Morse,HORIZON SCIENCE ACADEMY COLUMBUS HIGH MORSE,2,prs2,Parent Supportiveness,Supplemental (grades 6-12),Student,44
2026,Columbus,Horizon Science Academy - Columbus High Westerville,HORIZON SCIENCE ACADEMY COLUMBUS HIGH WESTERVILLE,2,prs2,Parent Supportiveness,Supplemental (grades 6-12),Student,58
2026,Columbus,Horizon Science Academy - Columbus Middle,HORIZON SCIENCE ACADEMY COLUMBUS MIDDLE,9,prs2,Parent Supportiveness,Supplemental (grades 6-12),Student,39
2026,DC,Horizon Science Academy - Dayton Downtown,HORIZON SCIENCE ACADEMY DAYTON DOWNTOWN,1,prs2,Parent Supportiveness,Supplemental (grades 6-12),Student,13
2026,DC,Horizon Science Academy - Dayton High,HORIZON SCIENCE ACADEMY DAYTON HIGH,2,prs2,Parent Supportiveness,Supplemental (grades 6-12),Student,40
2026,,Horizon Science Academy - Denison,HORIZON SCIENCE ACADEMY DENISON,1,prs2,Parent Supportiveness,Supplemental (grades 6-12),Student,51
2026,,Horizon Science Academy - Lorain,HORIZON SCIENCE ACADEMY LORAIN,1,prs2,Parent Supportiveness,Supplemental (grades 6-12),Student,36
2026,,Horizon Science Academy - New Bedford,HORIZON SCIENCE ACADEMY NEW BEDFORD,1,prs2,Parent Supportiveness,Supplemental (grades 6-12),Student,77
2026,,Horizon Science Academy - Springfield,HORIZON SCIENCE ACADEMY SPRINGFIELD,1,prs2,Parent Supportiveness,Supplemental (grades 6-12),Student,54
2026,,Horizon Science Academy - Toledo,HORIZON SCIENCE ACADEMY TOLEDO,1,prs2,Parent Supportiveness,Supplemental (grades 6-12),Student,29
2026,MN,Horizon Science Academy - Twin Cities,HORIZON SCIENCE ACADEMY TWIN CITIES,1,prs2,Parent Supportiveness,Supplemental (grades 6-12),Student,82
2026,,Horizon Science Academy - Youngstown,HORIZON SCIENCE ACADEMY YOUNGSTOWN,1,prs2,Parent Supportiveness,Supplemental (grades 6-12),Student,22
2026,IN,Indiana Math and Science Academy - North,INDIANA MATH AND SCIENCE ACADEMY NORTH,1,prs2,Parent Supportiveness,Supplemental (grades 6-12),Student,37
2026,IN,Indiana Math and Science Academy - West,INDIANA MATH AND SCIENCE ACADEMY WEST,1,prs2,Parent Supportiveness,Supplemental (grades 6-12),Student,24
2026,MI,Michigan Math and Science Academy - Dequindre,MICHIGAN MATH AND SCIENCE ACADEMY DEQUINDRE,1,prs2,Parent Supportiveness,Supplemental (grades 6-12),Student,38
2026,MN,Minnesota Math and Science Academy,MINNESOTA MATH AND SCIENCE ACADEMY,1,prs2,Parent Supportiveness,Supplemental (grades 6-12),Student,59
2026,Columbus,Noble Academy Columbus,NOBLE ACADEMY COLUMBUS,1,prs2,Parent Supportiveness,Supplemental (grades 6-12),Student,52
2026,NO,Noble Academy Euclid,NOBLE ACADEMY EUCLID,1,prs2,Parent Supportiveness,Supplemental (grades 6-12),Student,46
2026,MO,Gateway Science Academy - Smiley,GATEWAY SCIENCE ACADEMY SMILEY,8,rigr,Classroom Rigor,Supplemental,Student,27
2026,MO,Gateway Science Academy - South,GATEWAY SCIENCE ACADEMY SOUTH,8,rigr,Classroom Rigor,Supplemental,Student,34
2026,MO,Gateway Science Academy High - Fyler,GATEWAY SCIENCE ACADEMY HIGH FYLER,2,rigr,Classroom Rigor,Supplemental,Student,31
2026,MO,Gateway Science Academy Middle - Fyler,GATEWAY SCIENCE ACADEMY MIDDLE FYLER,9,rigr,Classroom Rigor,Supplemental,Student,31
2026,DC,Horizon Science Academy - Cincinnati,HORIZON SCIENCE ACADEMY CINCINNATI,1,rigr,Classroom Rigor,Supplemental,Student,36
2026,NO,Horizon Science Academy - Cleveland Elementary,HORIZON SCIENCE ACADEMY CLEVELAND ELEMENTARY,1,rigr,Classroom Rigor,Supplemental,Student,19
2026,NO,Horizon Science Academy - Cleveland High,HORIZON SCIENCE ACADEMY CLEVELAND HIGH,2,rigr,Classroom Rigor,Supplemental,Student,45
2026,Columbus,Horizon Science Academy - Columbus Elementary,HORIZON SCIENCE ACADEMY COLUMBUS ELEMENTARY,8,rigr,Classroom Rigor,Supplemental,Student,35
2026,Columbus,Horizon Science Academy - Columbus High Morse,HORIZON SCIENCE ACADEMY COLUMBUS HIGH MORSE,2,rigr,Classroom Rigor,Supplemental,Student,52
2026,Columbus,Horizon Science Academy - Columbus High Westerville,HORIZON SCIENCE ACADEMY COLUMBUS HIGH WESTERVILLE,2,rigr,Classroom Rigor,Supplemental,Student,72
2026,Columbus,Horizon Science Academy - Columbus Middle,HORIZON SCIENCE ACADEMY COLUMBUS MIDDLE,9,rigr,Classroom Rigor,Supplemental,Student,36
2026,DC,Horizon Science Academy - Dayton Downtown,HORIZON SCIENCE ACADEMY DAYTON DOWNTOWN,1,rigr,Classroom Rigor,Supplemental,Student,8
2026,DC,Horizon Science Academy - Dayton Elementary,HORIZON SCIENCE ACADEMY DAYTON ELEMENTARY,8,rigr,Classroom Rigor,Supplemental,Student,29
2026,DC,Horizon Science Academy - Dayton High,HORIZON SCIENCE ACADEMY DAYTON HIGH,2,rigr,Classroom Rigor,Supplemental,Student,63
2026,,Horizon Science Academy - Denison,HORIZON SCIENCE ACADEMY DENISON,1,rigr,Classroom Rigor,Supplemental,Student,26
2026,IA,Horizon Science Academy - Des Moines,HORIZON SCIENCE ACADEMY DES MOINES,8,rigr,Classroom Rigor,Supplemental,Student,42
2026,,Horizon Science Academy - Lorain,HORIZON SCIENCE ACADEMY LORAIN,1,rigr,Classroom Rigor,Supplemental,Student,26
2026,,Horizon Science Academy - New Bedford,HORIZON SCIENCE ACADEMY NEW BEDFORD,1,rigr,Classroom Rigor,Supplemental,Student,56
2026,,Horizon Science Academy - Springfield,HORIZON SCIENCE ACADEMY SPRINGFIELD,1,rigr,Classroom Rigor,Supplemental,Student,44
2026,,Horizon Science Academy - Toledo,HORIZON SCIENCE ACADEMY TOLEDO,1,rigr,Classroom Rigor,Supplemental,Student,25
2026,MN,Horizon Science Academy - Twin Cities,HORIZON SCIENCE ACADEMY TWIN CITIES,1,rigr,Classroom Rigor,Supplemental,Student,50
2026,,Horizon Science Academy - Westerville,HORIZON SCIENCE ACADEMY WESTERVILLE,1,rigr,Classroom Rigor,Supplemental,Student,68
2026,,Horizon Science Academy - Youngstown,HORIZON SCIENCE ACADEMY YOUNGSTOWN,1,rigr,Classroom Rigor,Supplemental,Student,20
2026,IN,Indiana Math and Science Academy - North,INDIANA MATH AND SCIENCE ACADEMY NORTH,1,rigr,Classroom Rigor,Supplemental,Student,30
2026,IN,Indiana Math and Science Academy - West,INDIANA MATH AND SCIENCE ACADEMY WEST,1,rigr,Classroom Rigor,Supplemental,Student,43
2026,MI,Michigan Math and Science Academy - Dequindre,MICHIGAN MATH AND SCIENCE ACADEMY DEQUINDRE,1,rigr,Classroom Rigor,Supplemental,Student,35
2026,MI,Michigan Math and Science Academy - Lorraine,MICHIGAN MATH AND SCIENCE ACADEMY LORRAINE,8,rigr,Classroom Rigor,Supplemental,Student,50
2026,MN,Minnesota Math and Science Academy,MINNESOTA MATH AND SCIENCE ACADEMY,1,rigr,Classroom Rigor,Supplemental,Student,40
2026,Columbus,Noble Academy Columbus,NOBLE ACADEMY COLUMBUS,1,rigr,Classroom Rigor,Supplemental,Student,54
2026,NO,Noble Academy Euclid,NOBLE ACADEMY EUCLID,1,rigr,Classroom Rigor,Supplemental,Student,29
2026,MO,Gateway Science Academy - Smiley,GATEWAY SCIENCE ACADEMY SMILEY,8,safe1,Safety,Supportive Environment,Student,42
2026,MO,Gateway Science Academy - South,GATEWAY SCIENCE ACADEMY SOUTH,8,safe1,Safety,Supportive Environment,Student,39
2026,MO,Gateway Science Academy High - Fyler,GATEWAY SCIENCE ACADEMY HIGH FYLER,2,safe1,Safety,Supportive Environment,Student,33
2026,MO,Gateway Science Academy Middle - Fyler,GATEWAY SCIENCE ACADEMY MIDDLE FYLER,9,safe1,Safety,Supportive Environment,Student,28
2026,DC,Horizon Science Academy - Cincinnati,HORIZON SCIENCE ACADEMY CINCINNATI,1,safe1,Safety,Supportive Environment,Student,38
2026,NO,Horizon Science Academy - Cleveland Elementary,HORIZON SCIENCE ACADEMY CLEVELAND ELEMENTARY,1,safe1,Safety,Supportive Environment,Student,14
2026,NO,Horizon Science Academy - Cleveland High,HORIZON SCIENCE ACADEMY CLEVELAND HIGH,2,safe1,Safety,Supportive Environment,Student,39
2026,Columbus,Horizon Science Academy - Columbus Elementary,HORIZON SCIENCE ACADEMY COLUMBUS ELEMENTARY,8,safe1,Safety,Supportive Environment,Student,26
2026,Columbus,Horizon Science Academy - Columbus High Morse,HORIZON SCIENCE ACADEMY COLUMBUS HIGH MORSE,2,safe1,Safety,Supportive Environment,Student,39
2026,Columbus,Horizon Science Academy - Columbus High Westerville,HORIZON SCIENCE ACADEMY COLUMBUS HIGH WESTERVILLE,2,safe1,Safety,Supportive Environment,Student,62
2026,Columbus,Horizon Science Academy - Columbus Middle,HORIZON SCIENCE ACADEMY COLUMBUS MIDDLE,9,safe1,Safety,Supportive Environment,Student,33
2026,DC,Horizon Science Academy - Dayton Downtown,HORIZON SCIENCE ACADEMY DAYTON DOWNTOWN,1,safe1,Safety,Supportive Environment,Student,16
2026,DC,Horizon Science Academy - Dayton Elementary,HORIZON SCIENCE ACADEMY DAYTON ELEMENTARY,8,safe1,Safety,Supportive Environment,Student,7
2026,DC,Horizon Science Academy - Dayton High,HORIZON SCIENCE ACADEMY DAYTON HIGH,2,safe1,Safety,Supportive Environment,Student,40
2026,,Horizon Science Academy - Denison,HORIZON SCIENCE ACADEMY DENISON,1,safe1,Safety,Supportive Environment,Student,34
2026,IA,Horizon Science Academy - Des Moines,HORIZON SCIENCE ACADEMY DES MOINES,8,safe1,Safety,Supportive Environment,Student,32
2026,,Horizon Science Academy - Lorain,HORIZON SCIENCE ACADEMY LORAIN,1,safe1,Safety,Supportive Environment,Student,41
2026,,Horizon Science Academy - New Bedford,HORIZON SCIENCE ACADEMY NEW BEDFORD,1,safe1,Safety,Supportive Environment,Student,66
2026,,Horizon Science Academy - Springfield,HORIZON SCIENCE ACADEMY SPRINGFIELD,1,safe1,Safety,Supportive Environment,Student,31
2026,,Horizon Science Academy - Toledo,HORIZON SCIENCE ACADEMY TOLEDO,1,safe1,Safety,Supportive Environment,Student,31
2026,MN,Horizon Science Academy - Twin Cities,HORIZON SCIENCE ACADEMY TWIN CITIES,1,safe1,Safety,Supportive Environment,Student,48
2026,,Horizon Science Academy - Westerville,HORIZON SCIENCE ACADEMY WESTERVILLE,1,safe1,Safety,Supportive Environment,Student,62
2026,,Horizon Science Academy - Youngstown,HORIZON SCIENCE ACADEMY YOUNGSTOWN,1,safe1,Safety,Supportive Environment,Student,16
2026,IN,Indiana Math and Science Academy - North,INDIANA MATH AND SCIENCE ACADEMY NORTH,1,safe1,Safety,Supportive Environment,Student,34
2026,IN,Indiana Math and Science Academy - West,INDIANA MATH AND SCIENCE ACADEMY WEST,1,safe1,Safety,Supportive Environment,Student,33
2026,MI,Michigan Math and Science Academy - Dequindre,MICHIGAN MATH AND SCIENCE ACADEMY DEQUINDRE,1,safe1,Safety,Supportive Environment,Student,28
2026,MI,Michigan Math and Science Academy - Lorraine,MICHIGAN MATH AND SCIENCE ACADEMY LORRAINE,8,safe1,Safety,Supportive Environment,Student,30
2026,MN,Minnesota Math and Science Academy,MINNESOTA MATH AND SCIENCE ACADEMY,1,safe1,Safety,Supportive Environment,Student,43
2026,Columbus,Noble Academy Columbus,NOBLE ACADEMY COLUMBUS,1,safe1,Safety,Supportive Environment,Student,60
2026,NO,Noble Academy Euclid,NOBLE ACADEMY EUCLID,1,safe1,Safety,Supportive Environment,Student,36
2026,MO,Gateway Science Academy High - Fyler,GATEWAY SCIENCE ACADEMY HIGH FYLER,2,scie,Inquiry-Based Science Instruction,Supplemental,Student,41
2026,MO,Gateway Science Academy Middle - Fyler,GATEWAY SCIENCE ACADEMY MIDDLE FYLER,9,scie,Inquiry-Based Science Instruction,Supplemental,Student,37
2026,DC,Horizon Science Academy - Cincinnati,HORIZON SCIENCE ACADEMY CINCINNATI,1,scie,Inquiry-Based Science Instruction,Supplemental,Student,41
2026,NO,Horizon Science Academy - Cleveland Elementary,HORIZON SCIENCE ACADEMY CLEVELAND ELEMENTARY,1,scie,Inquiry-Based Science Instruction,Supplemental,Student,45
2026,NO,Horizon Science Academy - Cleveland High,HORIZON SCIENCE ACADEMY CLEVELAND HIGH,2,scie,Inquiry-Based Science Instruction,Supplemental,Student,29
2026,Columbus,Horizon Science Academy - Columbus High Morse,HORIZON SCIENCE ACADEMY COLUMBUS HIGH MORSE,2,scie,Inquiry-Based Science Instruction,Supplemental,Student,55
2026,Columbus,Horizon Science Academy - Columbus High Westerville,HORIZON SCIENCE ACADEMY COLUMBUS HIGH WESTERVILLE,2,scie,Inquiry-Based Science Instruction,Supplemental,Student,62
2026,Columbus,Horizon Science Academy - Columbus Middle,HORIZON SCIENCE ACADEMY COLUMBUS MIDDLE,9,scie,Inquiry-Based Science Instruction,Supplemental,Student,27
2026,DC,Horizon Science Academy - Dayton Downtown,HORIZON SCIENCE ACADEMY DAYTON DOWNTOWN,1,scie,Inquiry-Based Science Instruction,Supplemental,Student,33
2026,DC,Horizon Science Academy - Dayton High,HORIZON SCIENCE ACADEMY DAYTON HIGH,2,scie,Inquiry-Based Science Instruction,Supplemental,Student,58
2026,,Horizon Science Academy - Denison,HORIZON SCIENCE ACADEMY DENISON,1,scie,Inquiry-Based Science Instruction,Supplemental,Student,49
2026,,Horizon Science Academy - Lorain,HORIZON SCIENCE ACADEMY LORAIN,1,scie,Inquiry-Based Science Instruction,Supplemental,Student,39
2026,,Horizon Science Academy - New Bedford,HORIZON SCIENCE ACADEMY NEW BEDFORD,1,scie,Inquiry-Based Science Instruction,Supplemental,Student,61
2026,,Horizon Science Academy - Springfield,HORIZON SCIENCE ACADEMY SPRINGFIELD,1,scie,Inquiry-Based Science Instruction,Supplemental,Student,49
2026,,Horizon Science Academy - Toledo,HORIZON SCIENCE ACADEMY TOLEDO,1,scie,Inquiry-Based Science Instruction,Supplemental,Student,31
2026,MN,Horizon Science Academy - Twin Cities,HORIZON SCIENCE ACADEMY TWIN CITIES,1,scie,Inquiry-Based Science Instruction,Supplemental,Student,49
2026,,Horizon Science Academy - Youngstown,HORIZON SCIENCE ACADEMY YOUNGSTOWN,1,scie,Inquiry-Based Science Instruction,Supplemental,Student,34
2026,IN,Indiana Math and Science Academy - North,INDIANA MATH AND SCIENCE ACADEMY NORTH,1,scie,Inquiry-Based Science Instruction,Supplemental,Student,48
2026,IN,Indiana Math and Science Academy - West,INDIANA MATH AND SCIENCE ACADEMY WEST,1,scie,Inquiry-Based Science Instruction,Supplemental,Student,57
2026,MI,Michigan Math and Science Academy - Dequindre,MICHIGAN MATH AND SCIENCE ACADEMY DEQUINDRE,1,scie,Inquiry-Based Science Instruction,Supplemental,Student,40
2026,MN,Minnesota Math and Science Academy,MINNESOTA MATH AND SCIENCE ACADEMY,1,scie,Inquiry-Based Science Instruction,Supplemental,Student,44
2026,Columbus,Noble Academy Columbus,NOBLE ACADEMY COLUMBUS,1,scie,Inquiry-Based Science Instruction,Supplemental,Student,56
2026,NO,Noble Academy Euclid,NOBLE ACADEMY EUCLID,1,scie,Inquiry-Based Science Instruction,Supplemental,Student,45
2026,MO,Gateway Science Academy High - Fyler,GATEWAY SCIENCE ACADEMY HIGH FYLER,2,slap,School-Wide Future Orientation,Supportive Environment (grades 9-12),Student,41
2026,NO,Horizon Science Academy - Cleveland High,HORIZON SCIENCE ACADEMY CLEVELAND HIGH,2,slap,School-Wide Future Orientation,Supportive Environment (grades 9-12),Student,51
2026,Columbus,Horizon Science Academy - Columbus High Morse,HORIZON SCIENCE ACADEMY COLUMBUS HIGH MORSE,2,slap,School-Wide Future Orientation,Supportive Environment (grades 9-12),Student,59
2026,Columbus,Horizon Science Academy - Columbus High Westerville,HORIZON SCIENCE ACADEMY COLUMBUS HIGH WESTERVILLE,2,slap,School-Wide Future Orientation,Supportive Environment (grades 9-12),Student,75
2026,DC,Horizon Science Academy - Dayton High,HORIZON SCIENCE ACADEMY DAYTON HIGH,2,slap,School-Wide Future Orientation,Supportive Environment (grades 9-12),Student,57
2026,MO,Gateway Science Academy - Smiley,GATEWAY SCIENCE ACADEMY SMILEY,8,stdy,Rigorous Study Habits,Supplemental,Student,35
2026,MO,Gateway Science Academy - South,GATEWAY SCIENCE ACADEMY SOUTH,8,stdy,Rigorous Study Habits,Supplemental,Student,34
2026,MO,Gateway Science Academy High - Fyler,GATEWAY SCIENCE ACADEMY HIGH FYLER,2,stdy,Rigorous Study Habits,Supplemental,Student,47
2026,MO,Gateway Science Academy Middle - Fyler,GATEWAY SCIENCE ACADEMY MIDDLE FYLER,9,stdy,Rigorous Study Habits,Supplemental,Student,38
2026,DC,Horizon Science Academy - Cincinnati,HORIZON SCIENCE ACADEMY CINCINNATI,1,stdy,Rigorous Study Habits,Supplemental,Student,48
2026,NO,Horizon Science Academy - Cleveland Elementary,HORIZON SCIENCE ACADEMY CLEVELAND ELEMENTARY,1,stdy,Rigorous Study Habits,Supplemental,Student,16
2026,NO,Horizon Science Academy - Cleveland High,HORIZON SCIENCE ACADEMY CLEVELAND HIGH,2,stdy,Rigorous Study Habits,Supplemental,Student,42
2026,Columbus,Horizon Science Academy - Columbus Elementary,HORIZON SCIENCE ACADEMY COLUMBUS ELEMENTARY,8,stdy,Rigorous Study Habits,Supplemental,Student,27
2026,Columbus,Horizon Science Academy - Columbus High Morse,HORIZON SCIENCE ACADEMY COLUMBUS HIGH MORSE,2,stdy,Rigorous Study Habits,Supplemental,Student,63
2026,Columbus,Horizon Science Academy - Columbus High Westerville,HORIZON SCIENCE ACADEMY COLUMBUS HIGH WESTERVILLE,2,stdy,Rigorous Study Habits,Supplemental,Student,95
2026,Columbus,Horizon Science Academy - Columbus Middle,HORIZON SCIENCE ACADEMY COLUMBUS MIDDLE,9,stdy,Rigorous Study Habits,Supplemental,Student,44
2026,DC,Horizon Science Academy - Dayton Downtown,HORIZON SCIENCE ACADEMY DAYTON DOWNTOWN,1,stdy,Rigorous Study Habits,Supplemental,Student,20
2026,DC,Horizon Science Academy - Dayton Elementary,HORIZON SCIENCE ACADEMY DAYTON ELEMENTARY,8,stdy,Rigorous Study Habits,Supplemental,Student,37
2026,DC,Horizon Science Academy - Dayton High,HORIZON SCIENCE ACADEMY DAYTON HIGH,2,stdy,Rigorous Study Habits,Supplemental,Student,55
2026,,Horizon Science Academy - Denison,HORIZON SCIENCE ACADEMY DENISON,1,stdy,Rigorous Study Habits,Supplemental,Student,35
2026,IA,Horizon Science Academy - Des Moines,HORIZON SCIENCE ACADEMY DES MOINES,8,stdy,Rigorous Study Habits,Supplemental,Student,24
2026,,Horizon Science Academy - Lorain,HORIZON SCIENCE ACADEMY LORAIN,1,stdy,Rigorous Study Habits,Supplemental,Student,25
2026,,Horizon Science Academy - New Bedford,HORIZON SCIENCE ACADEMY NEW BEDFORD,1,stdy,Rigorous Study Habits,Supplemental,Student,62
2026,,Horizon Science Academy - Springfield,HORIZON SCIENCE ACADEMY SPRINGFIELD,1,stdy,Rigorous Study Habits,Supplemental,Student,32
2026,,Horizon Science Academy - Toledo,HORIZON SCIENCE ACADEMY TOLEDO,1,stdy,Rigorous Study Habits,Supplemental,Student,23
2026,MN,Horizon Science Academy - Twin Cities,HORIZON SCIENCE ACADEMY TWIN CITIES,1,stdy,Rigorous Study Habits,Supplemental,Student,59
2026,,Horizon Science Academy - Westerville,HORIZON SCIENCE ACADEMY WESTERVILLE,1,stdy,Rigorous Study Habits,Supplemental,Student,71
2026,,Horizon Science Academy - Youngstown,HORIZON SCIENCE ACADEMY YOUNGSTOWN,1,stdy,Rigorous Study Habits,Supplemental,Student,15
2026,IN,Indiana Math and Science Academy - North,INDIANA MATH AND SCIENCE ACADEMY NORTH,1,stdy,Rigorous Study Habits,Supplemental,Student,33
2026,IN,Indiana Math and Science Academy - West,INDIANA MATH AND SCIENCE ACADEMY WEST,1,stdy,Rigorous Study Habits,Supplemental,Student,49
2026,MI,Michigan Math and Science Academy - Dequindre,MICHIGAN MATH AND SCIENCE ACADEMY DEQUINDRE,1,stdy,Rigorous Study Habits,Supplemental,Student,35
2026,MI,Michigan Math and Science Academy - Lorraine,MICHIGAN MATH AND SCIENCE ACADEMY LORRAINE,8,stdy,Rigorous Study Habits,Supplemental,Student,44
2026,MN,Minnesota Math and Science Academy,MINNESOTA MATH AND SCIENCE ACADEMY,1,stdy,Rigorous Study Habits,Supplemental,Student,52
2026,Columbus,Noble Academy Columbus,NOBLE ACADEMY COLUMBUS,1,stdy,Rigorous Study Habits,Supplemental,Student,52
2026,NO,Noble Academy Euclid,NOBLE ACADEMY EUCLID,1,stdy,Rigorous Study Habits,Supplemental,Student,52
2026,MO,Gateway Science Academy - Smiley,GATEWAY SCIENCE ACADEMY SMILEY,8,trts,Student-Teacher Trust,Supportive Environment,Student,26
2026,MO,Gateway Science Academy - South,GATEWAY SCIENCE ACADEMY SOUTH,8,trts,Student-Teacher Trust,Supportive Environment,Student,33
2026,MO,Gateway Science Academy High - Fyler,GATEWAY SCIENCE ACADEMY HIGH FYLER,2,trts,Student-Teacher Trust,Supportive Environment,Student,23
2026,MO,Gateway Science Academy Middle - Fyler,GATEWAY SCIENCE ACADEMY MIDDLE FYLER,9,trts,Student-Teacher Trust,Supportive Environment,Student,26
2026,DC,Horizon Science Academy - Cincinnati,HORIZON SCIENCE ACADEMY CINCINNATI,1,trts,Student-Teacher Trust,Supportive Environment,Student,35
2026,NO,Horizon Science Academy - Cleveland Elementary,HORIZON SCIENCE ACADEMY CLEVELAND ELEMENTARY,1,trts,Student-Teacher Trust,Supportive Environment,Student,1
2026,NO,Horizon Science Academy - Cleveland High,HORIZON SCIENCE ACADEMY CLEVELAND HIGH,2,trts,Student-Teacher Trust,Supportive Environment,Student,40
2026,Columbus,Horizon Science Academy - Columbus Elementary,HORIZON SCIENCE ACADEMY COLUMBUS ELEMENTARY,8,trts,Student-Teacher Trust,Supportive Environment,Student,22
2026,Columbus,Horizon Science Academy - Columbus High Morse,HORIZON SCIENCE ACADEMY COLUMBUS HIGH MORSE,2,trts,Student-Teacher Trust,Supportive Environment,Student,42
2026,Columbus,Horizon Science Academy - Columbus High Westerville,HORIZON SCIENCE ACADEMY COLUMBUS HIGH WESTERVILLE,2,trts,Student-Teacher Trust,Supportive Environment,Student,68
2026,Columbus,Horizon Science Academy - Columbus Middle,HORIZON SCIENCE ACADEMY COLUMBUS MIDDLE,9,trts,Student-Teacher Trust,Supportive Environment,Student,30
2026,DC,Horizon Science Academy - Dayton Downtown,HORIZON SCIENCE ACADEMY DAYTON DOWNTOWN,1,trts,Student-Teacher Trust,Supportive Environment,Student,4
2026,DC,Horizon Science Academy - Dayton Elementary,HORIZON SCIENCE ACADEMY DAYTON ELEMENTARY,8,trts,Student-Teacher Trust,Supportive Environment,Student,3
2026,DC,Horizon Science Academy - Dayton High,HORIZON SCIENCE ACADEMY DAYTON HIGH,2,trts,Student-Teacher Trust,Supportive Environment,Student,42
2026,,Horizon Science Academy - Denison,HORIZON SCIENCE ACADEMY DENISON,1,trts,Student-Teacher Trust,Supportive Environment,Student,32
2026,IA,Horizon Science Academy - Des Moines,HORIZON SCIENCE ACADEMY DES MOINES,8,trts,Student-Teacher Trust,Supportive Environment,Student,37
2026,,Horizon Science Academy - Lorain,HORIZON SCIENCE ACADEMY LORAIN,1,trts,Student-Teacher Trust,Supportive Environment,Student,23
2026,,Horizon Science Academy - New Bedford,HORIZON SCIENCE ACADEMY NEW BEDFORD,1,trts,Student-Teacher Trust,Supportive Environment,Student,57
2026,,Horizon Science Academy - Springfield,HORIZON SCIENCE ACADEMY SPRINGFIELD,1,trts,Student-Teacher Trust,Supportive Environment,Student,26
2026,,Horizon Science Academy - Toledo,HORIZON SCIENCE ACADEMY TOLEDO,1,trts,Student-Teacher Trust,Supportive Environment,Student,22
2026,MN,Horizon Science Academy - Twin Cities,HORIZON SCIENCE ACADEMY TWIN CITIES,1,trts,Student-Teacher Trust,Supportive Environment,Student,37
2026,,Horizon Science Academy - Westerville,HORIZON SCIENCE ACADEMY WESTERVILLE,1,trts,Student-Teacher Trust,Supportive Environment,Student,65
2026,,Horizon Science Academy - Youngstown,HORIZON SCIENCE ACADEMY YOUNGSTOWN,1,trts,Student-Teacher Trust,Supportive Environment,Student,10
2026,IN,Indiana Math and Science Academy - North,INDIANA MATH AND SCIENCE ACADEMY NORTH,1,trts,Student-Teacher Trust,Supportive Environment,Student,25
2026,IN,Indiana Math and Science Academy - West,INDIANA MATH AND SCIENCE ACADEMY WEST,1,trts,Student-Teacher Trust,Supportive Environment,Student,29
2026,MI,Michigan Math and Science Academy - Dequindre,MICHIGAN MATH AND SCIENCE ACADEMY DEQUINDRE,1,trts,Student-Teacher Trust,Supportive Environment,Student,18
2026,MI,Michigan Math and Science Academy - Lorraine,MICHIGAN MATH AND SCIENCE ACADEMY LORRAINE,8,trts,Student-Teacher Trust,Supportive Environment,Student,24
2026,MN,Minnesota Math and Science Academy,MINNESOTA MATH AND SCIENCE ACADEMY,1,trts,Student-Teacher Trust,Supportive Environment,Student,33
2026,Columbus,Noble Academy Columbus,NOBLE ACADEMY COLUMBUS,1,trts,Student-Teacher Trust,Supportive Environment,Student,48
2026,NO,Noble Academy Euclid,NOBLE ACADEMY EUCLID,1,trts,Student-Teacher Trust,Supportive Environment,Student,27
